
Dew Line Calculations
Phase stability calculation to find initial guesses Temperature and Liquid Molar Fraction

Starting Dew Line (beta = 1) calculations

Iteration: 0
Index of specified variable before Newton's method: 25
Temperature before Newton's method: 2.43000e+02 K
Pressure before Newton's method: 1.01325e+05 Pa
Interpolation Scheme: Linear
Mixed error in Newton's method (should be < 1): 9.90321e-08
Nº of Newton iterations: 6
Delta of specified variable for the next iteration: 1.00000e-01
Next Iteration variable updated index: 25
lnK[0]		lnK[1]		lnK[2]		lnK[3]		lnK[4]		lnK[5]		lnK[6]		lnK[7]		lnK[8]		lnK[9]		lnK[10]		lnK[11]		lnK[12]		lnK[13]		lnK[14]		lnK[15]		lnK[16]		lnK[17]		lnK[18]		lnK[19]		lnK[20]		lnK[21]		lnK[22]		lnK[23]		lnT(K)		lnP(Pa)		
6.12995e+00	4.92498e+00	5.53725e+00	4.62469e+00	5.68159e+00	3.42121e+00	3.24919e+00	2.81224e+00	2.59633e+00	1.96320e+00	1.34740e+00	7.38403e-01	1.42665e-01	-4.61163e-01	-8.74769e-01	-1.63330e+00	-1.95589e+00	-2.41263e+00	-2.74090e+00	-3.10138e+00	-3.38550e+00	-3.67404e+00	-3.96678e+00	-4.26342e+00	6.06481e+00	1.15261e+01
Sensitivity vector: 
dXdS[0] = -1.02267e+00
dXdS[1] = -8.85915e-01
dXdS[2] = -9.71176e-01
dXdS[3] = -8.74574e-01
dXdS[4] = -9.73210e-01
dXdS[5] = -7.51712e-01
dXdS[6] = -7.31655e-01
dXdS[7] = -6.93256e-01
dXdS[8] = -6.61876e-01
dXdS[9] = -5.93850e-01
dXdS[10] = -5.26765e-01
dXdS[11] = -4.59511e-01
dXdS[12] = -3.94551e-01
dXdS[13] = -3.26293e-01
dXdS[14] = -2.81085e-01
dXdS[15] = -1.96927e-01
dXdS[16] = -1.62257e-01
dXdS[17] = -1.17671e-01
dXdS[18] = -8.36998e-02
dXdS[19] = -4.68826e-02
dXdS[20] = -2.10115e-02
dXdS[21] = 4.98141e-03
dXdS[22] = 3.10360e-02
dXdS[23] = 5.70783e-02
dXdS[24] = 5.60745e-02
dXdS[25] = 1.00000e+00


Iteration: 1
Index of specified variable before Newton's method: 25
Temperature before Newton's method: 4.32862e+02 K
Pressure before Newton's method: 1.11981e+05 Pa
Interpolation Scheme: Polynomial (Cubic)
Mixed error in Newton's method (should be < 1): 1.34563e-02
Nº of Newton iterations: 2
Delta of specified variable for the next iteration: 2.00000e-01
Next Iteration variable updated index: 25
lnK[0]		lnK[1]		lnK[2]		lnK[3]		lnK[4]		lnK[5]		lnK[6]		lnK[7]		lnK[8]		lnK[9]		lnK[10]		lnK[11]		lnK[12]		lnK[13]		lnK[14]		lnK[15]		lnK[16]		lnK[17]		lnK[18]		lnK[19]		lnK[20]		lnK[21]		lnK[22]		lnK[23]		lnT(K)		lnP(Pa)		
6.02761e+00	4.83633e+00	5.44007e+00	4.53718e+00	5.58419e+00	3.34600e+00	3.17599e+00	2.74289e+00	2.53013e+00	1.90380e+00	1.29472e+00	6.92455e-01	1.03221e-01	-4.93775e-01	-9.02855e-01	-1.65296e+00	-1.97208e+00	-2.42435e+00	-2.74922e+00	-3.10602e+00	-3.38754e+00	-3.67348e+00	-3.96360e+00	-4.25763e+00	6.07044e+00	1.16261e+01
Sensitivity vector: 
dXdS[0] = -1.02422e+00
dXdS[1] = -8.87211e-01
dXdS[2] = -9.72457e-01
dXdS[3] = -8.75594e-01
dXdS[4] = -9.74652e-01
dXdS[5] = -7.52343e-01
dXdS[6] = -7.32255e-01
dXdS[7] = -6.93658e-01
dXdS[8] = -6.62293e-01
dXdS[9] = -5.94094e-01
dXdS[10] = -5.26849e-01
dXdS[11] = -4.59444e-01
dXdS[12] = -3.94329e-01
dXdS[13] = -3.25936e-01
dXdS[14] = -2.80621e-01
dXdS[15] = -1.96279e-01
dXdS[16] = -1.61522e-01
dXdS[17] = -1.16768e-01
dXdS[18] = -8.26939e-02
dXdS[19] = -4.57598e-02
dXdS[20] = -1.97670e-02
dXdS[21] = 6.35216e-03
dXdS[22] = 3.25379e-02
dXdS[23] = 5.87166e-02
dXdS[24] = 5.64564e-02
dXdS[25] = 1.00000e+00


Iteration: 2
Index of specified variable before Newton's method: 25
Temperature before Newton's method: 4.37819e+02 K
Pressure before Newton's method: 1.36774e+05 Pa
Interpolation Scheme: Polynomial (Cubic)
Mixed error in Newton's method (should be < 1): 1.64298e-05
Nº of Newton iterations: 2
Delta of specified variable for the next iteration: 2.00000e-01
Next Iteration variable updated index: 25
lnK[0]		lnK[1]		lnK[2]		lnK[3]		lnK[4]		lnK[5]		lnK[6]		lnK[7]		lnK[8]		lnK[9]		lnK[10]		lnK[11]		lnK[12]		lnK[13]		lnK[14]		lnK[15]		lnK[16]		lnK[17]		lnK[18]		lnK[19]		lnK[20]		lnK[21]		lnK[22]		lnK[23]		lnT(K)		lnP(Pa)		
5.82244e+00	4.65862e+00	5.24531e+00	4.36185e+00	5.38897e+00	3.19541e+00	3.02942e+00	2.60408e+00	2.39758e+00	1.78493e+00	1.18934e+00	6.00583e-01	2.44052e-02	-5.58884e-01	-9.58878e-01	-1.69207e+00	-2.00422e+00	-2.44751e+00	-2.76555e+00	-3.11493e+00	-3.39123e+00	-3.67191e+00	-3.95678e+00	-4.24554e+00	6.08181e+00	1.18261e+01
Sensitivity vector: 
dXdS[0] = -1.02746e+00
dXdS[1] = -8.89922e-01
dXdS[2] = -9.75122e-01
dXdS[3] = -8.77712e-01
dXdS[4] = -9.77650e-01
dXdS[5] = -7.53636e-01
dXdS[6] = -7.33483e-01
dXdS[7] = -6.94468e-01
dXdS[8] = -6.63136e-01
dXdS[9] = -5.94567e-01
dXdS[10] = -5.26981e-01
dXdS[11] = -4.59255e-01
dXdS[12] = -3.93808e-01
dXdS[13] = -3.25126e-01
dXdS[14] = -2.79583e-01
dXdS[15] = -1.94843e-01
dXdS[16] = -1.59901e-01
dXdS[17] = -1.14785e-01
dXdS[18] = -8.04920e-02
dXdS[19] = -4.33073e-02
dXdS[20] = -1.70523e-02
dXdS[21] = 9.33950e-03
dXdS[22] = 3.58088e-02
dXdS[23] = 6.22827e-02
dXdS[24] = 5.72070e-02
dXdS[25] = 1.00000e+00


Iteration: 3
Index of specified variable before Newton's method: 25
Temperature before Newton's method: 4.42890e+02 K
Pressure before Newton's method: 1.67057e+05 Pa
Interpolation Scheme: Polynomial (Cubic)
Mixed error in Newton's method (should be < 1): 5.47606e-05
Nº of Newton iterations: 2
Delta of specified variable for the next iteration: 2.00000e-01
Next Iteration variable updated index: 25
lnK[0]		lnK[1]		lnK[2]		lnK[3]		lnK[4]		lnK[5]		lnK[6]		lnK[7]		lnK[8]		lnK[9]		lnK[10]		lnK[11]		lnK[12]		lnK[13]		lnK[14]		lnK[15]		lnK[16]		lnK[17]		lnK[18]		lnK[19]		lnK[20]		lnK[21]		lnK[22]		lnK[23]		lnT(K)		lnP(Pa)		
5.61661e+00	4.48035e+00	5.05001e+00	4.18609e+00	5.19312e+00	3.04455e+00	2.88260e+00	2.46511e+00	2.26487e+00	1.66598e+00	1.08393e+00	5.08759e-01	-5.42940e-02	-6.23815e-01	-1.01468e+00	-1.73088e+00	-2.03602e+00	-2.47025e+00	-2.78140e+00	-3.12332e+00	-3.39434e+00	-3.66972e+00	-3.94925e+00	-4.23269e+00	6.09332e+00	1.20261e+01
Sensitivity vector: 
dXdS[0] = -1.03087e+00
dXdS[1] = -8.92792e-01
dXdS[2] = -9.77927e-01
dXdS[3] = -8.79932e-01
dXdS[4] = -9.80803e-01
dXdS[5] = -7.54961e-01
dXdS[6] = -7.34743e-01
dXdS[7] = -6.95276e-01
dXdS[8] = -6.63976e-01
dXdS[9] = -5.95007e-01
dXdS[10] = -5.27047e-01
dXdS[11] = -4.58970e-01
dXdS[12] = -3.93161e-01
dXdS[13] = -3.24162e-01
dXdS[14] = -2.78366e-01
dXdS[15] = -1.93186e-01
dXdS[16] = -1.58046e-01
dXdS[17] = -1.12531e-01
dXdS[18] = -7.79967e-02
dXdS[19] = -4.05366e-02
dXdS[20] = -1.39912e-02
dXdS[21] = 1.27029e-02
dXdS[22] = 3.94872e-02
dXdS[23] = 6.62899e-02
dXdS[24] = 5.79314e-02
dXdS[25] = 1.00000e+00


Iteration: 4
Index of specified variable before Newton's method: 25
Temperature before Newton's method: 4.48082e+02 K
Pressure before Newton's method: 2.04043e+05 Pa
Interpolation Scheme: Polynomial (Cubic)
Mixed error in Newton's method (should be < 1): 3.07279e-05
Nº of Newton iterations: 2
Delta of specified variable for the next iteration: 2.00000e-01
Next Iteration variable updated index: 25
lnK[0]		lnK[1]		lnK[2]		lnK[3]		lnK[4]		lnK[5]		lnK[6]		lnK[7]		lnK[8]		lnK[9]		lnK[10]		lnK[11]		lnK[12]		lnK[13]		lnK[14]		lnK[15]		lnK[16]		lnK[17]		lnK[18]		lnK[19]		lnK[20]		lnK[21]		lnK[22]		lnK[23]		lnT(K)		lnP(Pa)		
5.41008e+00	4.30149e+00	4.85413e+00	4.00987e+00	4.99664e+00	2.89342e+00	2.73552e+00	2.32597e+00	2.13199e+00	1.54694e+00	9.78526e-01	4.17004e-01	-1.32848e-01	-6.88535e-01	-1.07021e+00	-1.76933e+00	-2.06742e+00	-2.49250e+00	-2.79672e+00	-3.13112e+00	-3.39680e+00	-3.66680e+00	-3.94095e+00	-4.21899e+00	6.10498e+00	1.22261e+01
Sensitivity vector: 
dXdS[0] = -1.03447e+00
dXdS[1] = -8.95824e-01
dXdS[2] = -9.80865e-01
dXdS[3] = -8.82246e-01
dXdS[4] = -9.84106e-01
dXdS[5] = -7.56301e-01
dXdS[6] = -7.36017e-01
dXdS[7] = -6.96061e-01
dXdS[8] = -6.64794e-01
dXdS[9] = -5.95388e-01
dXdS[10] = -5.27021e-01
dXdS[11] = -4.58559e-01
dXdS[12] = -3.92351e-01
dXdS[13] = -3.23002e-01
dXdS[14] = -2.76928e-01
dXdS[15] = -1.91261e-01
dXdS[16] = -1.55910e-01
dXdS[17] = -1.09951e-01
dXdS[18] = -7.51506e-02
dXdS[19] = -3.73872e-02
dXdS[20] = -1.05193e-02
dXdS[21] = 1.65110e-02
dXdS[22] = 4.36464e-02
dXdS[23] = 7.08161e-02
dXdS[24] = 5.86176e-02
dXdS[25] = 1.00000e+00


Iteration: 5
Index of specified variable before Newton's method: 25
Temperature before Newton's method: 4.53395e+02 K
Pressure before Newton's method: 2.49219e+05 Pa
Interpolation Scheme: Polynomial (Cubic)
Mixed error in Newton's method (should be < 1): 3.13959e-05
Nº of Newton iterations: 2
Delta of specified variable for the next iteration: 2.00000e-01
Next Iteration variable updated index: 25
lnK[0]		lnK[1]		lnK[2]		lnK[3]		lnK[4]		lnK[5]		lnK[6]		lnK[7]		lnK[8]		lnK[9]		lnK[10]		lnK[11]		lnK[12]		lnK[13]		lnK[14]		lnK[15]		lnK[16]		lnK[17]		lnK[18]		lnK[19]		lnK[20]		lnK[21]		lnK[22]		lnK[23]		lnT(K)		lnP(Pa)		
5.20282e+00	4.12201e+00	4.65766e+00	3.83318e+00	4.79947e+00	2.74203e+00	2.58819e+00	2.18669e+00	1.99896e+00	1.42783e+00	8.73135e-01	3.25347e-01	-2.11221e-01	-7.53000e-01	-1.12543e+00	-1.80736e+00	-2.09836e+00	-2.51420e+00	-2.81143e+00	-3.13824e+00	-3.39852e+00	-3.66308e+00	-3.93176e+00	-4.20432e+00	6.11676e+00	1.24261e+01
Sensitivity vector: 
dXdS[0] = -1.03823e+00
dXdS[1] = -8.99014e-01
dXdS[2] = -9.83930e-01
dXdS[3] = -8.84642e-01
dXdS[4] = -9.87553e-01
dXdS[5] = -7.57634e-01
dXdS[6] = -7.37283e-01
dXdS[7] = -6.96796e-01
dXdS[8] = -6.65564e-01
dXdS[9] = -5.95679e-01
dXdS[10] = -5.26866e-01
dXdS[11] = -4.57980e-01
dXdS[12] = -3.91334e-01
dXdS[13] = -3.21599e-01
dXdS[14] = -2.75218e-01
dXdS[15] = -1.89008e-01
dXdS[16] = -1.53429e-01
dXdS[17] = -1.06978e-01
dXdS[18] = -7.18832e-02
dXdS[19] = -3.37845e-02
dXdS[20] = -6.55751e-03
dXdS[21] = 2.08478e-02
dXdS[22] = 4.83755e-02
dXdS[23] = 7.59561e-02
dXdS[24] = 5.92505e-02
dXdS[25] = 1.00000e+00


Iteration: 6
Index of specified variable before Newton's method: 25
Temperature before Newton's method: 4.58826e+02 K
Pressure before Newton's method: 3.04397e+05 Pa
Interpolation Scheme: Polynomial (Cubic)
Mixed error in Newton's method (should be < 1): 4.16968e-05
Nº of Newton iterations: 2
Delta of specified variable for the next iteration: 2.00000e-01
Next Iteration variable updated index: 25
lnK[0]		lnK[1]		lnK[2]		lnK[3]		lnK[4]		lnK[5]		lnK[6]		lnK[7]		lnK[8]		lnK[9]		lnK[10]		lnK[11]		lnK[12]		lnK[13]		lnK[14]		lnK[15]		lnK[16]		lnK[17]		lnK[18]		lnK[19]		lnK[20]		lnK[21]		lnK[22]		lnK[23]		lnT(K)		lnP(Pa)		
4.99478e+00	3.94187e+00	4.46055e+00	3.65601e+00	4.60161e+00	2.59037e+00	2.44061e+00	2.04726e+00	1.86577e+00	1.30867e+00	7.67791e-01	2.33827e-01	-2.89364e-01	-8.17155e-01	-1.18027e+00	-1.84490e+00	-2.12877e+00	-2.53526e+00	-2.82544e+00	-3.14459e+00	-3.39938e+00	-3.65842e+00	-3.92155e+00	-4.18856e+00	6.12867e+00	1.26261e+01
Sensitivity vector: 
dXdS[0] = -1.04216e+00
dXdS[1] = -9.02350e-01
dXdS[2] = -9.87104e-01
dXdS[3] = -8.87097e-01
dXdS[4] = -9.91129e-01
dXdS[5] = -7.58927e-01
dXdS[6] = -7.38509e-01
dXdS[7] = -6.97444e-01
dXdS[8] = -6.66246e-01
dXdS[9] = -5.95837e-01
dXdS[10] = -5.26535e-01
dXdS[11] = -4.57180e-01
dXdS[12] = -3.90050e-01
dXdS[13] = -3.19889e-01
dXdS[14] = -2.73167e-01
dXdS[15] = -1.86353e-01
dXdS[16] = -1.50529e-01
dXdS[17] = -1.03527e-01
dXdS[18] = -6.81068e-02
dXdS[19] = -2.96365e-02
dXdS[20] = -2.00865e-03
dXdS[21] = 2.58161e-02
dXdS[22] = 5.37832e-02
dXdS[23] = 8.18249e-02
dXdS[24] = 5.98118e-02
dXdS[25] = 1.00000e+00


Iteration: 7
Index of specified variable before Newton's method: 25
Temperature before Newton's method: 4.64371e+02 K
Pressure before Newton's method: 3.71791e+05 Pa
Interpolation Scheme: Polynomial (Cubic)
Mixed error in Newton's method (should be < 1): 7.19668e-05
Nº of Newton iterations: 2
Delta of specified variable for the next iteration: 2.00000e-01
Next Iteration variable updated index: 25
lnK[0]		lnK[1]		lnK[2]		lnK[3]		lnK[4]		lnK[5]		lnK[6]		lnK[7]		lnK[8]		lnK[9]		lnK[10]		lnK[11]		lnK[12]		lnK[13]		lnK[14]		lnK[15]		lnK[16]		lnK[17]		lnK[18]		lnK[19]		lnK[20]		lnK[21]		lnK[22]		lnK[23]		lnT(K)		lnP(Pa)		
4.78594e+00	3.76106e+00	4.26281e+00	3.47834e+00	4.40301e+00	2.43846e+00	2.29279e+00	1.90772e+00	1.73247e+00	1.18951e+00	6.62537e-01	1.42494e-01	-3.67218e-01	-8.80930e-01	-1.23467e+00	-1.88187e+00	-2.15854e+00	-2.55557e+00	-2.83864e+00	-3.15005e+00	-3.39927e+00	-3.65270e+00	-3.91019e+00	-4.17154e+00	6.14068e+00	1.28261e+01
Sensitivity vector: 
dXdS[0] = -1.04623e+00
dXdS[1] = -9.05816e-01
dXdS[2] = -9.90362e-01
dXdS[3] = -8.89581e-01
dXdS[4] = -9.94810e-01
dXdS[5] = -7.60136e-01
dXdS[6] = -7.39651e-01
dXdS[7] = -6.97953e-01
dXdS[8] = -6.66792e-01
dXdS[9] = -5.95806e-01
dXdS[10] = -5.25963e-01
dXdS[11] = -4.56092e-01
dXdS[12] = -3.88426e-01
dXdS[13] = -3.17792e-01
dXdS[14] = -2.70690e-01
dXdS[15] = -1.83202e-01
dXdS[16] = -1.47112e-01
dXdS[17] = -9.94950e-02
dXdS[18] = -6.37127e-02
dXdS[19] = -2.48295e-02
dXdS[20] = 3.24711e-03
dXdS[21] = 3.15421e-02
dXdS[22] = 6.00027e-02
dXdS[23] = 8.85630e-02
dXdS[24] = 6.02786e-02
dXdS[25] = 1.00000e+00


Iteration: 8
Index of specified variable before Newton's method: 25
Temperature before Newton's method: 4.70020e+02 K
Pressure before Newton's method: 4.54107e+05 Pa
Interpolation Scheme: Polynomial (Cubic)
Mixed error in Newton's method (should be < 1): 2.18111e-04
Nº of Newton iterations: 2
Delta of specified variable for the next iteration: 2.00000e-01
Next Iteration variable updated index: 25
lnK[0]		lnK[1]		lnK[2]		lnK[3]		lnK[4]		lnK[5]		lnK[6]		lnK[7]		lnK[8]		lnK[9]		lnK[10]		lnK[11]		lnK[12]		lnK[13]		lnK[14]		lnK[15]		lnK[16]		lnK[17]		lnK[18]		lnK[19]		lnK[20]		lnK[21]		lnK[22]		lnK[23]		lnT(K)		lnP(Pa)		
4.57628e+00	3.57954e+00	4.06441e+00	3.30018e+00	4.20368e+00	2.28633e+00	2.14476e+00	1.76809e+00	1.59907e+00	1.07037e+00	5.57427e-01	5.14151e-02	-4.44705e-01	-9.44239e-01	-1.28851e+00	-1.91814e+00	-2.18757e+00	-2.57501e+00	-2.85088e+00	-3.15447e+00	-3.39803e+00	-3.64574e+00	-3.89749e+00	-4.15307e+00	6.15277e+00	1.30261e+01
Sensitivity vector: 
dXdS[0] = -1.05041e+00
dXdS[1] = -9.09380e-01
dXdS[2] = -9.93667e-01
dXdS[3] = -8.92049e-01
dXdS[4] = -9.98561e-01
dXdS[5] = -7.61199e-01
dXdS[6] = -7.40648e-01
dXdS[7] = -6.98257e-01
dXdS[8] = -6.67132e-01
dXdS[9] = -5.95511e-01
dXdS[10] = -5.25070e-01
dXdS[11] = -4.54626e-01
dXdS[12] = -3.86365e-01
dXdS[13] = -3.15204e-01
dXdS[14] = -2.67680e-01
dXdS[15] = -1.79437e-01
dXdS[16] = -1.43059e-01
dXdS[17] = -9.47515e-02
dXdS[18] = -5.85655e-02
dXdS[19] = -1.92222e-02
dXdS[20] = 9.35807e-03
dXdS[21] = 3.81816e-02
dXdS[22] = 6.71976e-02
dXdS[23] = 9.63427e-02
dXdS[24] = 6.06232e-02
dXdS[25] = 1.00000e+00


Iteration: 9
Index of specified variable before Newton's method: 25
Temperature before Newton's method: 4.75764e+02 K
Pressure before Newton's method: 5.54648e+05 Pa
Interpolation Scheme: Polynomial (Cubic)
Mixed error in Newton's method (should be < 1): 6.53928e-04
Nº of Newton iterations: 2
Delta of specified variable for the next iteration: 2.00000e-01
Next Iteration variable updated index: 25
lnK[0]		lnK[1]		lnK[2]		lnK[3]		lnK[4]		lnK[5]		lnK[6]		lnK[7]		lnK[8]		lnK[9]		lnK[10]		lnK[11]		lnK[12]		lnK[13]		lnK[14]		lnK[15]		lnK[16]		lnK[17]		lnK[18]		lnK[19]		lnK[20]		lnK[21]		lnK[22]		lnK[23]		lnT(K)		lnP(Pa)		
4.36578e+00	3.39730e+00	3.86534e+00	3.12153e+00	4.00359e+00	2.13400e+00	1.99655e+00	1.62843e+00	1.46563e+00	9.51325e-01	4.52537e-01	-3.93236e-02	-5.21727e-01	-1.00697e+00	-1.34169e+00	-1.95359e+00	-2.21571e+00	-2.59341e+00	-2.86200e+00	-3.15768e+00	-3.39546e+00	-3.63735e+00	-3.88323e+00	-4.13292e+00	6.16492e+00	1.32261e+01
Sensitivity vector: 
dXdS[0] = -1.05466e+00
dXdS[1] = -9.12995e-01
dXdS[2] = -9.96963e-01
dXdS[3] = -8.94438e-01
dXdS[4] = -1.00233e+00
dXdS[5] = -7.62035e-01
dXdS[6] = -7.41418e-01
dXdS[7] = -6.98265e-01
dXdS[8] = -6.67179e-01
dXdS[9] = -5.94853e-01
dXdS[10] = -5.23750e-01
dXdS[11] = -4.52668e-01
dXdS[12] = -3.83745e-01
dXdS[13] = -3.11996e-01
dXdS[14] = -2.63998e-01
dXdS[15] = -1.74908e-01
dXdS[16] = -1.38216e-01
dXdS[17] = -8.91333e-02
dXdS[18] = -5.24961e-02
dXdS[19] = -1.26386e-02
dXdS[20] = 1.65083e-02
dXdS[21] = 4.59272e-02
dXdS[22] = 7.55699e-02
dXdS[23] = 1.05376e-01
dXdS[24] = 6.08113e-02
dXdS[25] = 1.00000e+00


Iteration: 10
Index of specified variable before Newton's method: 25
Temperature before Newton's method: 4.81587e+02 K
Pressure before Newton's method: 6.77448e+05 Pa
Interpolation Scheme: Polynomial (Cubic)
Mixed error in Newton's method (should be < 1): 2.68123e-04
Nº of Newton iterations: 2
Delta of specified variable for the next iteration: 2.00000e-01
Next Iteration variable updated index: 25
lnK[0]		lnK[1]		lnK[2]		lnK[3]		lnK[4]		lnK[5]		lnK[6]		lnK[7]		lnK[8]		lnK[9]		lnK[10]		lnK[11]		lnK[12]		lnK[13]		lnK[14]		lnK[15]		lnK[16]		lnK[17]		lnK[18]		lnK[19]		lnK[20]		lnK[21]		lnK[22]		lnK[23]		lnT(K)		lnP(Pa)		
4.15442e+00	3.21434e+00	3.66563e+00	2.94241e+00	3.80275e+00	1.98153e+00	1.84822e+00	1.48881e+00	1.33223e+00	8.32460e-01	3.47965e-01	-1.29609e-01	-5.98156e-01	-1.06898e+00	-1.39406e+00	-1.98804e+00	-2.24279e+00	-2.61059e+00	-2.87180e+00	-3.15945e+00	-3.39134e+00	-3.62728e+00	-3.86716e+00	-4.11081e+00	6.17709e+00	1.34261e+01
Sensitivity vector: 
dXdS[0] = -1.05891e+00
dXdS[1] = -9.16596e-01
dXdS[2] = -1.00018e+00
dXdS[3] = -8.96662e-01
dXdS[4] = -1.00605e+00
dXdS[5] = -7.62537e-01
dXdS[6] = -7.41855e-01
dXdS[7] = -6.97859e-01
dXdS[8] = -6.66813e-01
dXdS[9] = -5.93705e-01
dXdS[10] = -5.21864e-01
dXdS[11] = -4.50070e-01
dXdS[12] = -3.80407e-01
dXdS[13] = -3.08000e-01
dXdS[14] = -2.59472e-01
dXdS[15] = -1.69427e-01
dXdS[16] = -1.32392e-01
dXdS[17] = -8.24359e-02
dXdS[18] = -4.52928e-02
dXdS[19] = -4.85877e-03
dXdS[20] = 2.49271e-02
dXdS[21] = 5.50182e-02
dXdS[22] = 8.53692e-02
dXdS[23] = 1.15923e-01
dXdS[24] = 6.08007e-02
dXdS[25] = 1.00000e+00


Iteration: 11
Index of specified variable before Newton's method: 25
Temperature before Newton's method: 4.87469e+02 K
Pressure before Newton's method: 8.27437e+05 Pa
Interpolation Scheme: Polynomial (Cubic)
Mixed error in Newton's method (should be < 1): 2.87263e-04
Nº of Newton iterations: 2
Delta of specified variable for the next iteration: 2.00000e-01
Next Iteration variable updated index: 25
lnK[0]		lnK[1]		lnK[2]		lnK[3]		lnK[4]		lnK[5]		lnK[6]		lnK[7]		lnK[8]		lnK[9]		lnK[10]		lnK[11]		lnK[12]		lnK[13]		lnK[14]		lnK[15]		lnK[16]		lnK[17]		lnK[18]		lnK[19]		lnK[20]		lnK[21]		lnK[22]		lnK[23]		lnT(K)		lnP(Pa)		
3.94222e+00	3.03067e+00	3.46529e+00	2.76288e+00	3.60118e+00	1.82901e+00	1.69984e+00	1.34933e+00	1.19895e+00	7.13887e-01	2.43841e-01	-2.19296e-01	-6.73828e-01	-1.13010e+00	-1.44541e+00	-2.02129e+00	-2.26859e+00	-2.62630e+00	-2.88002e+00	-3.15952e+00	-3.38539e+00	-3.61524e+00	-3.84897e+00	-4.08642e+00	6.18922e+00	1.36261e+01
Sensitivity vector: 
dXdS[0] = -1.06308e+00
dXdS[1] = -9.20086e-01
dXdS[2] = -1.00320e+00
dXdS[3] = -8.98603e-01
dXdS[4] = -1.00961e+00
dXdS[5] = -7.62561e-01
dXdS[6] = -7.41815e-01
dXdS[7] = -6.96885e-01
dXdS[8] = -6.65879e-01
dXdS[9] = -5.91899e-01
dXdS[10] = -5.19234e-01
dXdS[11] = -4.46642e-01
dXdS[12] = -3.76149e-01
dXdS[13] = -3.03003e-01
dXdS[14] = -2.53879e-01
dXdS[15] = -1.62757e-01
dXdS[16] = -1.25345e-01
dXdS[17] = -7.44015e-02
dXdS[18] = -3.66896e-02
dXdS[19] = 4.39261e-03
dXdS[20] = 3.49007e-02
dXdS[21] = 6.57525e-02
dXdS[22] = 9.69060e-02
dXdS[23] = 1.28308e-01
dXdS[24] = 6.05396e-02
dXdS[25] = 1.00000e+00


Iteration: 12
Index of specified variable before Newton's method: 25
Temperature before Newton's method: 4.93382e+02 K
Pressure before Newton's method: 1.01063e+06 Pa
Interpolation Scheme: Polynomial (Cubic)
Mixed error in Newton's method (should be < 1): 4.34671e-04
Nº of Newton iterations: 2
Delta of specified variable for the next iteration: 2.00000e-01
Next Iteration variable updated index: 25
lnK[0]		lnK[1]		lnK[2]		lnK[3]		lnK[4]		lnK[5]		lnK[6]		lnK[7]		lnK[8]		lnK[9]		lnK[10]		lnK[11]		lnK[12]		lnK[13]		lnK[14]		lnK[15]		lnK[16]		lnK[17]		lnK[18]		lnK[19]		lnK[20]		lnK[21]		lnK[22]		lnK[23]		lnT(K)		lnP(Pa)		
3.72920e+00	2.84632e+00	3.26437e+00	2.58300e+00	3.39893e+00	1.67655e+00	1.55153e+00	1.21011e+00	1.06593e+00	5.95758e-01	1.40336e-01	-3.08195e-01	-7.48537e-01	-1.19010e+00	-1.49552e+00	-2.05305e+00	-2.29283e+00	-2.64024e+00	-2.88636e+00	-3.15757e+00	-3.37725e+00	-3.60085e+00	-3.82826e+00	-4.05934e+00	6.20128e+00	1.38261e+01
Sensitivity vector: 
dXdS[0] = -1.06703e+00
dXdS[1] = -9.23337e-01
dXdS[2] = -1.00589e+00
dXdS[3] = -9.00105e-01
dXdS[4] = -1.01288e+00
dXdS[5] = -7.61920e-01
dXdS[6] = -7.41111e-01
dXdS[7] = -6.95140e-01
dXdS[8] = -6.64176e-01
dXdS[9] = -5.89219e-01
dXdS[10] = -5.15630e-01
dXdS[11] = -4.42141e-01
dXdS[12] = -3.70714e-01
dXdS[13] = -2.96734e-01
dXdS[14] = -2.46937e-01
dXdS[15] = -1.54596e-01
dXdS[16] = -1.16767e-01
dXdS[17] = -6.47057e-02
dXdS[18] = -2.63521e-02
dXdS[19] = 1.54611e-02
dXdS[20] = 4.67875e-02
dXdS[21] = 7.85018e-02
dXdS[22] = 1.10566e-01
dXdS[23] = 1.42932e-01
dXdS[24] = 5.99638e-02
dXdS[25] = 1.00000e+00


Iteration: 13
Index of specified variable before Newton's method: 25
Temperature before Newton's method: 4.99290e+02 K
Pressure before Newton's method: 1.23439e+06 Pa
Interpolation Scheme: Polynomial (Cubic)
Mixed error in Newton's method (should be < 1): 1.33150e-03
Nº of Newton iterations: 2
Delta of specified variable for the next iteration: 2.00000e-01
Next Iteration variable updated index: 25
lnK[0]		lnK[1]		lnK[2]		lnK[3]		lnK[4]		lnK[5]		lnK[6]		lnK[7]		lnK[8]		lnK[9]		lnK[10]		lnK[11]		lnK[12]		lnK[13]		lnK[14]		lnK[15]		lnK[16]		lnK[17]		lnK[18]		lnK[19]		lnK[20]		lnK[21]		lnK[22]		lnK[23]		lnT(K)		lnP(Pa)		
3.51543e+00	2.66136e+00	3.06296e+00	2.40288e+00	3.19606e+00	1.52431e+00	1.40346e+00	1.07134e+00	9.33345e-01	4.78276e-01	3.76733e-02	-3.96061e-01	-8.22014e-01	-1.24869e+00	-1.54407e+00	-2.08300e+00	-2.31517e+00	-2.65204e+00	-2.89042e+00	-3.15319e+00	-3.36651e+00	-3.58367e+00	-3.80457e+00	-4.02907e+00	6.21318e+00	1.40261e+01
Sensitivity vector: 
dXdS[0] = -1.07060e+00
dXdS[1] = -9.26172e-01
dXdS[2] = -1.00807e+00
dXdS[3] = -9.00963e-01
dXdS[4] = -1.01568e+00
dXdS[5] = -7.60371e-01
dXdS[6] = -7.39499e-01
dXdS[7] = -6.92363e-01
dXdS[8] = -6.61442e-01
dXdS[9] = -5.85385e-01
dXdS[10] = -5.10755e-01
dXdS[11] = -4.36253e-01
dXdS[12] = -3.63771e-01
dXdS[13] = -2.88847e-01
dXdS[14] = -2.38287e-01
dXdS[15] = -1.44561e-01
dXdS[16] = -1.06269e-01
dXdS[17] = -5.29390e-02
dXdS[18] = -1.38590e-02
dXdS[19] = 2.87815e-02
dXdS[20] = 6.10370e-02
dXdS[21] = 9.37315e-02
dXdS[22] = 1.26832e-01
dXdS[23] = 1.60294e-01
dXdS[24] = 5.89941e-02
dXdS[25] = 1.00000e+00


Iteration: 14
Index of specified variable before Newton's method: 25
Temperature before Newton's method: 5.05147e+02 K
Pressure before Newton's method: 1.50769e+06 Pa
Interpolation Scheme: Polynomial (Cubic)
Mixed error in Newton's method (should be < 1): 1.74329e-03
Nº of Newton iterations: 2
Delta of specified variable for the next iteration: 2.00000e-01
Next Iteration variable updated index: 25
lnK[0]		lnK[1]		lnK[2]		lnK[3]		lnK[4]		lnK[5]		lnK[6]		lnK[7]		lnK[8]		lnK[9]		lnK[10]		lnK[11]		lnK[12]		lnK[13]		lnK[14]		lnK[15]		lnK[16]		lnK[17]		lnK[18]		lnK[19]		lnK[20]		lnK[21]		lnK[22]		lnK[23]		lnT(K)		lnP(Pa)		
3.30100e+00	2.47590e+00	2.86119e+00	2.22268e+00	2.99270e+00	1.37249e+00	1.25582e+00	9.33257e-01	8.01441e-01	3.61705e-01	-6.38562e-02	-4.82577e-01	-8.93917e-01	-1.30550e+00	-1.59069e+00	-2.11072e+00	-2.33517e+00	-2.66124e+00	-2.89173e+00	-3.14587e+00	-3.35264e+00	-3.56315e+00	-3.77731e+00	-3.99500e+00	6.22485e+00	1.42261e+01
Sensitivity vector: 
dXdS[0] = -1.07358e+00
dXdS[1] = -9.28357e-01
dXdS[2] = -1.00949e+00
dXdS[3] = -9.00907e-01
dXdS[4] = -1.01778e+00
dXdS[5] = -7.57598e-01
dXdS[6] = -7.36661e-01
dXdS[7] = -6.88216e-01
dXdS[8] = -6.57338e-01
dXdS[9] = -5.80038e-01
dXdS[10] = -5.04228e-01
dXdS[11] = -4.28577e-01
dXdS[12] = -3.54897e-01
dXdS[13] = -2.78901e-01
dXdS[14] = -2.27474e-01
dXdS[15] = -1.32170e-01
dXdS[16] = -9.33584e-02
dXdS[17] = -3.85840e-02
dXdS[18] = 1.32111e-03
dXdS[19] = 4.49011e-02
dXdS[20] = 7.82142e-02
dXdS[21] = 1.12025e-01
dXdS[22] = 1.46306e-01
dXdS[23] = 1.81020e-01
dXdS[24] = 5.75317e-02
dXdS[25] = 1.00000e+00


Iteration: 15
Index of specified variable before Newton's method: 25
Temperature before Newton's method: 5.10893e+02 K
Pressure before Newton's method: 1.84150e+06 Pa
Interpolation Scheme: Polynomial (Cubic)
Mixed error in Newton's method (should be < 1): 1.42819e-03
Nº of Newton iterations: 2
Delta of specified variable for the next iteration: 2.00000e-01
Next Iteration variable updated index: 25
lnK[0]		lnK[1]		lnK[2]		lnK[3]		lnK[4]		lnK[5]		lnK[6]		lnK[7]		lnK[8]		lnK[9]		lnK[10]		lnK[11]		lnK[12]		lnK[13]		lnK[14]		lnK[15]		lnK[16]		lnK[17]		lnK[18]		lnK[19]		lnK[20]		lnK[21]		lnK[22]		lnK[23]		lnT(K)		lnP(Pa)		
3.08606e+00	2.29009e+00	2.65924e+00	2.04260e+00	2.78902e+00	1.22138e+00	1.10890e+00	7.96174e-01	6.70530e-01	2.46392e-01	-1.63876e-01	-5.67338e-01	-9.63809e-01	-1.36008e+00	-1.63488e+00	-2.13567e+00	-2.35231e+00	-2.66726e+00	-2.88967e+00	-3.13500e+00	-3.33499e+00	-3.53861e+00	-3.74578e+00	-3.95639e+00	6.23616e+00	1.44261e+01
Sensitivity vector: 
dXdS[0] = -1.07567e+00
dXdS[1] = -9.29588e-01
dXdS[2] = -1.00984e+00
dXdS[3] = -8.99591e-01
dXdS[4] = -1.01887e+00
dXdS[5] = -7.53199e-01
dXdS[6] = -7.32193e-01
dXdS[7] = -6.82268e-01
dXdS[8] = -6.51430e-01
dXdS[9] = -5.72718e-01
dXdS[10] = -4.95564e-01
dXdS[11] = -4.18603e-01
dXdS[12] = -3.43557e-01
dXdS[13] = -2.66335e-01
dXdS[14] = -2.13917e-01
dXdS[15] = -1.16808e-01
dXdS[16] = -7.74103e-02
dXdS[17] = -2.09868e-02
dXdS[18] = 1.98592e-02
dXdS[19] = 6.45103e-02
dXdS[20] = 9.90304e-02
dXdS[21] = 1.34116e-01
dXdS[22] = 1.69746e-01
dXdS[23] = 2.05889e-01
dXdS[24] = 5.54527e-02
dXdS[25] = 1.00000e+00


Iteration: 16
Index of specified variable before Newton's method: 25
Temperature before Newton's method: 5.16451e+02 K
Pressure before Newton's method: 2.24921e+06 Pa
Interpolation Scheme: Polynomial (Cubic)
Mixed error in Newton's method (should be < 1): 2.11059e-03
Nº of Newton iterations: 2
Delta of specified variable for the next iteration: 2.00000e-01
Next Iteration variable updated index: 25
lnK[0]		lnK[1]		lnK[2]		lnK[3]		lnK[4]		lnK[5]		lnK[6]		lnK[7]		lnK[8]		lnK[9]		lnK[10]		lnK[11]		lnK[12]		lnK[13]		lnK[14]		lnK[15]		lnK[16]		lnK[17]		lnK[18]		lnK[19]		lnK[20]		lnK[21]		lnK[22]		lnK[23]		lnT(K)		lnP(Pa)		
2.87081e+00	2.10415e+00	2.45736e+00	1.86295e+00	2.58524e+00	1.07135e+00	9.63082e-01	6.60506e-01	5.41025e-01	1.32788e-01	-2.61899e-01	-6.49822e-01	-1.03113e+00	-1.41182e+00	-1.67603e+00	-2.15719e+00	-2.36588e+00	-2.66937e+00	-2.88350e+00	-3.11978e+00	-3.31273e+00	-3.50919e+00	-3.70909e+00	-3.91230e+00	6.24698e+00	1.46261e+01
Sensitivity vector: 
dXdS[0] = -1.07652e+00
dXdS[1] = -9.29472e-01
dXdS[2] = -1.00871e+00
dXdS[3] = -8.96574e-01
dXdS[4] = -1.01858e+00
dXdS[5] = -7.46659e-01
dXdS[6] = -7.25577e-01
dXdS[7] = -6.73968e-01
dXdS[8] = -6.43169e-01
dXdS[9] = -5.62838e-01
dXdS[10] = -4.84146e-01
dXdS[11] = -4.05681e-01
dXdS[12] = -3.29070e-01
dXdS[13] = -2.50439e-01
dXdS[14] = -1.96884e-01
dXdS[15] = -9.76998e-02
dXdS[16] = -5.76335e-02
dXdS[17] = 6.78835e-04
dXdS[18] = 4.26027e-02
dXdS[19] = 8.84803e-02
dXdS[20] = 1.24382e-01
dXdS[21] = 1.60927e-01
dXdS[22] = 1.98100e-01
dXdS[23] = 2.35881e-01
dXdS[24] = 5.26011e-02
dXdS[25] = 1.00000e+00


Iteration: 17
Index of specified variable before Newton's method: 25
Temperature before Newton's method: 5.21724e+02 K
Pressure before Newton's method: 2.74719e+06 Pa
Interpolation Scheme: Polynomial (Cubic)
Mixed error in Newton's method (should be < 1): 3.59026e-03
Nº of Newton iterations: 2
Delta of specified variable for the next iteration: 2.00000e-01
Next Iteration variable updated index: 25
lnK[0]		lnK[1]		lnK[2]		lnK[3]		lnK[4]		lnK[5]		lnK[6]		lnK[7]		lnK[8]		lnK[9]		lnK[10]		lnK[11]		lnK[12]		lnK[13]		lnK[14]		lnK[15]		lnK[16]		lnK[17]		lnK[18]		lnK[19]		lnK[20]		lnK[21]		lnK[22]		lnK[23]		lnT(K)		lnP(Pa)		
2.65556e+00	1.91842e+00	2.25588e+00	1.68412e+00	2.38171e+00	9.22898e-01	8.18855e-01	5.26790e-01	4.13465e-01	2.14761e-02	-3.57299e-01	-7.29360e-01	-1.09517e+00	-1.45997e+00	-1.71334e+00	-2.17443e+00	-2.37504e+00	-2.66665e+00	-2.87228e+00	-3.09924e+00	-3.28486e+00	-3.47385e+00	-3.66614e+00	-3.86161e+00	6.25713e+00	1.48261e+01
Sensitivity vector: 
dXdS[0] = -1.07569e+00
dXdS[1] = -9.27514e-01
dXdS[2] = -1.00562e+00
dXdS[3] = -8.91302e-01
dXdS[4] = -1.01643e+00
dXdS[5] = -7.37335e-01
dXdS[6] = -7.16163e-01
dXdS[7] = -6.62625e-01
dXdS[8] = -6.31857e-01
dXdS[9] = -5.49661e-01
dXdS[10] = -4.69192e-01
dXdS[11] = -3.88992e-01
dXdS[12] = -3.10573e-01
dXdS[13] = -2.30313e-01
dXdS[14] = -1.75446e-01
dXdS[15] = -7.38641e-02
dXdS[16] = -3.30268e-02
dXdS[17] = 2.74571e-02
dXdS[18] = 7.06220e-02
dXdS[19] = 1.17911e-01
dXdS[20] = 1.55399e-01
dXdS[21] = 1.93619e-01
dXdS[22] = 2.32565e-01
dXdS[23] = 2.72225e-01
dXdS[24] = 4.87777e-02
dXdS[25] = 1.00000e+00


Iteration: 18
Index of specified variable before Newton's method: 25
Temperature before Newton's method: 5.26586e+02 K
Pressure before Newton's method: 3.35542e+06 Pa
Interpolation Scheme: Polynomial (Cubic)
Mixed error in Newton's method (should be < 1): 6.47228e-03
Nº of Newton iterations: 2
Delta of specified variable for the next iteration: 2.00000e-01
Next Iteration variable updated index: 25
lnK[0]		lnK[1]		lnK[2]		lnK[3]		lnK[4]		lnK[5]		lnK[6]		lnK[7]		lnK[8]		lnK[9]		lnK[10]		lnK[11]		lnK[12]		lnK[13]		lnK[14]		lnK[15]		lnK[16]		lnK[17]		lnK[18]		lnK[19]		lnK[20]		lnK[21]		lnK[22]		lnK[23]		lnT(K)		lnP(Pa)		
2.44068e+00	1.73331e+00	2.05528e+00	1.50663e+00	2.17883e+00	7.76654e-01	6.76857e-01	3.95716e-01	2.88543e-01	-8.67953e-02	-4.49275e-01	-8.05100e-01	-1.15502e+00	-1.50358e+00	-1.74583e+00	-2.18634e+00	-2.37869e+00	-2.65796e+00	-2.85481e+00	-3.07216e+00	-3.25010e+00	-3.43125e+00	-3.61556e+00	-3.80289e+00	6.26640e+00	1.50261e+01
Sensitivity vector: 
dXdS[0] = -1.07265e+00
dXdS[1] = -9.23103e-01
dXdS[2] = -9.99956e-01
dXdS[3] = -8.83093e-01
dXdS[4] = -1.01184e+00
dXdS[5] = -7.24427e-01
dXdS[6] = -7.03141e-01
dXdS[7] = -6.47376e-01
dXdS[8] = -6.16628e-01
dXdS[9] = -5.32261e-01
dXdS[10] = -4.49725e-01
dXdS[11] = -3.67503e-01
dXdS[12] = -2.86982e-01
dXdS[13] = -2.04822e-01
dXdS[14] = -1.48430e-01
dXdS[15] = -4.40618e-02
dXdS[16] = -2.32424e-03
dXdS[17] = 6.06674e-02
dXdS[18] = 1.05270e-01
dXdS[19] = 1.54193e-01
dXdS[20] = 1.93509e-01
dXdS[21] = 2.33659e-01
dXdS[22] = 2.74647e-01
dXdS[23] = 3.16470e-01
dXdS[24] = 4.37250e-02
dXdS[25] = 1.00000e+00


Iteration: 19
Index of specified variable before Newton's method: 25
Temperature before Newton's method: 5.30876e+02 K
Pressure before Newton's method: 4.09832e+06 Pa
Interpolation Scheme: Polynomial (Cubic)
Mixed error in Newton's method (should be < 1): 1.26376e-02
Nº of Newton iterations: 2
Delta of specified variable for the next iteration: 2.00000e-01
Next Iteration variable updated index: 25
lnK[0]		lnK[1]		lnK[2]		lnK[3]		lnK[4]		lnK[5]		lnK[6]		lnK[7]		lnK[8]		lnK[9]		lnK[10]		lnK[11]		lnK[12]		lnK[13]		lnK[14]		lnK[15]		lnK[16]		lnK[17]		lnK[18]		lnK[19]		lnK[20]		lnK[21]		lnK[22]		lnK[23]		lnT(K)		lnP(Pa)		
2.22669e+00	1.54939e+00	1.85612e+00	1.33114e+00	1.97718e+00	6.33430e-01	5.37905e-01	2.68170e-01	1.67146e-01	-1.91071e-01	-5.36807e-01	-8.75956e-01	-1.20953e+00	-1.54145e+00	-1.77224e+00	-2.19156e+00	-2.37546e+00	-2.64184e+00	-2.82961e+00	-3.03699e+00	-3.20686e+00	-3.37977e+00	-3.55564e+00	-3.73437e+00	6.27452e+00	1.52261e+01
Sensitivity vector: 
dXdS[0] = -1.06676e+00
dXdS[1] = -9.15505e-01
dXdS[2] = -9.91010e-01
dXdS[3] = -8.71129e-01
dXdS[4] = -1.00415e+00
dXdS[5] = -7.06957e-01
dXdS[6] = -6.85518e-01
dXdS[7] = -6.27158e-01
dXdS[8] = -5.96409e-01
dXdS[9] = -5.09491e-01
dXdS[10] = -4.24525e-01
dXdS[11] = -3.39925e-01
dXdS[12] = -2.56937e-01
dXdS[13] = -1.72540e-01
dXdS[14] = -1.14361e-01
dXdS[15] = -6.72914e-03
dXdS[16] = 3.60755e-02
dXdS[17] = 1.01979e-01
dXdS[18] = 1.48259e-01
dXdS[19] = 1.99088e-01
dXdS[20] = 2.40521e-01
dXdS[21] = 2.82904e-01
dXdS[22] = 3.26252e-01
dXdS[23] = 3.70575e-01
dXdS[24] = 3.71053e-02
dXdS[25] = 1.00000e+00


Iteration: 20
Index of specified variable before Newton's method: 25
Temperature before Newton's method: 5.34392e+02 K
Pressure before Newton's method: 5.00570e+06 Pa
Interpolation Scheme: Polynomial (Cubic)
Mixed error in Newton's method (should be < 1): 3.42244e-02
Nº of Newton iterations: 2
Delta of specified variable for the next iteration: 2.00000e-01
Next Iteration variable updated index: 25
lnK[0]		lnK[1]		lnK[2]		lnK[3]		lnK[4]		lnK[5]		lnK[6]		lnK[7]		lnK[8]		lnK[9]		lnK[10]		lnK[11]		lnK[12]		lnK[13]		lnK[14]		lnK[15]		lnK[16]		lnK[17]		lnK[18]		lnK[19]		lnK[20]		lnK[21]		lnK[22]		lnK[23]		lnT(K)		lnP(Pa)		
2.01421e+00	1.36738e+00	1.65915e+00	1.15849e+00	1.77743e+00	4.94253e-01	4.03036e-01	1.45269e-01	5.03988e-02	-2.90141e-01	-6.18603e-01	-9.40558e-01	-1.25725e+00	-1.57203e+00	-1.79098e+00	-2.18840e+00	-2.36361e+00	-2.61649e+00	-2.79481e+00	-2.99180e+00	-3.15314e+00	-3.31732e+00	-3.48426e+00	-3.65384e+00	6.28111e+00	1.54261e+01
Sensitivity vector: 
dXdS[0] = -1.05737e+00
dXdS[1] = -9.03874e-01
dXdS[2] = -9.77980e-01
dXdS[3] = -8.54455e-01
dXdS[4] = -9.92613e-01
dXdS[5] = -6.83753e-01
dXdS[6] = -6.62100e-01
dXdS[7] = -6.00682e-01
dXdS[8] = -5.69896e-01
dXdS[9] = -4.79943e-01
dXdS[10] = -3.92083e-01
dXdS[11] = -3.04654e-01
dXdS[12] = -2.18738e-01
dXdS[13] = -1.31675e-01
dXdS[14] = -7.13810e-02
dXdS[15] = 4.01127e-02
dXdS[16] = 8.42041e-02
dXdS[17] = 1.53512e-01
dXdS[18] = 2.01768e-01
dXdS[19] = 2.54839e-01
dXdS[20] = 2.98738e-01
dXdS[21] = 3.43720e-01
dXdS[22] = 3.89812e-01
dXdS[23] = 4.37037e-01
dXdS[24] = 2.84653e-02
dXdS[25] = 1.00000e+00


Iteration: 21
Index of specified variable before Newton's method: 25
Temperature before Newton's method: 5.36867e+02 K
Pressure before Newton's method: 6.11398e+06 Pa
Interpolation Scheme: Polynomial (Cubic)
Mixed error in Newton's method (should be < 1): 9.27042e-02
Nº of Newton iterations: 2
Delta of specified variable for the next iteration: 2.00000e-01
Next Iteration variable updated index: 25
lnK[0]		lnK[1]		lnK[2]		lnK[3]		lnK[4]		lnK[5]		lnK[6]		lnK[7]		lnK[8]		lnK[9]		lnK[10]		lnK[11]		lnK[12]		lnK[13]		lnK[14]		lnK[15]		lnK[16]		lnK[17]		lnK[18]		lnK[19]		lnK[20]		lnK[21]		lnK[22]		lnK[23]		lnT(K)		lnP(Pa)		
1.80402e+00	1.18817e+00	1.46526e+00	9.89740e-01	1.58044e+00	3.60403e-01	2.73545e-01	2.84169e-02	-6.02885e-02	-3.82482e-01	-6.93035e-01	-9.97173e-01	-1.29634e+00	-1.59340e+00	-1.80005e+00	-2.17471e+00	-2.34096e+00	-2.57958e+00	-2.74802e+00	-2.93414e+00	-3.08642e+00	-3.24131e+00	-3.39871e+00	-3.55852e+00	6.28573e+00	1.56261e+01
Sensitivity vector: 
dXdS[0] = -1.04382e+00
dXdS[1] = -8.87276e-01
dXdS[2] = -9.60021e-01
dXdS[3] = -8.32000e-01
dXdS[4] = -9.76467e-01
dXdS[5] = -6.53440e-01
dXdS[6] = -6.31472e-01
dXdS[7] = -5.66399e-01
dXdS[8] = -5.35520e-01
dXdS[9] = -4.41896e-01
dXdS[10] = -3.50537e-01
dXdS[11] = -2.59691e-01
dXdS[12] = -1.70248e-01
dXdS[13] = -7.99626e-02
dXdS[14] = -1.71297e-02
dXdS[15] = 9.89898e-02
dXdS[16] = 1.44665e-01
dXdS[17] = 2.17990e-01
dXdS[18] = 2.68601e-01
dXdS[19] = 3.24342e-01
dXdS[20] = 3.71136e-01
dXdS[21] = 4.19164e-01
dXdS[22] = 4.68467e-01
dXdS[23] = 5.19083e-01
dXdS[24] = 1.71809e-02
dXdS[25] = 1.00000e+00


Iteration: 22
Index of specified variable before Newton's method: 25
Temperature before Newton's method: 5.37959e+02 K
Pressure before Newton's method: 7.46763e+06 Pa
Interpolation Scheme: Polynomial (Cubic)
Mixed error in Newton's method (should be < 1): 1.11758e-01
Nº of Newton iterations: 2
Delta of specified variable for the next iteration: 2.00000e-01
Next Iteration variable updated index: 25
lnK[0]		lnK[1]		lnK[2]		lnK[3]		lnK[4]		lnK[5]		lnK[6]		lnK[7]		lnK[8]		lnK[9]		lnK[10]		lnK[11]		lnK[12]		lnK[13]		lnK[14]		lnK[15]		lnK[16]		lnK[17]		lnK[18]		lnK[19]		lnK[20]		lnK[21]		lnK[22]		lnK[23]		lnT(K)		lnP(Pa)		
1.59700e+00	1.01286e+00	1.27552e+00	8.26152e-01	1.38719e+00	2.33456e-01	1.51037e-01	-8.06479e-02	-1.63161e-01	-4.66193e-01	-7.58058e-01	-1.04362e+00	-1.32449e+00	-1.60310e+00	-1.79688e+00	-2.14778e+00	-2.30470e+00	-2.52819e+00	-2.68624e+00	-2.86089e+00	-3.00348e+00	-3.14841e+00	-3.29559e+00	-3.44488e+00	6.28775e+00	1.58261e+01
Sensitivity vector: 
dXdS[0] = -1.02557e+00
dXdS[1] = -8.64758e-01
dXdS[2] = -9.36342e-01
dXdS[3] = -8.02631e-01
dXdS[4] = -9.55048e-01
dXdS[5] = -6.14430e-01
dXdS[6] = -5.91987e-01
dXdS[7] = -5.22470e-01
dXdS[8] = -4.91402e-01
dXdS[9] = -3.93249e-01
dXdS[10] = -2.97575e-01
dXdS[11] = -2.02519e-01
dXdS[12] = -1.08750e-01
dXdS[13] = -1.44890e-02
dXdS[14] = 5.14430e-02
dXdS[15] = 1.73198e-01
dXdS[16] = 2.20872e-01
dXdS[17] = 2.98996e-01
dXdS[18] = 3.52458e-01
dXdS[19] = 4.11426e-01
dXdS[20] = 4.61656e-01
dXdS[21] = 5.13292e-01
dXdS[22] = 5.66389e-01
dXdS[23] = 6.21000e-01
dXdS[24] = 2.36173e-03
dXdS[25] = 1.00000e+00


Iteration: 23
Index of specified variable before Newton's method: 25
Temperature before Newton's method: 5.37215e+02 K
Pressure before Newton's method: 9.12099e+06 Pa
Interpolation Scheme: Polynomial (Cubic)
Mixed error in Newton's method (should be < 1): 3.70344e-01
Nº of Newton iterations: 2
Delta of specified variable for the next iteration: 2.00000e-01
Next Iteration variable updated index: 25
lnK[0]		lnK[1]		lnK[2]		lnK[3]		lnK[4]		lnK[5]		lnK[6]		lnK[7]		lnK[8]		lnK[9]		lnK[10]		lnK[11]		lnK[12]		lnK[13]		lnK[14]		lnK[15]		lnK[16]		lnK[17]		lnK[18]		lnK[19]		lnK[20]		lnK[21]		lnK[22]		lnK[23]		lnT(K)		lnP(Pa)		
1.39411e+00	8.42721e-01	1.09114e+00	6.69223e-01	1.19880e+00	1.15331e-01	3.74679e-02	-1.79782e-01	-2.56049e-01	-5.38901e-01	-8.11108e-01	-1.07715e+00	-1.33874e+00	-1.59802e+00	-1.77824e+00	-2.10412e+00	-2.25125e+00	-2.45855e+00	-2.60557e+00	-2.76805e+00	-2.90019e+00	-3.03438e+00	-3.17049e+00	-3.30840e+00	6.28635e+00	1.60261e+01
Sensitivity vector: 
dXdS[0] = -1.00251e+00
dXdS[1] = -8.35460e-01
dXdS[2] = -9.06376e-01
dXdS[3] = -7.65233e-01
dXdS[4] = -9.27984e-01
dXdS[5] = -5.64907e-01
dXdS[6] = -5.41728e-01
dXdS[7] = -4.66680e-01
dXdS[8] = -4.35257e-01
dXdS[9] = -3.31369e-01
dXdS[10] = -2.30232e-01
dXdS[11] = -1.29856e-01
dXdS[12] = -3.06468e-02
dXdS[13] = 6.86467e-02
dXdS[14] = 1.38453e-01
dXdS[15] = 2.67233e-01
dXdS[16] = 3.17509e-01
dXdS[17] = 4.01465e-01
dXdS[18] = 4.58454e-01
dXdS[19] = 5.21405e-01
dXdS[20] = 5.75777e-01
dXdS[21] = 6.31749e-01
dXdS[22] = 6.89389e-01
dXdS[23] = 7.48771e-01
dXdS[24] = -1.73235e-02
dXdS[25] = 1.00000e+00


Iteration: 24
Index of specified variable before Newton's method: 25
Temperature before Newton's method: 5.34023e+02 K
Pressure before Newton's method: 1.11404e+07 Pa
Interpolation Scheme: Polynomial (Cubic)
Mixed error in Newton's method (should be < 1): 3.78916e-07
Nº of Newton iterations: 3
Delta of specified variable for the next iteration: 2.00000e-01
Next Iteration variable updated index: 25
lnK[0]		lnK[1]		lnK[2]		lnK[3]		lnK[4]		lnK[5]		lnK[6]		lnK[7]		lnK[8]		lnK[9]		lnK[10]		lnK[11]		lnK[12]		lnK[13]		lnK[14]		lnK[15]		lnK[16]		lnK[17]		lnK[18]		lnK[19]		lnK[20]		lnK[21]		lnK[22]		lnK[23]		lnT(K)		lnP(Pa)		
1.19628e+00	6.79171e-01	9.13394e-01	5.20660e-01	1.01636e+00	8.33622e-03	-6.47825e-02	-2.66344e-01	-3.36269e-01	-5.97628e-01	-8.48925e-01	-1.09423e+00	-1.33530e+00	-1.57409e+00	-1.73988e+00	-2.03913e+00	-2.17588e+00	-2.36569e+00	-2.50088e+00	-2.65028e+00	-2.77106e+00	-2.89354e+00	-3.01759e+00	-3.14306e+00	6.28036e+00	1.62261e+01
Sensitivity vector: 
dXdS[0] = -9.75280e-01
dXdS[1] = -7.98777e-01
dXdS[2] = -8.70070e-01
dXdS[3] = -7.18825e-01
dXdS[4] = -8.95544e-01
dXdS[5] = -5.02720e-01
dXdS[6] = -4.78364e-01
dXdS[7] = -3.96216e-01
dXdS[8] = -3.64146e-01
dXdS[9] = -2.52733e-01
dXdS[10] = -1.44430e-01
dXdS[11] = -3.70874e-02
dXdS[12] = 6.92027e-02
dXdS[13] = 1.75097e-01
dXdS[14] = 2.49908e-01
dXdS[15] = 3.87734e-01
dXdS[16] = 4.41532e-01
dXdS[17] = 5.32764e-01
dXdS[18] = 5.94249e-01
dXdS[19] = 6.62267e-01
dXdS[20] = 7.21745e-01
dXdS[21] = 7.83039e-01
dXdS[22] = 8.46236e-01
dXdS[23] = 9.11426e-01
dXdS[24] = -4.39940e-02
dXdS[25] = 1.00000e+00


Iteration: 25
Index of specified variable before Newton's method: 25
Temperature before Newton's method: 5.27522e+02 K
Pressure before Newton's method: 1.36069e+07 Pa
Interpolation Scheme: Linear
Mixed error in Newton's method (should be < 1): 9.98219e-07
Nº of Newton iterations: 3
Delta of specified variable for the next iteration: 1.00000e-01
Next Iteration variable updated index: 23
lnK[0]		lnK[1]		lnK[2]		lnK[3]		lnK[4]		lnK[5]		lnK[6]		lnK[7]		lnK[8]		lnK[9]		lnK[10]		lnK[11]		lnK[12]		lnK[13]		lnK[14]		lnK[15]		lnK[16]		lnK[17]		lnK[18]		lnK[19]		lnK[20]		lnK[21]		lnK[22]		lnK[23]		lnT(K)		lnP(Pa)		
1.00414e+00	5.23713e-01	7.43475e-01	3.82345e-01	8.40841e-01	-8.47253e-02	-1.52794e-01	-3.37024e-01	-4.00427e-01	-6.38526e-01	-8.67233e-01	-1.09016e+00	-1.30907e+00	-1.52582e+00	-1.67601e+00	-1.94654e+00	-2.07205e+00	-2.24272e+00	-2.36504e+00	-2.50021e+00	-2.60847e+00	-2.71804e+00	-2.82878e+00	-2.94051e+00	6.26805e+00	1.64261e+01
Sensitivity vector: 
dXdS[0] = -9.46135e-01
dXdS[1] = -7.54570e-01
dXdS[2] = -8.28386e-01
dXdS[3] = -6.62654e-01
dXdS[4] = -8.59264e-01
dXdS[5] = -4.24992e-01
dXdS[6] = -3.98678e-01
dXdS[7] = -3.06989e-01
dXdS[8] = -2.73728e-01
dXdS[9] = -1.51933e-01
dXdS[10] = -3.37438e-02
dXdS[11] = 8.31921e-02
dXdS[12] = 1.99163e-01
dXdS[13] = 3.14169e-01
dXdS[14] = 3.95764e-01
dXdS[15] = 5.45805e-01
dXdS[16] = 6.04637e-01
dXdS[17] = 7.05302e-01
dXdS[18] = 7.72783e-01
dXdS[19] = 8.47537e-01
dXdS[20] = 9.13538e-01
dXdS[21] = 9.81596e-01
dXdS[22] = 1.05181e+00
dXdS[23] = 1.12430e+00
dXdS[24] = -8.13315e-02
dXdS[25] = 1.00000e+00


Iteration: 26
Index of specified variable before Newton's method: 23
Temperature before Newton's method: 5.23174e+02 K
Pressure before Newton's method: 1.50380e+07 Pa
Interpolation Scheme: Polynomial (Cubic)
Mixed error in Newton's method (should be < 1): 9.44778e-02
Nº of Newton iterations: 3
Delta of specified variable for the next iteration: 1.00000e-01
Next Iteration variable updated index: 23
lnK[0]		lnK[1]		lnK[2]		lnK[3]		lnK[4]		lnK[5]		lnK[6]		lnK[7]		lnK[8]		lnK[9]		lnK[10]		lnK[11]		lnK[12]		lnK[13]		lnK[14]		lnK[15]		lnK[16]		lnK[17]		lnK[18]		lnK[19]		lnK[20]		lnK[21]		lnK[22]		lnK[23]		lnT(K)		lnP(Pa)		
9.24389e-01	4.60588e-01	6.74001e-01	3.27265e-01	7.68623e-01	-1.19159e-01	-1.84946e-01	-3.61186e-01	-4.21736e-01	-6.49268e-01	-8.67725e-01	-1.08052e+00	-1.28937e+00	-1.49616e+00	-1.63927e+00	-1.89680e+00	-2.01721e+00	-2.17914e+00	-2.29560e+00	-2.42427e+00	-2.52679e+00	-2.63045e+00	-2.73508e+00	-2.84051e+00	6.26030e+00	1.65109e+01
Sensitivity vector: 
dXdS[0] = -7.55830e-01
dXdS[1] = -5.93468e-01
dXdS[2] = -6.54981e-01
dXdS[3] = -5.14265e-01
dXdS[4] = -6.82388e-01
dXdS[5] = -3.12460e-01
dXdS[6] = -2.90188e-01
dXdS[7] = -2.11847e-01
dXdS[8] = -1.84306e-01
dXdS[9] = -8.11450e-02
dXdS[10] = 1.88769e-02
dXdS[11] = 1.17749e-01
dXdS[12] = 2.15856e-01
dXdS[13] = 3.12959e-01
dXdS[14] = 3.81954e-01
dXdS[15] = 5.08696e-01
dXdS[16] = 5.58591e-01
dXdS[17] = 6.44034e-01
dXdS[18] = 7.01229e-01
dXdS[19] = 7.64624e-01
dXdS[20] = 8.20751e-01
dXdS[21] = 8.78631e-01
dXdS[22] = 9.38350e-01
dXdS[23] = 1.00000e+00
dXdS[24] = -8.24575e-02
dXdS[25] = 8.08917e-01


Iteration: 27
Index of specified variable before Newton's method: 23
Temperature before Newton's method: 5.19145e+02 K
Pressure before Newton's method: 1.60375e+07 Pa
Interpolation Scheme: Polynomial (Cubic)
Mixed error in Newton's method (should be < 1): 1.75202e-04
Nº of Newton iterations: 3
Delta of specified variable for the next iteration: 1.00000e-01
Next Iteration variable updated index: 23
lnK[0]		lnK[1]		lnK[2]		lnK[3]		lnK[4]		lnK[5]		lnK[6]		lnK[7]		lnK[8]		lnK[9]		lnK[10]		lnK[11]		lnK[12]		lnK[13]		lnK[14]		lnK[15]		lnK[16]		lnK[17]		lnK[18]		lnK[19]		lnK[20]		lnK[21]		lnK[22]		lnK[23]		lnT(K)		lnP(Pa)		
8.52538e-01	4.04643e-01	6.12069e-01	2.79121e-01	7.03950e-01	-1.47538e-01	-2.11145e-01	-3.79689e-01	-4.37573e-01	-6.55013e-01	-8.63688e-01	-1.06682e+00	-1.26607e+00	-1.46338e+00	-1.59975e+00	-1.84490e+00	-1.96042e+00	-2.11399e+00	-2.22485e+00	-2.34732e+00	-2.44435e+00	-2.54233e+00	-2.64112e+00	-2.74051e+00	6.25158e+00	1.65882e+01
Sensitivity vector: 
dXdS[0] = -6.83138e-01
dXdS[1] = -5.27117e-01
dXdS[2] = -5.85494e-01
dXdS[3] = -4.50284e-01
dXdS[4] = -6.12936e-01
dXdS[5] = -2.56563e-01
dXdS[6] = -2.35178e-01
dXdS[7] = -1.59556e-01
dXdS[8] = -1.33710e-01
dXdS[9] = -3.49013e-02
dXdS[10] = 6.08205e-02
dXdS[11] = 1.55353e-01
dXdS[12] = 2.49189e-01
dXdS[13] = 3.41907e-01
dXdS[14] = 4.07857e-01
dXdS[15] = 5.28874e-01
dXdS[16] = 5.76759e-01
dXdS[17] = 6.58641e-01
dXdS[18] = 7.13417e-01
dXdS[19] = 7.74157e-01
dXdS[20] = 8.28020e-01
dXdS[21] = 8.83560e-01
dXdS[22] = 9.40857e-01
dXdS[23] = 1.00000e+00
dXdS[24] = -9.17411e-02
dXdS[25] = 7.38696e-01


Iteration: 28
Index of specified variable before Newton's method: 23
Temperature before Newton's method: 5.13873e+02 K
Pressure before Newton's method: 1.71748e+07 Pa
Interpolation Scheme: Polynomial (Cubic)
Mixed error in Newton's method (should be < 1): 1.26376e-02
Nº of Newton iterations: 2
Delta of specified variable for the next iteration: 2.00000e-01
Next Iteration variable updated index: 23
lnK[0]		lnK[1]		lnK[2]		lnK[3]		lnK[4]		lnK[5]		lnK[6]		lnK[7]		lnK[8]		lnK[9]		lnK[10]		lnK[11]		lnK[12]		lnK[13]		lnK[14]		lnK[15]		lnK[16]		lnK[17]		lnK[18]		lnK[19]		lnK[20]		lnK[21]		lnK[22]		lnK[23]		lnT(K)		lnP(Pa)		
7.87412e-01	3.54861e-01	5.56571e-01	2.36910e-01	6.45702e-01	-1.70730e-01	-2.32234e-01	-3.93335e-01	-4.48707e-01	-6.56456e-01	-8.55747e-01	-1.04961e+00	-1.23967e+00	-1.42790e+00	-1.55781e+00	-1.79111e+00	-1.90193e+00	-2.04746e+00	-2.15296e+00	-2.26947e+00	-2.36121e+00	-2.45375e+00	-2.54692e+00	-2.64051e+00	6.24197e+00	1.66589e+01
Sensitivity vector: 
dXdS[0] = -6.20946e-01
dXdS[1] = -4.69884e-01
dXdS[2] = -5.25956e-01
dXdS[3] = -3.95284e-01
dXdS[4] = -5.53511e-01
dXdS[5] = -2.08439e-01
dXdS[6] = -1.87738e-01
dXdS[7] = -1.14438e-01
dXdS[8] = -9.00032e-02
dXdS[9] = 5.11261e-03
dXdS[10] = 9.71814e-02
dXdS[11] = 1.88019e-01
dXdS[12] = 2.78206e-01
dXdS[13] = 3.67188e-01
dXdS[14] = 4.30523e-01
dXdS[15] = 5.46610e-01
dXdS[16] = 5.92829e-01
dXdS[17] = 6.71576e-01
dXdS[18] = 7.24259e-01
dXdS[19] = 7.82699e-01
dXdS[20] = 8.34546e-01
dXdS[21] = 8.87994e-01
dXdS[22] = 9.43118e-01
dXdS[23] = 1.00000e+00
dXdS[24] = -1.00355e-01
dXdS[25] = 6.76633e-01


Iteration: 29
Index of specified variable before Newton's method: 23
Temperature before Newton's method: 5.02865e+02 K
Pressure before Newton's method: 1.94534e+07 Pa
Interpolation Scheme: Polynomial (Cubic)
Mixed error in Newton's method (should be < 1): 6.57781e-01
Nº of Newton iterations: 2
Delta of specified variable for the next iteration: 2.00000e-01
Next Iteration variable updated index: 23
lnK[0]		lnK[1]		lnK[2]		lnK[3]		lnK[4]		lnK[5]		lnK[6]		lnK[7]		lnK[8]		lnK[9]		lnK[10]		lnK[11]		lnK[12]		lnK[13]		lnK[14]		lnK[15]		lnK[16]		lnK[17]		lnK[18]		lnK[19]		lnK[20]		lnK[21]		lnK[22]		lnK[23]		lnT(K)		lnP(Pa)		
6.73709e-01	2.70642e-01	4.61438e-01	1.67186e-01	5.45021e-01	-2.04234e-01	-2.61696e-01	-4.08529e-01	-4.59242e-01	-6.48583e-01	-8.30070e-01	-1.00639e+00	-1.17902e+00	-1.35008e+00	-1.46776e+00	-1.67869e+00	-1.78053e+00	-1.91087e+00	-2.00618e+00	-2.11141e+00	-2.19313e+00	-2.27535e+00	-2.35789e+00	-2.44051e+00	6.22031e+00	1.67833e+01
Sensitivity vector: 
dXdS[0] = -5.20811e-01
dXdS[1] = -3.76382e-01
dXdS[2] = -4.29846e-01
dXdS[3] = -3.05986e-01
dXdS[4] = -4.57819e-01
dXdS[5] = -1.30089e-01
dXdS[6] = -1.10276e-01
dXdS[7] = -4.07044e-02
dXdS[8] = -1.84269e-02
dXdS[9] = 7.08354e-02
dXdS[10] = 1.57099e-01
dXdS[11] = 2.42041e-01
dXdS[12] = 3.26371e-01
dXdS[13] = 4.09383e-01
dXdS[14] = 4.68482e-01
dXdS[15] = 5.76539e-01
dXdS[16] = 6.20231e-01
dXdS[17] = 6.93673e-01
dXdS[18] = 7.42920e-01
dXdS[19] = 7.97574e-01
dXdS[20] = 8.45946e-01
dXdS[21] = 8.95765e-01
dXdS[22] = 9.47094e-01
dXdS[23] = 1.00000e+00
dXdS[24] = -1.16029e-01
dXdS[25] = 5.70869e-01


Iteration: 30
Index of specified variable before Newton's method: 23
Temperature before Newton's method: 4.90628e+02 K
Pressure before Newton's method: 2.16103e+07 Pa
Interpolation Scheme: Polynomial (Cubic)
Mixed error in Newton's method (should be < 1): 1.01192e-07
Nº of Newton iterations: 3
Delta of specified variable for the next iteration: 2.00000e-01
Next Iteration variable updated index: 23
lnK[0]		lnK[1]		lnK[2]		lnK[3]		lnK[4]		lnK[5]		lnK[6]		lnK[7]		lnK[8]		lnK[9]		lnK[10]		lnK[11]		lnK[12]		lnK[13]		lnK[14]		lnK[15]		lnK[16]		lnK[17]		lnK[18]		lnK[19]		lnK[20]		lnK[21]		lnK[22]		lnK[23]		lnT(K)		lnP(Pa)		
5.77502e-01	2.02948e-01	3.83132e-01	1.13167e-01	4.61061e-01	-2.23930e-01	-2.77475e-01	-4.10689e-01	-4.57105e-01	-6.29048e-01	-7.93734e-01	-9.53526e-01	-1.10976e+00	-1.26468e+00	-1.37088e+00	-1.56084e+00	-1.65413e+00	-1.77023e+00	-1.85598e+00	-1.95058e+00	-2.02293e+00	-2.09551e+00	-2.16811e+00	-2.24051e+00	6.19567e+00	1.68884e+01
Sensitivity vector: 
dXdS[0] = -4.44593e-01
dXdS[1] = -3.03391e-01
dXdS[2] = -3.56367e-01
dXdS[3] = -2.37026e-01
dXdS[4] = -3.84961e-01
dXdS[5] = -6.93025e-02
dXdS[6] = -4.98753e-02
dXdS[7] = 1.68639e-02
dXdS[8] = 3.76624e-02
dXdS[9] = 1.22595e-01
dXdS[10] = 2.04546e-01
dXdS[11] = 2.85074e-01
dXdS[12] = 3.64973e-01
dXdS[13] = 4.43509e-01
dXdS[14] = 4.99350e-01
dXdS[15] = 6.01179e-01
dXdS[16] = 6.43155e-01
dXdS[17] = 7.12213e-01
dXdS[18] = 7.58756e-01
dXdS[19] = 8.10414e-01
dXdS[20] = 8.55831e-01
dXdS[21] = 9.02535e-01
dXdS[22] = 9.50574e-01
dXdS[23] = 1.00000e+00
dXdS[24] = -1.30115e-01
dXdS[25] = 4.82586e-01


Iteration: 31
Index of specified variable before Newton's method: 23
Temperature before Newton's method: 4.77398e+02 K
Pressure before Newton's method: 2.36128e+07 Pa
Interpolation Scheme: Polynomial (Cubic)
Mixed error in Newton's method (should be < 1): 8.53460e-01
Nº of Newton iterations: 2
Delta of specified variable for the next iteration: 2.00000e-01
Next Iteration variable updated index: 23
lnK[0]		lnK[1]		lnK[2]		lnK[3]		lnK[4]		lnK[5]		lnK[6]		lnK[7]		lnK[8]		lnK[9]		lnK[10]		lnK[11]		lnK[12]		lnK[13]		lnK[14]		lnK[15]		lnK[16]		lnK[17]		lnK[18]		lnK[19]		lnK[20]		lnK[21]		lnK[22]		lnK[23]		lnT(K)		lnP(Pa)		
4.94739e-01	1.48328e-01	3.17821e-01	7.14178e-02	3.89955e-01	-2.32781e-01	-2.82445e-01	-4.02540e-01	-4.44901e-01	-6.00195e-01	-7.48830e-01	-8.92866e-01	-1.03347e+00	-1.17304e+00	-1.26834e+00	-1.43845e+00	-1.52346e+00	-1.62614e+00	-1.70280e+00	-1.78732e+00	-1.85086e+00	-1.91438e+00	-1.97768e+00	-2.04051e+00	6.16834e+00	1.69771e+01
Sensitivity vector: 
dXdS[0] = -3.85448e-01
dXdS[1] = -2.44842e-01
dXdS[2] = -2.99024e-01
dXdS[3] = -1.82495e-01
dXdS[4] = -3.28398e-01
dXdS[5] = -2.09503e-02
dXdS[6] = -1.51785e-03
dXdS[7] = 6.30212e-02
dXdS[8] = 8.28531e-02
dXdS[9] = 1.64558e-01
dXdS[10] = 2.43277e-01
dXdS[11] = 3.20463e-01
dXdS[12] = 3.96956e-01
dXdS[13] = 4.72095e-01
dXdS[14] = 5.25377e-01
dXdS[15] = 6.22259e-01
dXdS[16] = 6.63122e-01
dXdS[17] = 7.28414e-01
dXdS[18] = 7.72763e-01
dXdS[19] = 8.21979e-01
dXdS[20] = 8.64776e-01
dXdS[21] = 9.08691e-01
dXdS[22] = 9.53755e-01
dXdS[23] = 1.00000e+00
dXdS[24] = -1.42959e-01
dXdS[25] = 4.06199e-01


Iteration: 32
Index of specified variable before Newton's method: 23
Temperature before Newton's method: 4.63386e+02 K
Pressure before Newton's method: 2.54331e+07 Pa
Interpolation Scheme: Polynomial (Cubic)
Mixed error in Newton's method (should be < 1): 6.76915e-01
Nº of Newton iterations: 2
Delta of specified variable for the next iteration: 2.00000e-01
Next Iteration variable updated index: 23
lnK[0]		lnK[1]		lnK[2]		lnK[3]		lnK[4]		lnK[5]		lnK[6]		lnK[7]		lnK[8]		lnK[9]		lnK[10]		lnK[11]		lnK[12]		lnK[13]		lnK[14]		lnK[15]		lnK[16]		lnK[17]		lnK[18]		lnK[19]		lnK[20]		lnK[21]		lnK[22]		lnK[23]		lnT(K)		lnP(Pa)		
4.22488e-01	1.04320e-01	2.62735e-01	3.94701e-02	3.28906e-01	-2.32911e-01	-2.78661e-01	-3.86029e-01	-4.24485e-01	-5.63691e-01	-6.96836e-01	-8.25701e-01	-9.51284e-01	-1.07610e+00	-1.16095e+00	-1.31210e+00	-1.38901e+00	-1.47896e+00	-1.54695e+00	-1.62184e+00	-1.67706e+00	-1.73206e+00	-1.78662e+00	-1.84051e+00	6.13856e+00	1.70515e+01
Sensitivity vector: 
dXdS[0] = -3.38859e-01
dXdS[1] = -1.96707e-01
dXdS[2] = -2.53526e-01
dXdS[3] = -1.38482e-01
dXdS[4] = -2.83811e-01
dXdS[5] = 1.83637e-02
dXdS[6] = 3.81217e-02
dXdS[7] = 1.00917e-01
dXdS[8] = 1.20187e-01
dXdS[9] = 1.99493e-01
dXdS[10] = 2.75788e-01
dXdS[11] = 3.50432e-01
dXdS[12] = 4.24280e-01
dXdS[13] = 4.96831e-01
dXdS[14] = 5.48067e-01
dXdS[15] = 6.40937e-01
dXdS[16] = 6.81154e-01
dXdS[17] = 7.43094e-01
dXdS[18] = 7.85618e-01
dXdS[19] = 8.32786e-01
dXdS[20] = 8.73171e-01
dXdS[21] = 9.14494e-01
dXdS[22] = 9.56767e-01
dXdS[23] = 1.00000e+00
dXdS[24] = -1.54733e-01
dXdS[25] = 3.38103e-01


Iteration: 33
Index of specified variable before Newton's method: 23
Temperature before Newton's method: 4.48773e+02 K
Pressure before Newton's method: 2.70404e+07 Pa
Interpolation Scheme: Polynomial (Cubic)
Mixed error in Newton's method (should be < 1): 6.99810e-01
Nº of Newton iterations: 2
Delta of specified variable for the next iteration: 2.00000e-01
Next Iteration variable updated index: 23
lnK[0]		lnK[1]		lnK[2]		lnK[3]		lnK[4]		lnK[5]		lnK[6]		lnK[7]		lnK[8]		lnK[9]		lnK[10]		lnK[11]		lnK[12]		lnK[13]		lnK[14]		lnK[15]		lnK[16]		lnK[17]		lnK[18]		lnK[19]		lnK[20]		lnK[21]		lnK[22]		lnK[23]		lnT(K)		lnP(Pa)		
3.58567e-01	6.91365e-02	2.15819e-01	1.55043e-02	2.75831e-01	-2.25881e-01	-2.67624e-01	-3.62579e-01	-3.97209e-01	-5.20739e-01	-6.38814e-01	-7.52951e-01	-8.63981e-01	-9.74490e-01	-1.04927e+00	-1.18218e+00	-1.25108e+00	-1.32896e+00	-1.38860e+00	-1.45424e+00	-1.50161e+00	-1.54859e+00	-1.59498e+00	-1.64051e+00	6.10652e+00	1.71128e+01
Sensitivity vector: 
dXdS[0] = -3.01726e-01
dXdS[1] = -1.56222e-01
dXdS[2] = -2.16931e-01
dXdS[3] = -1.02304e-01
dXdS[4] = -2.48239e-01
dXdS[5] = 5.09710e-02
dXdS[6] = 7.13273e-02
dXdS[7] = 1.32713e-01
dXdS[8] = 1.51756e-01
dXdS[9] = 2.29300e-01
dXdS[10] = 3.03796e-01
dXdS[11] = 3.76514e-01
dXdS[12] = 4.48295e-01
dXdS[13] = 5.18881e-01
dXdS[14] = 5.68456e-01
dXdS[15] = 6.58017e-01
dXdS[16] = 6.97960e-01
dXdS[17] = 7.56822e-01
dXdS[18] = 7.97789e-01
dXdS[19] = 8.43193e-01
dXdS[20] = 8.81289e-01
dXdS[21] = 9.20129e-01
dXdS[22] = 9.59705e-01
dXdS[23] = 1.00000e+00
dXdS[24] = -1.65507e-01
dXdS[25] = 2.75897e-01


Iteration: 34
Index of specified variable before Newton's method: 23
Temperature before Newton's method: 4.33729e+02 K
Pressure before Newton's method: 2.84070e+07 Pa
Interpolation Scheme: Polynomial (Cubic)
Mixed error in Newton's method (should be < 1): 8.83357e-07
Nº of Newton iterations: 3
Delta of specified variable for the next iteration: 2.00000e-01
Next Iteration variable updated index: 23
lnK[0]		lnK[1]		lnK[2]		lnK[3]		lnK[4]		lnK[5]		lnK[6]		lnK[7]		lnK[8]		lnK[9]		lnK[10]		lnK[11]		lnK[12]		lnK[13]		lnK[14]		lnK[15]		lnK[16]		lnK[17]		lnK[18]		lnK[19]		lnK[20]		lnK[21]		lnK[22]		lnK[23]		lnT(K)		lnP(Pa)		
3.01315e-01	4.14530e-02	1.75510e-01	-1.84622e-03	2.29150e-01	-2.12858e-01	-2.50451e-01	-3.33248e-01	-3.64068e-01	-4.72222e-01	-5.75536e-01	-6.75282e-01	-7.72123e-01	-8.68670e-01	-9.33676e-01	-1.04896e+00	-1.10988e+00	-1.17627e+00	-1.22786e+00	-1.28457e+00	-1.32455e+00	-1.36401e+00	-1.40274e+00	-1.44051e+00	6.07242e+00	1.71621e+01
Sensitivity vector: 
dXdS[0] = -2.71856e-01
dXdS[1] = -1.21431e-01
dXdS[2] = -1.87156e-01
dXdS[3] = -7.20627e-02
dXdS[4] = -2.19586e-01
dXdS[5] = 7.85205e-02
dXdS[6] = 9.97140e-02
dXdS[7] = 1.59941e-01
dXdS[8] = 1.79036e-01
dXdS[9] = 2.55324e-01
dXdS[10] = 3.28513e-01
dXdS[11] = 3.99789e-01
dXdS[12] = 4.69955e-01
dXdS[13] = 5.39066e-01
dXdS[14] = 5.87278e-01
dXdS[15] = 6.74062e-01
dXdS[16] = 7.14039e-01
dXdS[17] = 7.69998e-01
dXdS[18] = 8.09606e-01
dXdS[19] = 8.53453e-01
dXdS[20] = 8.89321e-01
dXdS[21] = 9.25725e-01
dXdS[22] = 9.62632e-01
dXdS[23] = 1.00000e+00
dXdS[24] = -1.75284e-01
dXdS[25] = 2.17935e-01


Iteration: 35
Index of specified variable before Newton's method: 23
Temperature before Newton's method: 4.18413e+02 K
Pressure before Newton's method: 2.95084e+07 Pa
Interpolation Scheme: Polynomial (Cubic)
Mixed error in Newton's method (should be < 1): 2.43159e-06
Nº of Newton iterations: 3
Delta of specified variable for the next iteration: 2.00000e-01
Next Iteration variable updated index: 23
lnK[0]		lnK[1]		lnK[2]		lnK[3]		lnK[4]		lnK[5]		lnK[6]		lnK[7]		lnK[8]		lnK[9]		lnK[10]		lnK[11]		lnK[12]		lnK[13]		lnK[14]		lnK[15]		lnK[16]		lnK[17]		lnK[18]		lnK[19]		lnK[20]		lnK[21]		lnK[22]		lnK[23]		lnT(K)		lnP(Pa)		
2.49447e-01	2.02795e-02	1.40603e-01	-1.36241e-02	1.87638e-01	-1.94729e-01	-2.27981e-01	-2.98833e-01	-3.25808e-01	-4.18796e-01	-5.07569e-01	-5.93171e-01	-6.76110e-01	-7.58948e-01	-8.14429e-01	-9.12600e-01	-9.65494e-01	-1.02098e+00	-1.06477e+00	-1.11285e+00	-1.14588e+00	-1.17830e+00	-1.20992e+00	-1.24051e+00	6.03647e+00	1.72002e+01
Sensitivity vector: 
dXdS[0] = -2.47657e-01
dXdS[1] = -9.09226e-02
dXdS[2] = -1.62689e-01
dXdS[3] = -4.63826e-02
dXdS[4] = -1.96330e-01
dXdS[5] = 1.02206e-01
dXdS[6] = 1.24449e-01
dXdS[7] = 1.83705e-01
dXdS[8] = 2.03096e-01
dXdS[9] = 2.78533e-01
dXdS[10] = 3.50812e-01
dXdS[11] = 4.21034e-01
dXdS[12] = 4.89943e-01
dXdS[13] = 5.57974e-01
dXdS[14] = 6.05052e-01
dXdS[15] = 6.89473e-01
dXdS[16] = 7.29742e-01
dXdS[17] = 7.82904e-01
dXdS[18] = 8.21298e-01
dXdS[19] = 8.63741e-01
dXdS[20] = 8.97399e-01
dXdS[21] = 9.31369e-01
dXdS[22] = 9.65594e-01
dXdS[23] = 1.00000e+00
dXdS[24] = -1.84027e-01
dXdS[25] = 1.63073e-01


Iteration: 36
Index of specified variable before Newton's method: 23
Temperature before Newton's method: 4.02977e+02 K
Pressure before Newton's method: 3.03256e+07 Pa
Interpolation Scheme: Polynomial (Cubic)
Mixed error in Newton's method (should be < 1): 1.36036e-06
Nº of Newton iterations: 3
Delta of specified variable for the next iteration: 2.00000e-01
Next Iteration variable updated index: 23
lnK[0]		lnK[1]		lnK[2]		lnK[3]		lnK[4]		lnK[5]		lnK[6]		lnK[7]		lnK[8]		lnK[9]		lnK[10]		lnK[11]		lnK[12]		lnK[13]		lnK[14]		lnK[15]		lnK[16]		lnK[17]		lnK[18]		lnK[19]		lnK[20]		lnK[21]		lnK[22]		lnK[23]		lnT(K)		lnP(Pa)		
2.01954e-01	4.86786e-03	1.10156e-01	-2.06351e-02	1.50334e-01	-1.72175e-01	-2.00857e-01	-2.59942e-01	-2.82992e-01	-3.60949e-01	-4.35330e-01	-5.06966e-01	-5.76224e-01	-6.45537e-01	-6.91700e-01	-7.73196e-01	-8.17988e-01	-8.63116e-01	-8.99337e-01	-9.39065e-01	-9.65582e-01	-9.91453e-01	-1.01650e+00	-1.04051e+00	5.99888e+00	1.72275e+01
Sensitivity vector: 
dXdS[0] = -2.27944e-01
dXdS[1] = -6.36652e-02
dXdS[2] = -1.42407e-01
dXdS[3] = -2.42490e-02
dXdS[4] = -1.77339e-01
dXdS[5] = 1.22905e-01
dXdS[6] = 1.46388e-01
dXdS[7] = 2.04817e-01
dXdS[8] = 2.24713e-01
dXdS[9] = 2.99633e-01
dXdS[10] = 3.71326e-01
dXdS[11] = 4.40810e-01
dXdS[12] = 5.08748e-01
dXdS[13] = 5.76022e-01
dXdS[14] = 6.22149e-01
dXdS[15] = 7.04528e-01
dXdS[16] = 7.45310e-01
dXdS[17] = 7.95731e-01
dXdS[18] = 8.33021e-01
dXdS[19] = 8.74172e-01
dXdS[20] = 9.05608e-01
dXdS[21] = 9.37120e-01
dXdS[22] = 9.68619e-01
dXdS[23] = 1.00000e+00
dXdS[24] = -1.91674e-01
dXdS[25] = 1.10499e-01


Iteration: 37
Index of specified variable before Newton's method: 23
Temperature before Newton's method: 3.87562e+02 K
Pressure before Newton's method: 3.08450e+07 Pa
Interpolation Scheme: Polynomial (Cubic)
Mixed error in Newton's method (should be < 1): 3.70087e-05
Nº of Newton iterations: 3
Delta of specified variable for the next iteration: 2.00000e-01
Next Iteration variable updated index: 23
lnK[0]		lnK[1]		lnK[2]		lnK[3]		lnK[4]		lnK[5]		lnK[6]		lnK[7]		lnK[8]		lnK[9]		lnK[10]		lnK[11]		lnK[12]		lnK[13]		lnK[14]		lnK[15]		lnK[16]		lnK[17]		lnK[18]		lnK[19]		lnK[20]		lnK[21]		lnK[22]		lnK[23]		lnT(K)		lnP(Pa)		
1.58032e-01	-5.35224e-03	8.34189e-02	-2.35091e-02	1.16476e-01	-1.45723e-01	-1.69570e-01	-2.17043e-01	-2.36047e-01	-2.99049e-01	-3.59127e-01	-4.16918e-01	-4.72666e-01	-5.28577e-01	-5.65597e-01	-6.30800e-01	-6.67368e-01	-7.02684e-01	-7.31551e-01	-7.63170e-01	-7.83625e-01	-8.03443e-01	-8.22467e-01	-8.40510e-01	5.95988e+00	1.72445e+01
Sensitivity vector: 
dXdS[0] = -2.11814e-01
dXdS[1] = -3.88995e-02
dXdS[2] = -1.25459e-01
dXdS[3] = -4.90281e-03
dXdS[4] = -1.61752e-01
dXdS[5] = 1.41271e-01
dXdS[6] = 1.66164e-01
dXdS[7] = 2.23874e-01
dXdS[8] = 2.44461e-01
dXdS[9] = 3.19136e-01
dXdS[10] = 3.90510e-01
dXdS[11] = 4.59516e-01
dXdS[12] = 5.26717e-01
dXdS[13] = 5.93498e-01
dXdS[14] = 6.38819e-01
dXdS[15] = 7.19414e-01
dXdS[16] = 7.60895e-01
dXdS[17] = 8.08600e-01
dXdS[18] = 8.44868e-01
dXdS[19] = 8.84810e-01
dXdS[20] = 9.13998e-01
dXdS[21] = 9.43008e-01
dXdS[22] = 9.71723e-01
dXdS[23] = 1.00000e+00
dXdS[24] = -1.98148e-01
dXdS[25] = 5.96362e-02


Iteration: 38
Index of specified variable before Newton's method: 23
Temperature before Newton's method: 3.72301e+02 K
Pressure before Newton's method: 3.10600e+07 Pa
Interpolation Scheme: Polynomial (Cubic)
Mixed error in Newton's method (should be < 1): 1.89200e-04
Nº of Newton iterations: 3
Delta of specified variable for the next iteration: 2.00000e-01
Next Iteration variable updated index: 23
lnK[0]		lnK[1]		lnK[2]		lnK[3]		lnK[4]		lnK[5]		lnK[6]		lnK[7]		lnK[8]		lnK[9]		lnK[10]		lnK[11]		lnK[12]		lnK[13]		lnK[14]		lnK[15]		lnK[16]		lnK[17]		lnK[18]		lnK[19]		lnK[20]		lnK[21]		lnK[22]		lnK[23]		lnT(K)		lnP(Pa)		
1.17036e-01	-1.08207e-02	5.97939e-02	-2.27437e-02	8.54512e-02	-1.15789e-01	-1.34504e-01	-1.70500e-01	-1.85304e-01	-2.33377e-01	-2.79193e-01	-3.23212e-01	-3.65578e-01	-4.08164e-01	-4.36190e-01	-4.85434e-01	-5.13623e-01	-5.39669e-01	-5.61378e-01	-5.85125e-01	-5.99970e-01	-6.14241e-01	-6.27806e-01	-6.40510e-01	5.91971e+00	1.72514e+01
Sensitivity vector: 
dXdS[0] = -1.98568e-01
dXdS[1] = -1.60710e-02
dXdS[2] = -1.11191e-01
dXdS[3] = 1.22271e-02
dXdS[4] = -1.48902e-01
dXdS[5] = 1.57790e-01
dXdS[6] = 1.84240e-01
dXdS[7] = 2.41315e-01
dXdS[8] = 2.62752e-01
dXdS[9] = 3.37409e-01
dXdS[10] = 4.08683e-01
dXdS[11] = 4.77425e-01
dXdS[12] = 5.44081e-01
dXdS[13] = 6.10587e-01
dXdS[14] = 6.55221e-01
dXdS[15] = 7.34237e-01
dXdS[16] = 7.76576e-01
dXdS[17] = 8.21572e-01
dXdS[18] = 8.56882e-01
dXdS[19] = 8.95677e-01
dXdS[20] = 9.22581e-01
dXdS[21] = 9.49041e-01
dXdS[22] = 9.74907e-01
dXdS[23] = 1.00000e+00
dXdS[24] = -2.03370e-01
dXdS[25] = 1.00672e-02


Iteration: 39
Index of specified variable before Newton's method: 23
Temperature before Newton's method: 3.57315e+02 K
Pressure before Newton's method: 3.09712e+07 Pa
Interpolation Scheme: Polynomial (Cubic)
Mixed error in Newton's method (should be < 1): 2.81505e-04
Nº of Newton iterations: 3
Delta of specified variable for the next iteration: 2.00000e-01
Next Iteration variable updated index: 23
lnK[0]		lnK[1]		lnK[2]		lnK[3]		lnK[4]		lnK[5]		lnK[6]		lnK[7]		lnK[8]		lnK[9]		lnK[10]		lnK[11]		lnK[12]		lnK[13]		lnK[14]		lnK[15]		lnK[16]		lnK[17]		lnK[18]		lnK[19]		lnK[20]		lnK[21]		lnK[22]		lnK[23]		lnT(K)		lnP(Pa)		
7.84494e-02	-1.18831e-02	3.87983e-02	-1.87371e-02	5.67681e-02	-8.27056e-02	-9.59647e-02	-1.20603e-01	-1.31024e-01	-1.64151e-01	-1.95707e-01	-2.25989e-01	-2.55065e-01	-2.84361e-01	-3.03522e-01	-3.37106e-01	-3.56731e-01	-3.74048e-01	-3.88787e-01	-4.04885e-01	-4.14580e-01	-4.23818e-01	-4.32500e-01	-4.40510e-01	5.87862e+00	1.72486e+01
Sensitivity vector: 
dXdS[0] = -1.87651e-01
dXdS[1] = 5.21655e-03
dXdS[2] = -9.90903e-02
dXdS[3] = 2.75704e-02
dXdS[4] = -1.38260e-01
dXdS[5] = 1.72822e-01
dXdS[6] = 2.00951e-01
dXdS[7] = 2.57454e-01
dXdS[8] = 2.79877e-01
dXdS[9] = 3.54701e-01
dXdS[10] = 4.26057e-01
dXdS[11] = 4.94710e-01
dXdS[12] = 5.60976e-01
dXdS[13] = 6.27390e-01
dXdS[14] = 6.71432e-01
dXdS[15] = 7.49038e-01
dXdS[16] = 7.92366e-01
dXdS[17] = 8.34652e-01
dXdS[18] = 8.69054e-01
dXdS[19] = 9.06752e-01
dXdS[20] = 9.31340e-01
dXdS[21] = 9.55205e-01
dXdS[22] = 9.78165e-01
dXdS[23] = 1.00000e+00
dXdS[24] = -2.07259e-01
dXdS[25] = -3.85062e-02


Iteration: 40
Index of specified variable before Newton's method: 23
Temperature before Newton's method: 3.42713e+02 K
Pressure before Newton's method: 3.05866e+07 Pa
Interpolation Scheme: Polynomial (Cubic)
Mixed error in Newton's method (should be < 1): 3.96001e-03
Nº of Newton iterations: 3
Delta of specified variable for the next iteration: 1.20255e-01
Next Iteration variable updated index: 23
lnK[0]		lnK[1]		lnK[2]		lnK[3]		lnK[4]		lnK[5]		lnK[6]		lnK[7]		lnK[8]		lnK[9]		lnK[10]		lnK[11]		lnK[12]		lnK[13]		lnK[14]		lnK[15]		lnK[16]		lnK[17]		lnK[18]		lnK[19]		lnK[20]		lnK[21]		lnK[22]		lnK[23]		lnT(K)		lnP(Pa)		
4.18509e-02	-8.81863e-03	2.00405e-02	-1.18131e-02	3.00288e-02	-4.67424e-02	-5.41995e-02	-6.75907e-02	-7.34186e-02	-9.15513e-02	-1.08816e-01	-1.25364e-01	-1.41214e-01	-1.57225e-01	-1.67629e-01	-1.85822e-01	-1.96672e-01	-2.05803e-01	-2.13749e-01	-2.22414e-01	-2.27425e-01	-2.32152e-01	-2.36536e-01	-2.40510e-01	5.83690e+00	1.72361e+01
Sensitivity vector: 
dXdS[0] = -1.78615e-01
dXdS[1] = 2.52329e-02
dXdS[2] = -8.87529e-02
dXdS[3] = 4.14470e-02
dXdS[4] = -1.29399e-01
dXdS[5] = 1.86623e-01
dXdS[6] = 2.16527e-01
dXdS[7] = 2.72503e-01
dXdS[8] = 2.96025e-01
dXdS[9] = 3.71165e-01
dXdS[10] = 4.42749e-01
dXdS[11] = 5.11457e-01
dXdS[12] = 5.77462e-01
dXdS[13] = 6.43931e-01
dXdS[14] = 6.87461e-01
dXdS[15] = 7.63799e-01
dXdS[16] = 8.08218e-01
dXdS[17] = 8.47800e-01
dXdS[18] = 8.81337e-01
dXdS[19] = 9.17979e-01
dXdS[20] = 9.40225e-01
dXdS[21] = 9.61464e-01
dXdS[22] = 9.81475e-01
dXdS[23] = 1.00000e+00
dXdS[24] = -2.09744e-01
dXdS[25] = -8.62961e-02


Iteration: 41
Index of specified variable before Newton's method: 23
Temperature before Newton's method: 3.34160e+02 K
Pressure before Newton's method: 3.02190e+07 Pa
Interpolation Scheme: Polynomial (Cubic)
Mixed error in Newton's method (should be < 1): 4.09606e-04
Nº of Newton iterations: 3
Delta of specified variable for the next iteration: 6.01274e-02
Next Iteration variable updated index: 23
lnK[0]		lnK[1]		lnK[2]		lnK[3]		lnK[4]		lnK[5]		lnK[6]		lnK[7]		lnK[8]		lnK[9]		lnK[10]		lnK[11]		lnK[12]		lnK[13]		lnK[14]		lnK[15]		lnK[16]		lnK[17]		lnK[18]		lnK[19]		lnK[20]		lnK[21]		lnK[22]		lnK[23]		lnT(K)		lnP(Pa)		
2.06584e-02	-5.08914e-03	9.70337e-03	-6.35942e-03	1.47505e-02	-2.38284e-02	-2.76236e-02	-3.43014e-02	-3.72586e-02	-4.63408e-02	-5.49858e-02	-6.32663e-02	-7.11862e-02	-7.91982e-02	-8.43844e-02	-9.34398e-02	-9.89075e-02	-1.03376e-01	-1.07319e-01	-1.11615e-01	-1.14036e-01	-1.16304e-01	-1.18389e-01	-1.20255e-01	5.81162e+00	1.72240e+01
Sensitivity vector: 
dXdS[0] = -1.73930e-01
dXdS[1] = 3.67293e-02
dXdS[2] = -8.32482e-02
dXdS[3] = 4.91849e-02
dXdS[4] = -1.24780e-01
dXdS[5] = 1.94406e-01
dXdS[6] = 2.25409e-01
dXdS[7] = 2.81086e-01
dXdS[8] = 3.05313e-01
dXdS[9] = 3.80700e-01
dXdS[10] = 4.52477e-01
dXdS[11] = 5.21275e-01
dXdS[12] = 5.87174e-01
dXdS[13] = 6.53736e-01
dXdS[14] = 6.96992e-01
dXdS[15] = 7.72627e-01
dXdS[16] = 8.17739e-01
dXdS[17] = 8.55703e-01
dXdS[18] = 8.88738e-01
dXdS[19] = 9.24763e-01
dXdS[20] = 9.45598e-01
dXdS[21] = 9.65251e-01
dXdS[22] = 9.83479e-01
dXdS[23] = 1.00000e+00
dXdS[24] = -2.10538e-01
dXdS[25] = -1.14717e-01


Iteration: 42
Index of specified variable before Newton's method: 23
Temperature before Newton's method: 3.29954e+02 K
Pressure before Newton's method: 2.99985e+07 Pa
Interpolation Scheme: Polynomial (Cubic)
Mixed error in Newton's method (should be < 1): 9.76960e-02
Nº of Newton iterations: 2
Delta of specified variable for the next iteration: 3.00637e-02
Next Iteration variable updated index: 23
lnK[0]		lnK[1]		lnK[2]		lnK[3]		lnK[4]		lnK[5]		lnK[6]		lnK[7]		lnK[8]		lnK[9]		lnK[10]		lnK[11]		lnK[12]		lnK[13]		lnK[14]		lnK[15]		lnK[16]		lnK[17]		lnK[18]		lnK[19]		lnK[20]		lnK[21]		lnK[22]		lnK[23]		lnT(K)		lnP(Pa)		
1.02659e-02	-2.71170e-03	4.77588e-03	-3.28990e-03	7.31261e-03	-1.20259e-02	-1.39403e-02	-1.72748e-02	-1.87643e-02	-2.33097e-02	-2.76356e-02	-3.17778e-02	-3.57366e-02	-3.97446e-02	-4.23339e-02	-4.68516e-02	-4.95962e-02	-5.18063e-02	-5.37706e-02	-5.59094e-02	-5.70986e-02	-5.82088e-02	-5.92245e-02	-6.01274e-02	5.79895e+00	1.72167e+01
Sensitivity vector: 
dXdS[0] = -1.71770e-01
dXdS[1] = 4.23350e-02
dXdS[2] = -8.06720e-02
dXdS[3] = 5.28991e-02
dXdS[4] = -1.22643e-01
dXdS[5] = 1.98164e-01
dXdS[6] = 2.29723e-01
dXdS[7] = 2.85253e-01
dXdS[8] = 3.09843e-01
dXdS[9] = 3.85367e-01
dXdS[10] = 4.57254e-01
dXdS[11] = 5.26111e-01
dXdS[12] = 5.91969e-01
dXdS[13] = 6.58592e-01
dXdS[14] = 7.01718e-01
dXdS[15] = 7.77018e-01
dXdS[16] = 8.22485e-01
dXdS[17] = 8.59643e-01
dXdS[18] = 8.92433e-01
dXdS[19] = 9.28155e-01
dXdS[20] = 9.48285e-01
dXdS[21] = 9.67145e-01
dXdS[22] = 9.84482e-01
dXdS[23] = 1.00000e+00
dXdS[24] = -2.10734e-01
dXdS[25] = -1.28848e-01


Iteration: 43
Index of specified variable before Newton's method: 23
Temperature before Newton's method: 3.27870e+02 K
Pressure before Newton's method: 2.98793e+07 Pa
Interpolation Scheme: Polynomial (Cubic)
Mixed error in Newton's method (should be < 1): 5.11384e-01
Nº of Newton iterations: 2
Delta of specified variable for the next iteration: 1.50319e-02
Next Iteration variable updated index: 23
lnK[0]		lnK[1]		lnK[2]		lnK[3]		lnK[4]		lnK[5]		lnK[6]		lnK[7]		lnK[8]		lnK[9]		lnK[10]		lnK[11]		lnK[12]		lnK[13]		lnK[14]		lnK[15]		lnK[16]		lnK[17]		lnK[18]		lnK[19]		lnK[20]		lnK[21]		lnK[22]		lnK[23]		lnT(K)		lnP(Pa)		
5.11757e-03	-1.39729e-03	2.36939e-03	-1.67213e-03	3.64103e-03	-6.04054e-03	-7.00192e-03	-8.66810e-03	-9.41565e-03	-1.16894e-02	-1.38533e-02	-1.59248e-02	-1.79040e-02	-1.99085e-02	-2.12022e-02	-2.34587e-02	-2.48337e-02	-2.59327e-02	-2.69130e-02	-2.79802e-02	-2.85695e-02	-2.91186e-02	-2.96198e-02	-3.00637e-02	5.79262e+00	1.72127e+01
Sensitivity vector: 
dXdS[0] = -1.70732e-01
dXdS[1] = 4.51031e-02
dXdS[2] = -7.94249e-02
dXdS[3] = 5.47194e-02
dXdS[4] = -1.21614e-01
dXdS[5] = 2.00010e-01
dXdS[6] = 2.31849e-01
dXdS[7] = 2.87306e-01
dXdS[8] = 3.12079e-01
dXdS[9] = 3.87675e-01
dXdS[10] = 4.59621e-01
dXdS[11] = 5.28509e-01
dXdS[12] = 5.94350e-01
dXdS[13] = 6.61007e-01
dXdS[14] = 7.04071e-01
dXdS[15] = 7.79207e-01
dXdS[16] = 8.24852e-01
dXdS[17] = 8.61610e-01
dXdS[18] = 8.94277e-01
dXdS[19] = 9.29849e-01
dXdS[20] = 9.49628e-01
dXdS[21] = 9.68091e-01
dXdS[22] = 9.84983e-01
dXdS[23] = 1.00000e+00
dXdS[24] = -2.10781e-01
dXdS[25] = -1.35895e-01


Iteration: 44
Index of specified variable before Newton's method: 23
Temperature before Newton's method: 3.26833e+02 K
Pressure before Newton's method: 2.98175e+07 Pa
Interpolation Scheme: Polynomial (Cubic)
Mixed error in Newton's method (should be < 1): 8.67271e-02
Nº of Newton iterations: 25
Delta of specified variable for the next iteration: 7.51593e-03
Next Iteration variable updated index: 23
lnK[0]		lnK[1]		lnK[2]		lnK[3]		lnK[4]		lnK[5]		lnK[6]		lnK[7]		lnK[8]		lnK[9]		lnK[10]		lnK[11]		lnK[12]		lnK[13]		lnK[14]		lnK[15]		lnK[16]		lnK[17]		lnK[18]		lnK[19]		lnK[20]		lnK[21]		lnK[22]		lnK[23]		lnT(K)		lnP(Pa)		
2.55498e-03	-7.08961e-04	1.18011e-03	-8.42816e-04	1.81675e-03	-3.02713e-03	-3.50887e-03	-4.34169e-03	-4.71616e-03	-5.85332e-03	-6.93548e-03	-7.97138e-03	-8.96091e-03	-9.96330e-03	-1.06099e-02	-1.17375e-02	-1.24257e-02	-1.29737e-02	-1.34634e-02	-1.39964e-02	-1.42898e-02	-1.45629e-02	-1.48118e-02	-1.50319e-02	5.78945e+00	1.72106e+01
Sensitivity vector: 
dXdS[0] = -1.70223e-01
dXdS[1] = 4.64785e-02
dXdS[2] = -7.88113e-02
dXdS[3] = 5.56205e-02
dXdS[4] = -1.21109e-01
dXdS[5] = 2.00925e-01
dXdS[6] = 2.32904e-01
dXdS[7] = 2.88325e-01
dXdS[8] = 3.13191e-01
dXdS[9] = 3.88822e-01
dXdS[10] = 4.60798e-01
dXdS[11] = 5.29704e-01
dXdS[12] = 5.95536e-01
dXdS[13] = 6.62211e-01
dXdS[14] = 7.05244e-01
dXdS[15] = 7.80299e-01
dXdS[16] = 8.26034e-01
dXdS[17] = 8.62591e-01
dXdS[18] = 8.95199e-01
dXdS[19] = 9.30696e-01
dXdS[20] = 9.50298e-01
dXdS[21] = 9.68564e-01
dXdS[22] = 9.85233e-01
dXdS[23] = 1.00000e+00
dXdS[24] = -2.10805e-01
dXdS[25] = -1.39424e-01


Iteration: 45
Index of specified variable before Newton's method: 23
Temperature before Newton's method: 3.26316e+02 K
Pressure before Newton's method: 2.97861e+07 Pa
Interpolation Scheme: Polynomial (Cubic)
Mixed error in Newton's method (should be < 1): 9.47151e-01
Nº of Newton iterations: 6
Delta of specified variable for the next iteration: 3.75796e-03
Next Iteration variable updated index: 23
lnK[0]		lnK[1]		lnK[2]		lnK[3]		lnK[4]		lnK[5]		lnK[6]		lnK[7]		lnK[8]		lnK[9]		lnK[10]		lnK[11]		lnK[12]		lnK[13]		lnK[14]		lnK[15]		lnK[16]		lnK[17]		lnK[18]		lnK[19]		lnK[20]		lnK[21]		lnK[22]		lnK[23]		lnT(K)		lnP(Pa)		
1.27655e-03	-3.57054e-04	5.88913e-04	-4.23090e-04	9.07436e-04	-1.51527e-03	-1.75641e-03	-2.17275e-03	-2.36016e-03	-2.92881e-03	-3.46994e-03	-3.98793e-03	-4.48268e-03	-4.98391e-03	-5.30717e-03	-5.87082e-03	-6.21507e-03	-6.48870e-03	-6.73344e-03	-6.99981e-03	-7.14615e-03	-7.28232e-03	-7.40635e-03	-7.51593e-03	5.78787e+00	1.72096e+01
Sensitivity vector: 
dXdS[0] = -1.69971e-01
dXdS[1] = 4.71641e-02
dXdS[2] = -7.85069e-02
dXdS[3] = 5.60689e-02
dXdS[4] = -1.20859e-01
dXdS[5] = 2.01381e-01
dXdS[6] = 2.33429e-01
dXdS[7] = 2.88833e-01
dXdS[8] = 3.13745e-01
dXdS[9] = 3.89395e-01
dXdS[10] = 4.61385e-01
dXdS[11] = 5.30300e-01
dXdS[12] = 5.96128e-01
dXdS[13] = 6.62812e-01
dXdS[14] = 7.05830e-01
dXdS[15] = 7.80845e-01
dXdS[16] = 8.26625e-01
dXdS[17] = 8.63082e-01
dXdS[18] = 8.95659e-01
dXdS[19] = 9.31119e-01
dXdS[20] = 9.50634e-01
dXdS[21] = 9.68801e-01
dXdS[22] = 9.85359e-01
dXdS[23] = 1.00000e+00
dXdS[24] = -2.10786e-01
dXdS[25] = -1.41167e-01


Iteration: 46
Index of specified variable before Newton's method: 23
Temperature before Newton's method: 3.26057e+02 K
Pressure before Newton's method: 2.97703e+07 Pa
Interpolation Scheme: Polynomial (Cubic)
Mixed error in Newton's method (should be < 1): 7.47108e-01
Nº of Newton iterations: 13
Delta of specified variable for the next iteration: 1.87898e-03
Next Iteration variable updated index: 23
lnK[0]		lnK[1]		lnK[2]		lnK[3]		lnK[4]		lnK[5]		lnK[6]		lnK[7]		lnK[8]		lnK[9]		lnK[10]		lnK[11]		lnK[12]		lnK[13]		lnK[14]		lnK[15]		lnK[16]		lnK[17]		lnK[18]		lnK[19]		lnK[20]		lnK[21]		lnK[22]		lnK[23]		lnT(K)		lnP(Pa)		
6.38043e-04	-1.79176e-04	2.94173e-04	-2.11967e-04	4.53488e-04	-7.58068e-04	-8.78703e-04	-1.08686e-03	-1.18061e-03	-1.46495e-03	-1.73553e-03	-1.99453e-03	-2.24190e-03	-2.49253e-03	-2.65414e-03	-2.93593e-03	-3.10810e-03	-3.24482e-03	-3.36716e-03	-3.50031e-03	-3.57340e-03	-3.64139e-03	-3.70330e-03	-3.75796e-03	5.78706e+00	1.72090e+01
Sensitivity vector: 
dXdS[0] = -1.69843e-01
dXdS[1] = 4.75027e-02
dXdS[2] = -7.83545e-02
dXdS[3] = 5.62908e-02
dXdS[4] = -1.20733e-01
dXdS[5] = 2.01606e-01
dXdS[6] = 2.33688e-01
dXdS[7] = 2.89082e-01
dXdS[8] = 3.14017e-01
dXdS[9] = 3.89676e-01
dXdS[10] = 4.61674e-01
dXdS[11] = 5.30592e-01
dXdS[12] = 5.96419e-01
dXdS[13] = 6.63107e-01
dXdS[14] = 7.06117e-01
dXdS[15] = 7.81113e-01
dXdS[16] = 8.26915e-01
dXdS[17] = 8.63322e-01
dXdS[18] = 8.95885e-01
dXdS[19] = 9.31326e-01
dXdS[20] = 9.50798e-01
dXdS[21] = 9.68916e-01
dXdS[22] = 9.85420e-01
dXdS[23] = 1.00000e+00
dXdS[24] = -2.18504e-01
dXdS[25] = -1.47262e-01


Iteration: 47
Index of specified variable before Newton's method: 23
Temperature before Newton's method: 3.25918e+02 K
Pressure before Newton's method: 2.97617e+07 Pa
Interpolation Scheme: Polynomial (Cubic)
Mixed error in Newton's method (should be < 1): 9.87791e-01
Nº of Newton iterations: 133
Delta of specified variable for the next iteration: 9.39491e-04
Next Iteration variable updated index: 23
lnK[0]		lnK[1]		lnK[2]		lnK[3]		lnK[4]		lnK[5]		lnK[6]		lnK[7]		lnK[8]		lnK[9]		lnK[10]		lnK[11]		lnK[12]		lnK[13]		lnK[14]		lnK[15]		lnK[16]		lnK[17]		lnK[18]		lnK[19]		lnK[20]		lnK[21]		lnK[22]		lnK[23]		lnT(K)		lnP(Pa)		
3.18938e-04	-8.97106e-05	1.47008e-04	-1.06071e-04	2.26661e-04	-3.79114e-04	-4.39438e-04	-5.43506e-04	-5.90390e-04	-7.32560e-04	-8.67851e-04	-9.97351e-04	-1.12103e-03	-1.24635e-03	-1.32715e-03	-1.46804e-03	-1.55413e-03	-1.62248e-03	-1.68364e-03	-1.75021e-03	-1.78674e-03	-1.82072e-03	-1.85166e-03	-1.87898e-03	5.78678e+00	1.72088e+01
Sensitivity vector: 
dXdS[0] = -1.69803e-01
dXdS[1] = 4.77079e-02
dXdS[2] = -7.82859e-02
dXdS[3] = 5.64182e-02
dXdS[4] = -1.20693e-01
dXdS[5] = 2.01744e-01
dXdS[6] = 2.33853e-01
dXdS[7] = 2.89246e-01
dXdS[8] = 3.14195e-01
dXdS[9] = 3.89863e-01
dXdS[10] = 4.61868e-01
dXdS[11] = 5.30790e-01
dXdS[12] = 5.96617e-01
dXdS[13] = 6.63309e-01
dXdS[14] = 7.06315e-01
dXdS[15] = 7.81296e-01
dXdS[16] = 8.27116e-01
dXdS[17] = 8.63489e-01
dXdS[18] = 8.96042e-01
dXdS[19] = 9.31472e-01
dXdS[20] = 9.50914e-01
dXdS[21] = 9.68998e-01
dXdS[22] = 9.85463e-01
dXdS[23] = 1.00000e+00
dXdS[24] = -6.87886e-02
dXdS[25] = -4.64498e-02


Iteration: 48
Index of specified variable before Newton's method: 23
Temperature before Newton's method: 3.25957e+02 K
Pressure before Newton's method: 2.97641e+07 Pa
Interpolation Scheme: Linear
Mixed error in Newton's method (should be < 1): 8.88106e-01
Nº of Newton iterations: 112
Delta of specified variable for the next iteration: 2.34873e-04
Next Iteration variable updated index: 24
lnK[0]		lnK[1]		lnK[2]		lnK[3]		lnK[4]		lnK[5]		lnK[6]		lnK[7]		lnK[8]		lnK[9]		lnK[10]		lnK[11]		lnK[12]		lnK[13]		lnK[14]		lnK[15]		lnK[16]		lnK[17]		lnK[18]		lnK[19]		lnK[20]		lnK[21]		lnK[22]		lnK[23]		lnT(K)		lnP(Pa)		
1.59454e-04	-4.48953e-05	7.34862e-05	-5.30618e-05	1.13316e-04	-1.89584e-04	-2.19750e-04	-2.71783e-04	-2.95227e-04	-3.66313e-04	-4.33960e-04	-4.98710e-04	-5.60552e-04	-6.23208e-04	-6.63610e-04	-7.34053e-04	-7.77099e-04	-8.11266e-04	-8.41847e-04	-8.75130e-04	-8.93390e-04	-9.10376e-04	-9.25839e-04	-9.39491e-04	5.78658e+00	1.72087e+01
Sensitivity vector: 
dXdS[0] = -1.68531e-01
dXdS[1] = 4.59159e-02
dXdS[2] = -7.78636e-02
dXdS[3] = 5.56106e-02
dXdS[4] = -1.19451e-01
dXdS[5] = 2.00465e-01
dXdS[6] = 2.32096e-01
dXdS[7] = 2.87276e-01
dXdS[8] = 3.12106e-01
dXdS[9] = 3.87526e-01
dXdS[10] = 4.59339e-01
dXdS[11] = 5.28143e-01
dXdS[12] = 5.93915e-01
dXdS[13] = 6.60534e-01
dXdS[14] = 7.03593e-01
dXdS[15] = 7.78799e-01
dXdS[16] = 8.24242e-01
dXdS[17] = 8.61101e-01
dXdS[18] = 8.93766e-01
dXdS[19] = 9.29334e-01
dXdS[20] = 9.49202e-01
dXdS[21] = 9.67779e-01
dXdS[22] = 9.84812e-01
dXdS[23] = 1.00000e+00
dXdS[24] = -1.07165e+01
dXdS[25] = -7.24777e+00


Iteration: 49
Index of specified variable before Newton's method: 24
Temperature before Newton's method: 3.25077e+02 K
Pressure before Newton's method: 2.97097e+07 Pa
Interpolation Scheme: Polynomial (Cubic)
Mixed error in Newton's method (should be < 1): 3.21288e+03
Nº of Newton iterations: 500
Delta of specified variable for the next iteration: 1.17436e-04
Next Iteration variable updated index: 24
lnK[0]		lnK[1]		lnK[2]		lnK[3]		lnK[4]		lnK[5]		lnK[6]		lnK[7]		lnK[8]		lnK[9]		lnK[10]		lnK[11]		lnK[12]		lnK[13]		lnK[14]		lnK[15]		lnK[16]		lnK[17]		lnK[18]		lnK[19]		lnK[20]		lnK[21]		lnK[22]		lnK[23]		lnT(K)		lnP(Pa)		
-3.22676e-04	9.10178e-05	-1.48654e-04	1.07537e-04	-2.29262e-04	3.83926e-04	4.44995e-04	5.50327e-04	5.97803e-04	7.41723e-04	8.78680e-04	1.00978e-03	1.13498e-03	1.26184e-03	1.34364e-03	1.48627e-03	1.57342e-03	1.64260e-03	1.70451e-03	1.77190e-03	1.80887e-03	1.84326e-03	1.87457e-03	1.90221e-03	5.78635e+00	1.72085e+01
Sensitivity vector: 
dXdS[0] = 2.61388e-03
dXdS[1] = -1.02549e-03
dXdS[2] = 1.16868e-03
dXdS[3] = -9.56608e-04
dXdS[4] = 1.91874e-03
dXdS[5] = -3.08506e-03
dXdS[6] = -3.62729e-03
dXdS[7] = -4.44424e-03
dXdS[8] = -4.81810e-03
dXdS[9] = -5.92714e-03
dXdS[10] = -6.97449e-03
dXdS[11] = -7.96454e-03
dXdS[12] = -8.89877e-03
dXdS[13] = -9.84903e-03
dXdS[14] = -1.04422e-02
dXdS[15] = -1.14517e-02
dXdS[16] = -1.21668e-02
dXdS[17] = -1.25837e-02
dXdS[18] = -1.30187e-02
dXdS[19] = -1.34892e-02
dXdS[20] = -1.36797e-02
dXdS[21] = -1.38386e-02
dXdS[22] = -1.39604e-02
dXdS[23] = -1.40389e-02
dXdS[24] = 1.00000e+00
dXdS[25] = 6.76522e-01


Iteration: 50
Index of specified variable before Newton's method: 24
Temperature before Newton's method: 3.25782e+02 K
Pressure before Newton's method: 2.97533e+07 Pa
Interpolation Scheme: Linear
Mixed error in Newton's method (should be < 1): 1.34068e+07
Nº of Newton iterations: 500
Delta of specified variable for the next iteration: 2.93591e-05
Next Iteration variable updated index: 23
lnK[0]		lnK[1]		lnK[2]		lnK[3]		lnK[4]		lnK[5]		lnK[6]		lnK[7]		lnK[8]		lnK[9]		lnK[10]		lnK[11]		lnK[12]		lnK[13]		lnK[14]		lnK[15]		lnK[16]		lnK[17]		lnK[18]		lnK[19]		lnK[20]		lnK[21]		lnK[22]		lnK[23]		lnT(K)		lnP(Pa)		
-3.75625e-02	9.90268e-03	-1.76269e-02	1.15511e-02	-2.71130e-02	4.27255e-02	4.97380e-02	6.16922e-02	6.69715e-02	8.31723e-02	9.85628e-02	1.13259e-01	1.27278e-01	1.41465e-01	1.50586e-01	1.66422e-01	1.76325e-01	1.83908e-01	1.90801e-01	1.98300e-01	2.02306e-01	2.06000e-01	2.09322e-01	2.12203e-01	5.78623e+00	1.72114e+01
Sensitivity vector: 
dXdS[0] = 3.22657e+00
dXdS[1] = -8.48053e-01
dXdS[2] = 1.51162e+00
dXdS[3] = -1.00051e+00
dXdS[4] = 2.32166e+00
dXdS[5] = -3.69432e+00
dXdS[6] = -4.29605e+00
dXdS[7] = -5.32792e+00
dXdS[8] = -5.78471e+00
dXdS[9] = -7.18500e+00
dXdS[10] = -8.51587e+00
dXdS[11] = -9.78758e+00
dXdS[12] = -1.10014e+01
dXdS[13] = -1.22298e+01
dXdS[14] = -1.30206e+01
dXdS[15] = -1.43954e+01
dXdS[16] = -1.52486e+01
dXdS[17] = -1.59109e+01
dXdS[18] = -1.65091e+01
dXdS[19] = -1.71603e+01
dXdS[20] = -1.75120e+01
dXdS[21] = -1.78374e+01
dXdS[22] = -1.81315e+01
dXdS[23] = -1.83884e+01
dXdS[24] = 1.00000e+00
dXdS[25] = 4.98272e-01


Iteration: 51
Index of specified variable before Newton's method: 23
Temperature before Newton's method: 3.25791e+02 K
Pressure before Newton's method: 2.98430e+07 Pa
Interpolation Scheme: Polynomial (Cubic)
Mixed error in Newton's method (should be < 1): 9.92541e-04
Nº of Newton iterations: 7
Delta of specified variable for the next iteration: 1.46795e-05
Next Iteration variable updated index: 23
lnK[0]		lnK[1]		lnK[2]		lnK[3]		lnK[4]		lnK[5]		lnK[6]		lnK[7]		lnK[8]		lnK[9]		lnK[10]		lnK[11]		lnK[12]		lnK[13]		lnK[14]		lnK[15]		lnK[16]		lnK[17]		lnK[18]		lnK[19]		lnK[20]		lnK[21]		lnK[22]		lnK[23]		lnT(K)		lnP(Pa)		
-3.53150e-02	1.21625e-02	-1.57353e-02	1.32909e-02	-2.48954e-02	4.41594e-02	5.11860e-02	6.28872e-02	6.83254e-02	8.44428e-02	9.97732e-02	1.14430e-01	1.28392e-01	1.42578e-01	1.51661e-01	1.67458e-01	1.77319e-01	1.84738e-01	1.91557e-01	1.98965e-01	2.02826e-01	2.06366e-01	2.09525e-01	2.12232e-01	5.74161e+00	1.71729e+01
Sensitivity vector: 
dXdS[0] = -1.63263e-01
dXdS[1] = 6.65771e-02
dXdS[2] = -7.02708e-02
dXdS[3] = 6.85473e-02
dXdS[4] = -1.14172e-01
dXdS[5] = 2.14138e-01
dXdS[6] = 2.48236e-01
dXdS[7] = 3.03120e-01
dXdS[8] = 3.29417e-01
dXdS[9] = 4.05645e-01
dXdS[10] = 4.78119e-01
dXdS[11] = 5.47331e-01
dXdS[12] = 6.13093e-01
dXdS[13] = 6.80091e-01
dXdS[14] = 7.22696e-01
dXdS[15] = 7.96602e-01
dXdS[16] = 8.43710e-01
dXdS[17] = 8.77279e-01
dXdS[18] = 9.08999e-01
dXdS[19] = 9.43394e-01
dXdS[20] = 9.60362e-01
dXdS[21] = 9.75661e-01
dXdS[22] = 9.88992e-01
dXdS[23] = 1.00000e+00
dXdS[24] = -2.09908e-01
dXdS[25] = -1.92261e-01


Iteration: 52
Index of specified variable before Newton's method: 23
Temperature before Newton's method: 3.11564e+02 K
Pressure before Newton's method: 2.87142e+07 Pa
Interpolation Scheme: Polynomial (Cubic)
Mixed error in Newton's method (should be < 1): 3.37021e-02
Nº of Newton iterations: 1
Delta of specified variable for the next iteration: 2.93591e-05
Next Iteration variable updated index: 23
lnK[0]		lnK[1]		lnK[2]		lnK[3]		lnK[4]		lnK[5]		lnK[6]		lnK[7]		lnK[8]		lnK[9]		lnK[10]		lnK[11]		lnK[12]		lnK[13]		lnK[14]		lnK[15]		lnK[16]		lnK[17]		lnK[18]		lnK[19]		lnK[20]		lnK[21]		lnK[22]		lnK[23]		lnT(K)		lnP(Pa)		
-3.53174e-02	1.21635e-02	-1.57363e-02	1.32919e-02	-2.48971e-02	4.41626e-02	5.11897e-02	6.28917e-02	6.83302e-02	8.44488e-02	9.97802e-02	1.14438e-01	1.28401e-01	1.42588e-01	1.51672e-01	1.67469e-01	1.77331e-01	1.84751e-01	1.91570e-01	1.98979e-01	2.02840e-01	2.06380e-01	2.09539e-01	2.12247e-01	5.74160e+00	1.71729e+01
Sensitivity vector: 
dXdS[0] = -1.63262e-01
dXdS[1] = 6.65784e-02
dXdS[2] = -7.02703e-02
dXdS[3] = 6.85481e-02
dXdS[4] = -1.14171e-01
dXdS[5] = 2.14139e-01
dXdS[6] = 2.48237e-01
dXdS[7] = 3.03121e-01
dXdS[8] = 3.29418e-01
dXdS[9] = 4.05646e-01
dXdS[10] = 4.78120e-01
dXdS[11] = 5.47332e-01
dXdS[12] = 6.13094e-01
dXdS[13] = 6.80092e-01
dXdS[14] = 7.22697e-01
dXdS[15] = 7.96604e-01
dXdS[16] = 8.43711e-01
dXdS[17] = 8.77280e-01
dXdS[18] = 9.08999e-01
dXdS[19] = 9.43395e-01
dXdS[20] = 9.60362e-01
dXdS[21] = 9.75662e-01
dXdS[22] = 9.88992e-01
dXdS[23] = 1.00000e+00
dXdS[24] = -2.09908e-01
dXdS[25] = -1.92264e-01


Iteration: 53
Index of specified variable before Newton's method: 23
Temperature before Newton's method: 3.11562e+02 K
Pressure before Newton's method: 2.87141e+07 Pa
Interpolation Scheme: Polynomial (Cubic)
Mixed error in Newton's method (should be < 1): 1.75776e-02
Nº of Newton iterations: 1
Delta of specified variable for the next iteration: 5.87182e-05
Next Iteration variable updated index: 23
lnK[0]		lnK[1]		lnK[2]		lnK[3]		lnK[4]		lnK[5]		lnK[6]		lnK[7]		lnK[8]		lnK[9]		lnK[10]		lnK[11]		lnK[12]		lnK[13]		lnK[14]		lnK[15]		lnK[16]		lnK[17]		lnK[18]		lnK[19]		lnK[20]		lnK[21]		lnK[22]		lnK[23]		lnT(K)		lnP(Pa)		
-3.53222e-02	1.21654e-02	-1.57384e-02	1.32939e-02	-2.49004e-02	4.41689e-02	5.11970e-02	6.29006e-02	6.83399e-02	8.44607e-02	9.97943e-02	1.14454e-01	1.28419e-01	1.42608e-01	1.51693e-01	1.67493e-01	1.77356e-01	1.84776e-01	1.91597e-01	1.99006e-01	2.02868e-01	2.06409e-01	2.09568e-01	2.12276e-01	5.74160e+00	1.71729e+01
Sensitivity vector: 
dXdS[0] = -1.63262e-01
dXdS[1] = 6.65809e-02
dXdS[2] = -7.02693e-02
dXdS[3] = 6.85497e-02
dXdS[4] = -1.14171e-01
dXdS[5] = 2.14141e-01
dXdS[6] = 2.48239e-01
dXdS[7] = 3.03123e-01
dXdS[8] = 3.29420e-01
dXdS[9] = 4.05648e-01
dXdS[10] = 4.78122e-01
dXdS[11] = 5.47335e-01
dXdS[12] = 6.13096e-01
dXdS[13] = 6.80094e-01
dXdS[14] = 7.22700e-01
dXdS[15] = 7.96606e-01
dXdS[16] = 8.43714e-01
dXdS[17] = 8.77282e-01
dXdS[18] = 9.09001e-01
dXdS[19] = 9.43397e-01
dXdS[20] = 9.60364e-01
dXdS[21] = 9.75662e-01
dXdS[22] = 9.88992e-01
dXdS[23] = 1.00000e+00
dXdS[24] = -2.09908e-01
dXdS[25] = -1.92271e-01


Iteration: 54
Index of specified variable before Newton's method: 23
Temperature before Newton's method: 3.11558e+02 K
Pressure before Newton's method: 2.87137e+07 Pa
Interpolation Scheme: Polynomial (Cubic)
Mixed error in Newton's method (should be < 1): 6.61065e-03
Nº of Newton iterations: 1
Delta of specified variable for the next iteration: 1.17436e-04
Next Iteration variable updated index: 23
lnK[0]		lnK[1]		lnK[2]		lnK[3]		lnK[4]		lnK[5]		lnK[6]		lnK[7]		lnK[8]		lnK[9]		lnK[10]		lnK[11]		lnK[12]		lnK[13]		lnK[14]		lnK[15]		lnK[16]		lnK[17]		lnK[18]		lnK[19]		lnK[20]		lnK[21]		lnK[22]		lnK[23]		lnT(K)		lnP(Pa)		
-3.53318e-02	1.21694e-02	-1.57425e-02	1.32979e-02	-2.49071e-02	4.41814e-02	5.12115e-02	6.29184e-02	6.83592e-02	8.44845e-02	9.98223e-02	1.14487e-01	1.28455e-01	1.42648e-01	1.51735e-01	1.67539e-01	1.77406e-01	1.84828e-01	1.91650e-01	1.99062e-01	2.02925e-01	2.06466e-01	2.09626e-01	2.12335e-01	5.74159e+00	1.71729e+01
Sensitivity vector: 
dXdS[0] = -1.63260e-01
dXdS[1] = 6.65859e-02
dXdS[2] = -7.02672e-02
dXdS[3] = 6.85529e-02
dXdS[4] = -1.14169e-01
dXdS[5] = 2.14144e-01
dXdS[6] = 2.48243e-01
dXdS[7] = 3.03127e-01
dXdS[8] = 3.29424e-01
dXdS[9] = 4.05652e-01
dXdS[10] = 4.78126e-01
dXdS[11] = 5.47339e-01
dXdS[12] = 6.13100e-01
dXdS[13] = 6.80099e-01
dXdS[14] = 7.22704e-01
dXdS[15] = 7.96610e-01
dXdS[16] = 8.43718e-01
dXdS[17] = 8.77285e-01
dXdS[18] = 9.09005e-01
dXdS[19] = 9.43400e-01
dXdS[20] = 9.60366e-01
dXdS[21] = 9.75664e-01
dXdS[22] = 9.88993e-01
dXdS[23] = 1.00000e+00
dXdS[24] = -2.09908e-01
dXdS[25] = -1.92285e-01


Iteration: 55
Index of specified variable before Newton's method: 23
Temperature before Newton's method: 3.11551e+02 K
Pressure before Newton's method: 2.87131e+07 Pa
Interpolation Scheme: Polynomial (Cubic)
Mixed error in Newton's method (should be < 1): 2.01980e-02
Nº of Newton iterations: 1
Delta of specified variable for the next iteration: 2.34873e-04
Next Iteration variable updated index: 23
lnK[0]		lnK[1]		lnK[2]		lnK[3]		lnK[4]		lnK[5]		lnK[6]		lnK[7]		lnK[8]		lnK[9]		lnK[10]		lnK[11]		lnK[12]		lnK[13]		lnK[14]		lnK[15]		lnK[16]		lnK[17]		lnK[18]		lnK[19]		lnK[20]		lnK[21]		lnK[22]		lnK[23]		lnT(K)		lnP(Pa)		
-3.53510e-02	1.21772e-02	-1.57508e-02	1.33060e-02	-2.49205e-02	4.42066e-02	5.12407e-02	6.29540e-02	6.83979e-02	8.45321e-02	9.98785e-02	1.14551e-01	1.28527e-01	1.42727e-01	1.51820e-01	1.67633e-01	1.77505e-01	1.84931e-01	1.91757e-01	1.99173e-01	2.03037e-01	2.06581e-01	2.09743e-01	2.12453e-01	5.74156e+00	1.71729e+01
Sensitivity vector: 
dXdS[0] = -1.63257e-01
dXdS[1] = 6.65959e-02
dXdS[2] = -7.02631e-02
dXdS[3] = 6.85593e-02
dXdS[4] = -1.14166e-01
dXdS[5] = 2.14151e-01
dXdS[6] = 2.48250e-01
dXdS[7] = 3.03134e-01
dXdS[8] = 3.29432e-01
dXdS[9] = 4.05661e-01
dXdS[10] = 4.78135e-01
dXdS[11] = 5.47348e-01
dXdS[12] = 6.13109e-01
dXdS[13] = 6.80108e-01
dXdS[14] = 7.22713e-01
dXdS[15] = 7.96618e-01
dXdS[16] = 8.43727e-01
dXdS[17] = 8.77293e-01
dXdS[18] = 9.09012e-01
dXdS[19] = 9.43406e-01
dXdS[20] = 9.60371e-01
dXdS[21] = 9.75668e-01
dXdS[22] = 9.88995e-01
dXdS[23] = 1.00000e+00
dXdS[24] = -2.09907e-01
dXdS[25] = -1.92312e-01


Iteration: 56
Index of specified variable before Newton's method: 23
Temperature before Newton's method: 3.11535e+02 K
Pressure before Newton's method: 2.87118e+07 Pa
Interpolation Scheme: Polynomial (Cubic)
Mixed error in Newton's method (should be < 1): 1.23670e-02
Nº of Newton iterations: 1
Delta of specified variable for the next iteration: 4.69745e-04
Next Iteration variable updated index: 23
lnK[0]		lnK[1]		lnK[2]		lnK[3]		lnK[4]		lnK[5]		lnK[6]		lnK[7]		lnK[8]		lnK[9]		lnK[10]		lnK[11]		lnK[12]		lnK[13]		lnK[14]		lnK[15]		lnK[16]		lnK[17]		lnK[18]		lnK[19]		lnK[20]		lnK[21]		lnK[22]		lnK[23]		lnT(K)		lnP(Pa)		
-3.53893e-02	1.21928e-02	-1.57673e-02	1.33221e-02	-2.49474e-02	4.42569e-02	5.12990e-02	6.30252e-02	6.84753e-02	8.46274e-02	9.99908e-02	1.14679e-01	1.28671e-01	1.42887e-01	1.51990e-01	1.67820e-01	1.77703e-01	1.85137e-01	1.91970e-01	1.99394e-01	2.03263e-01	2.06810e-01	2.09975e-01	2.12687e-01	5.74151e+00	1.71728e+01
Sensitivity vector: 
dXdS[0] = -1.63250e-01
dXdS[1] = 6.66160e-02
dXdS[2] = -7.02550e-02
dXdS[3] = 6.85720e-02
dXdS[4] = -1.14159e-01
dXdS[5] = 2.14164e-01
dXdS[6] = 2.48265e-01
dXdS[7] = 3.03149e-01
dXdS[8] = 3.29449e-01
dXdS[9] = 4.05677e-01
dXdS[10] = 4.78152e-01
dXdS[11] = 5.47366e-01
dXdS[12] = 6.13127e-01
dXdS[13] = 6.80126e-01
dXdS[14] = 7.22731e-01
dXdS[15] = 7.96635e-01
dXdS[16] = 8.43745e-01
dXdS[17] = 8.77308e-01
dXdS[18] = 9.09026e-01
dXdS[19] = 9.43419e-01
dXdS[20] = 9.60382e-01
dXdS[21] = 9.75675e-01
dXdS[22] = 9.88999e-01
dXdS[23] = 1.00000e+00
dXdS[24] = -2.09905e-01
dXdS[25] = -1.92366e-01


Iteration: 57
Index of specified variable before Newton's method: 23
Temperature before Newton's method: 3.11504e+02 K
Pressure before Newton's method: 2.87092e+07 Pa
Interpolation Scheme: Polynomial (Cubic)
Mixed error in Newton's method (should be < 1): 2.87095e-02
Nº of Newton iterations: 1
Delta of specified variable for the next iteration: 9.39491e-04
Next Iteration variable updated index: 23
lnK[0]		lnK[1]		lnK[2]		lnK[3]		lnK[4]		lnK[5]		lnK[6]		lnK[7]		lnK[8]		lnK[9]		lnK[10]		lnK[11]		lnK[12]		lnK[13]		lnK[14]		lnK[15]		lnK[16]		lnK[17]		lnK[18]		lnK[19]		lnK[20]		lnK[21]		lnK[22]		lnK[23]		lnT(K)		lnP(Pa)		
-3.54660e-02	1.22241e-02	-1.58003e-02	1.33543e-02	-2.50010e-02	4.43575e-02	5.14156e-02	6.31676e-02	6.86301e-02	8.48180e-02	1.00215e-01	1.14936e-01	1.28959e-01	1.43207e-01	1.52329e-01	1.68194e-01	1.78099e-01	1.85549e-01	1.92397e-01	1.99837e-01	2.03714e-01	2.07268e-01	2.10439e-01	2.13157e-01	5.74141e+00	1.71727e+01
Sensitivity vector: 
dXdS[0] = -1.63237e-01
dXdS[1] = 6.66562e-02
dXdS[2] = -7.02387e-02
dXdS[3] = 6.85974e-02
dXdS[4] = -1.14146e-01
dXdS[5] = 2.14190e-01
dXdS[6] = 2.48296e-01
dXdS[7] = 3.03178e-01
dXdS[8] = 3.29481e-01
dXdS[9] = 4.05711e-01
dXdS[10] = 4.78187e-01
dXdS[11] = 5.47401e-01
dXdS[12] = 6.13162e-01
dXdS[13] = 6.80162e-01
dXdS[14] = 7.22766e-01
dXdS[15] = 7.96668e-01
dXdS[16] = 8.43781e-01
dXdS[17] = 8.77338e-01
dXdS[18] = 9.09054e-01
dXdS[19] = 9.43445e-01
dXdS[20] = 9.60402e-01
dXdS[21] = 9.75690e-01
dXdS[22] = 9.89007e-01
dXdS[23] = 1.00000e+00
dXdS[24] = -2.09901e-01
dXdS[25] = -1.92474e-01


Iteration: 58
Index of specified variable before Newton's method: 23
Temperature before Newton's method: 3.11443e+02 K
Pressure before Newton's method: 2.87040e+07 Pa
Interpolation Scheme: Polynomial (Cubic)
Mixed error in Newton's method (should be < 1): 3.49406e-02
Nº of Newton iterations: 1
Delta of specified variable for the next iteration: 1.87898e-03
Next Iteration variable updated index: 23
lnK[0]		lnK[1]		lnK[2]		lnK[3]		lnK[4]		lnK[5]		lnK[6]		lnK[7]		lnK[8]		lnK[9]		lnK[10]		lnK[11]		lnK[12]		lnK[13]		lnK[14]		lnK[15]		lnK[16]		lnK[17]		lnK[18]		lnK[19]		lnK[20]		lnK[21]		lnK[22]		lnK[23]		lnT(K)		lnP(Pa)		
-3.56193e-02	1.22868e-02	-1.58663e-02	1.34188e-02	-2.51082e-02	4.45588e-02	5.16489e-02	6.34524e-02	6.89396e-02	8.51992e-02	1.00665e-01	1.15451e-01	1.29535e-01	1.43846e-01	1.53008e-01	1.68943e-01	1.78892e-01	1.86373e-01	1.93252e-01	2.00724e-01	2.04616e-01	2.08185e-01	2.11369e-01	2.14097e-01	5.74122e+00	1.71725e+01
Sensitivity vector: 
dXdS[0] = -1.63211e-01
dXdS[1] = 6.67366e-02
dXdS[2] = -7.02060e-02
dXdS[3] = 6.86482e-02
dXdS[4] = -1.14120e-01
dXdS[5] = 2.14242e-01
dXdS[6] = 2.48357e-01
dXdS[7] = 3.03237e-01
dXdS[8] = 3.29546e-01
dXdS[9] = 4.05778e-01
dXdS[10] = 4.78257e-01
dXdS[11] = 5.47472e-01
dXdS[12] = 6.13233e-01
dXdS[13] = 6.80235e-01
dXdS[14] = 7.22837e-01
dXdS[15] = 7.96734e-01
dXdS[16] = 8.43853e-01
dXdS[17] = 8.77398e-01
dXdS[18] = 9.09110e-01
dXdS[19] = 9.43497e-01
dXdS[20] = 9.60443e-01
dXdS[21] = 9.75719e-01
dXdS[22] = 9.89022e-01
dXdS[23] = 1.00000e+00
dXdS[24] = -2.09893e-01
dXdS[25] = -1.92692e-01


Iteration: 59
Index of specified variable before Newton's method: 23
Temperature before Newton's method: 3.11320e+02 K
Pressure before Newton's method: 2.86936e+07 Pa
Interpolation Scheme: Polynomial (Cubic)
Mixed error in Newton's method (should be < 1): 2.71015e-02
Nº of Newton iterations: 1
Delta of specified variable for the next iteration: 3.75796e-03
Next Iteration variable updated index: 23
lnK[0]		lnK[1]		lnK[2]		lnK[3]		lnK[4]		lnK[5]		lnK[6]		lnK[7]		lnK[8]		lnK[9]		lnK[10]		lnK[11]		lnK[12]		lnK[13]		lnK[14]		lnK[15]		lnK[16]		lnK[17]		lnK[18]		lnK[19]		lnK[20]		lnK[21]		lnK[22]		lnK[23]		lnT(K)		lnP(Pa)		
-3.59260e-02	1.24123e-02	-1.59981e-02	1.35479e-02	-2.53226e-02	4.49614e-02	5.21157e-02	6.40223e-02	6.95590e-02	8.59618e-02	1.01563e-01	1.16480e-01	1.30688e-01	1.45124e-01	1.54367e-01	1.70440e-01	1.80478e-01	1.88022e-01	1.94960e-01	2.02497e-01	2.06421e-01	2.10018e-01	2.13227e-01	2.15976e-01	5.74082e+00	1.71722e+01
Sensitivity vector: 
dXdS[0] = -1.63159e-01
dXdS[1] = 6.68972e-02
dXdS[2] = -7.01408e-02
dXdS[3] = 6.87497e-02
dXdS[4] = -1.14067e-01
dXdS[5] = 2.14346e-01
dXdS[6] = 2.48479e-01
dXdS[7] = 3.03354e-01
dXdS[8] = 3.29675e-01
dXdS[9] = 4.05913e-01
dXdS[10] = 4.78396e-01
dXdS[11] = 5.47614e-01
dXdS[12] = 6.13375e-01
dXdS[13] = 6.80380e-01
dXdS[14] = 7.22978e-01
dXdS[15] = 7.96867e-01
dXdS[16] = 8.43997e-01
dXdS[17] = 8.77518e-01
dXdS[18] = 9.09223e-01
dXdS[19] = 9.43601e-01
dXdS[20] = 9.60526e-01
dXdS[21] = 9.75777e-01
dXdS[22] = 9.89053e-01
dXdS[23] = 1.00000e+00
dXdS[24] = -2.09877e-01
dXdS[25] = -1.93126e-01


Iteration: 60
Index of specified variable before Newton's method: 23
Temperature before Newton's method: 3.11075e+02 K
Pressure before Newton's method: 2.86727e+07 Pa
Interpolation Scheme: Polynomial (Cubic)
Mixed error in Newton's method (should be < 1): 7.01510e-04
Nº of Newton iterations: 1
Delta of specified variable for the next iteration: 7.51593e-03
Next Iteration variable updated index: 23
lnK[0]		lnK[1]		lnK[2]		lnK[3]		lnK[4]		lnK[5]		lnK[6]		lnK[7]		lnK[8]		lnK[9]		lnK[10]		lnK[11]		lnK[12]		lnK[13]		lnK[14]		lnK[15]		lnK[16]		lnK[17]		lnK[18]		lnK[19]		lnK[20]		lnK[21]		lnK[22]		lnK[23]		lnT(K)		lnP(Pa)		
-3.65389e-02	1.26643e-02	-1.62614e-02	1.38066e-02	-2.57510e-02	4.57673e-02	5.30499e-02	6.51628e-02	7.07984e-02	8.74877e-02	1.03362e-01	1.18538e-01	1.32993e-01	1.47681e-01	1.57084e-01	1.73435e-01	1.83650e-01	1.91320e-01	1.98377e-01	2.06043e-01	2.10031e-01	2.13685e-01	2.16944e-01	2.19734e-01	5.74003e+00	1.71715e+01
Sensitivity vector: 
dXdS[0] = -1.63054e-01
dXdS[1] = 6.72182e-02
dXdS[2] = -7.00106e-02
dXdS[3] = 6.89526e-02
dXdS[4] = -1.13963e-01
dXdS[5] = 2.14555e-01
dXdS[6] = 2.48722e-01
dXdS[7] = 3.03589e-01
dXdS[8] = 3.29934e-01
dXdS[9] = 4.06182e-01
dXdS[10] = 4.78674e-01
dXdS[11] = 5.47898e-01
dXdS[12] = 6.13659e-01
dXdS[13] = 6.80669e-01
dXdS[14] = 7.23262e-01
dXdS[15] = 7.97132e-01
dXdS[16] = 8.44286e-01
dXdS[17] = 8.77757e-01
dXdS[18] = 9.09448e-01
dXdS[19] = 9.43809e-01
dXdS[20] = 9.60690e-01
dXdS[21] = 9.75893e-01
dXdS[22] = 9.89114e-01
dXdS[23] = 1.00000e+00
dXdS[24] = -2.09846e-01
dXdS[25] = -1.93994e-01


Iteration: 61
Index of specified variable before Newton's method: 23
Temperature before Newton's method: 3.10585e+02 K
Pressure before Newton's method: 2.86308e+07 Pa
Interpolation Scheme: Polynomial (Cubic)
Mixed error in Newton's method (should be < 1): 7.01798e-03
Nº of Newton iterations: 1
Delta of specified variable for the next iteration: 1.50319e-02
Next Iteration variable updated index: 23
lnK[0]		lnK[1]		lnK[2]		lnK[3]		lnK[4]		lnK[5]		lnK[6]		lnK[7]		lnK[8]		lnK[9]		lnK[10]		lnK[11]		lnK[12]		lnK[13]		lnK[14]		lnK[15]		lnK[16]		lnK[17]		lnK[18]		lnK[19]		lnK[20]		lnK[21]		lnK[22]		lnK[23]		lnT(K)		lnP(Pa)		
-3.77636e-02	1.31719e-02	-1.67867e-02	1.43264e-02	-2.66068e-02	4.73814e-02	5.49211e-02	6.74463e-02	7.32801e-02	9.05425e-02	1.06962e-01	1.22658e-01	1.37608e-01	1.52799e-01	1.62522e-01	1.79428e-01	1.89998e-01	1.97919e-01	2.05214e-01	2.13138e-01	2.17253e-01	2.21021e-01	2.24379e-01	2.27250e-01	5.73846e+00	1.71700e+01
Sensitivity vector: 
dXdS[0] = -1.62846e-01
dXdS[1] = 6.78590e-02
dXdS[2] = -6.97512e-02
dXdS[3] = 6.93573e-02
dXdS[4] = -1.13755e-01
dXdS[5] = 2.14971e-01
dXdS[6] = 2.49208e-01
dXdS[7] = 3.04057e-01
dXdS[8] = 3.30451e-01
dXdS[9] = 4.06720e-01
dXdS[10] = 4.79229e-01
dXdS[11] = 5.48465e-01
dXdS[12] = 6.14225e-01
dXdS[13] = 6.81248e-01
dXdS[14] = 7.23827e-01
dXdS[15] = 7.97662e-01
dXdS[16] = 8.44861e-01
dXdS[17] = 8.78236e-01
dXdS[18] = 9.09899e-01
dXdS[19] = 9.44223e-01
dXdS[20] = 9.61019e-01
dXdS[21] = 9.76125e-01
dXdS[22] = 9.89237e-01
dXdS[23] = 1.00000e+00
dXdS[24] = -2.09781e-01
dXdS[25] = -1.95730e-01


Iteration: 62
Index of specified variable before Newton's method: 23
Temperature before Newton's method: 3.09607e+02 K
Pressure before Newton's method: 2.85459e+07 Pa
Interpolation Scheme: Polynomial (Cubic)
Mixed error in Newton's method (should be < 1): 3.81202e-02
Nº of Newton iterations: 1
Delta of specified variable for the next iteration: 3.00637e-02
Next Iteration variable updated index: 23
lnK[0]		lnK[1]		lnK[2]		lnK[3]		lnK[4]		lnK[5]		lnK[6]		lnK[7]		lnK[8]		lnK[9]		lnK[10]		lnK[11]		lnK[12]		lnK[13]		lnK[14]		lnK[15]		lnK[16]		lnK[17]		lnK[18]		lnK[19]		lnK[20]		lnK[21]		lnK[22]		lnK[23]		lnT(K)		lnP(Pa)		
-4.02084e-02	1.42016e-02	-1.78313e-02	1.53750e-02	-2.83136e-02	5.06191e-02	5.86745e-02	7.20239e-02	7.82551e-02	9.66644e-02	1.14174e-01	1.30911e-01	1.46849e-01	1.63049e-01	1.73411e-01	1.91427e-01	2.02706e-01	2.11128e-01	2.18898e-01	2.27338e-01	2.31704e-01	2.35698e-01	2.39250e-01	2.42281e-01	5.73530e+00	1.71670e+01
Sensitivity vector: 
dXdS[0] = -1.62434e-01
dXdS[1] = 6.91365e-02
dXdS[2] = -6.92363e-02
dXdS[3] = 7.01627e-02
dXdS[4] = -1.13342e-01
dXdS[5] = 2.15799e-01
dXdS[6] = 2.50176e-01
dXdS[7] = 3.04990e-01
dXdS[8] = 3.31480e-01
dXdS[9] = 4.07792e-01
dXdS[10] = 4.80337e-01
dXdS[11] = 5.49596e-01
dXdS[12] = 6.15354e-01
dXdS[13] = 6.82402e-01
dXdS[14] = 7.24956e-01
dXdS[15] = 7.98721e-01
dXdS[16] = 8.46011e-01
dXdS[17] = 8.79191e-01
dXdS[18] = 9.10798e-01
dXdS[19] = 9.45052e-01
dXdS[20] = 9.61675e-01
dXdS[21] = 9.76588e-01
dXdS[22] = 9.89482e-01
dXdS[23] = 1.00000e+00
dXdS[24] = -2.09645e-01
dXdS[25] = -1.99200e-01


Iteration: 63
Index of specified variable before Newton's method: 23
Temperature before Newton's method: 3.07663e+02 K
Pressure before Newton's method: 2.83725e+07 Pa
Interpolation Scheme: Polynomial (Cubic)
Mixed error in Newton's method (should be < 1): 8.17303e-01
Nº of Newton iterations: 1
Delta of specified variable for the next iteration: 6.01274e-02
Next Iteration variable updated index: 23
lnK[0]		lnK[1]		lnK[2]		lnK[3]		lnK[4]		lnK[5]		lnK[6]		lnK[7]		lnK[8]		lnK[9]		lnK[10]		lnK[11]		lnK[12]		lnK[13]		lnK[14]		lnK[15]		lnK[16]		lnK[17]		lnK[18]		lnK[19]		lnK[20]		lnK[21]		lnK[22]		lnK[23]		lnT(K)		lnP(Pa)		
-4.50796e-02	1.63183e-02	-1.98975e-02	1.75084e-02	-3.17088e-02	5.71316e-02	6.62246e-02	8.12209e-02	8.82514e-02	1.08956e-01	1.28647e-01	1.47468e-01	1.65383e-01	1.83599e-01	1.95240e-01	2.15471e-01	2.28175e-01	2.37588e-01	2.46307e-01	2.55774e-01	2.60635e-01	2.65071e-01	2.69005e-01	2.72345e-01	5.72901e+00	1.71609e+01
Sensitivity vector: 
dXdS[0] = -1.61624e-01
dXdS[1] = 7.16739e-02
dXdS[2] = -6.82214e-02
dXdS[3] = 7.17578e-02
dXdS[4] = -1.12529e-01
dXdS[5] = 2.17441e-01
dXdS[6] = 2.52097e-01
dXdS[7] = 3.06841e-01
dXdS[8] = 3.33525e-01
dXdS[9] = 4.09921e-01
dXdS[10] = 4.82538e-01
dXdS[11] = 5.51845e-01
dXdS[12] = 6.17602e-01
dXdS[13] = 6.84701e-01
dXdS[14] = 7.27204e-01
dXdS[15] = 8.00829e-01
dXdS[16] = 8.48302e-01
dXdS[17] = 8.81096e-01
dXdS[18] = 9.12590e-01
dXdS[19] = 9.46703e-01
dXdS[20] = 9.62985e-01
dXdS[21] = 9.77511e-01
dXdS[22] = 9.89972e-01
dXdS[23] = 1.00000e+00
dXdS[24] = -2.09348e-01
dXdS[25] = -2.06134e-01


Iteration: 64
Index of specified variable before Newton's method: 23
Temperature before Newton's method: 3.03821e+02 K
Pressure before Newton's method: 2.80113e+07 Pa
Interpolation Scheme: Polynomial (Cubic)
Mixed error in Newton's method (should be < 1): 9.64473e-05
Nº of Newton iterations: 2
Delta of specified variable for the next iteration: 1.20255e-01
Next Iteration variable updated index: 23
lnK[0]		lnK[1]		lnK[2]		lnK[3]		lnK[4]		lnK[5]		lnK[6]		lnK[7]		lnK[8]		lnK[9]		lnK[10]		lnK[11]		lnK[12]		lnK[13]		lnK[14]		lnK[15]		lnK[16]		lnK[17]		lnK[18]		lnK[19]		lnK[20]		lnK[21]		lnK[22]		lnK[23]		lnT(K)		lnP(Pa)		
-5.47502e-02	2.07788e-02	-2.39398e-02	2.19174e-02	-3.84272e-02	7.03031e-02	8.14966e-02	9.97802e-02	1.08427e-01	1.33730e-01	1.57792e-01	1.80783e-01	2.02652e-01	2.24905e-01	2.39099e-01	2.63749e-01	2.79318e-01	2.90680e-01	3.01286e-01	3.12796e-01	3.18615e-01	3.23902e-01	3.28559e-01	3.32473e-01	5.71644e+00	1.71481e+01
Sensitivity vector: 
dXdS[0] = -1.60058e-01
dXdS[1] = 7.66779e-02
dXdS[2] = -6.62497e-02
dXdS[3] = 7.48851e-02
dXdS[4] = -1.10953e-01
dXdS[5] = 2.20666e-01
dXdS[6] = 2.55876e-01
dXdS[7] = 3.10480e-01
dXdS[8] = 3.37552e-01
dXdS[9] = 4.14119e-01
dXdS[10] = 4.86884e-01
dXdS[11] = 5.56291e-01
dXdS[12] = 6.22047e-01
dXdS[13] = 6.89252e-01
dXdS[14] = 7.31657e-01
dXdS[15] = 8.05011e-01
dXdS[16] = 8.52847e-01
dXdS[17] = 8.84875e-01
dXdS[18] = 9.16147e-01
dXdS[19] = 9.49983e-01
dXdS[20] = 9.65584e-01
dXdS[21] = 9.79345e-01
dXdS[22] = 9.90943e-01
dXdS[23] = 1.00000e+00
dXdS[24] = -2.08645e-01
dXdS[25] = -2.19961e-01


Iteration: 65
Index of specified variable before Newton's method: 23
Temperature before Newton's method: 2.96323e+02 K
Pressure before Newton's method: 2.72350e+07 Pa
Interpolation Scheme: Polynomial (Cubic)
Mixed error in Newton's method (should be < 1): 1.65323e-03
Nº of Newton iterations: 2
Delta of specified variable for the next iteration: 2.00000e-01
Next Iteration variable updated index: 23
lnK[0]		lnK[1]		lnK[2]		lnK[3]		lnK[4]		lnK[5]		lnK[6]		lnK[7]		lnK[8]		lnK[9]		lnK[10]		lnK[11]		lnK[12]		lnK[13]		lnK[14]		lnK[15]		lnK[16]		lnK[17]		lnK[18]		lnK[19]		lnK[20]		lnK[21]		lnK[22]		lnK[23]		lnT(K)		lnP(Pa)		
-7.38187e-02	3.05880e-02	-3.16798e-02	3.12872e-02	-5.15891e-02	9.72158e-02	1.12710e-01	1.37543e-01	1.49492e-01	1.84024e-01	2.16854e-01	2.48204e-01	2.77980e-01	3.08329e-01	3.27611e-01	3.61051e-01	3.82416e-01	3.97539e-01	4.11879e-01	4.27425e-01	4.35040e-01	4.41890e-01	4.47840e-01	4.52727e-01	5.69145e+00	1.71200e+01
Sensitivity vector: 
dXdS[0] = -1.57118e-01
dXdS[1] = 8.63974e-02
dXdS[2] = -6.25237e-02
dXdS[3] = 8.08935e-02
dXdS[4] = -1.07986e-01
dXdS[5] = 2.26877e-01
dXdS[6] = 2.63180e-01
dXdS[7] = 3.17504e-01
dXdS[8] = 3.45356e-01
dXdS[9] = 4.22272e-01
dXdS[10] = 4.95338e-01
dXdS[11] = 5.64954e-01
dXdS[12] = 6.30722e-01
dXdS[13] = 6.98151e-01
dXdS[14] = 7.40374e-01
dXdS[15] = 8.13214e-01
dXdS[16] = 8.61769e-01
dXdS[17] = 8.92295e-01
dXdS[18] = 9.23135e-01
dXdS[19] = 9.56431e-01
dXdS[20] = 9.70696e-01
dXdS[21] = 9.82951e-01
dXdS[22] = 9.92853e-01
dXdS[23] = 1.00000e+00
dXdS[24] = -2.06833e-01
dXdS[25] = -2.47487e-01


Iteration: 66
Index of specified variable before Newton's method: 23
Temperature before Newton's method: 2.84429e+02 K
Pressure before Newton's method: 2.58022e+07 Pa
Interpolation Scheme: Polynomial (Cubic)
Mixed error in Newton's method (should be < 1): 2.99420e-02
Nº of Newton iterations: 2
Delta of specified variable for the next iteration: 2.00000e-01
Next Iteration variable updated index: 23
lnK[0]		lnK[1]		lnK[2]		lnK[3]		lnK[4]		lnK[5]		lnK[6]		lnK[7]		lnK[8]		lnK[9]		lnK[10]		lnK[11]		lnK[12]		lnK[13]		lnK[14]		lnK[15]		lnK[16]		lnK[17]		lnK[18]		lnK[19]		lnK[20]		lnK[21]		lnK[22]		lnK[23]		lnT(K)		lnP(Pa)		
-1.04792e-01	4.94134e-02	-4.36108e-02	4.84085e-02	-7.27291e-02	1.43568e-01	1.66499e-01	2.02150e-01	2.19799e-01	2.69772e-01	3.17266e-01	3.62576e-01	4.05511e-01	4.49384e-01	4.77084e-01	5.25012e-01	5.56205e-01	5.77192e-01	5.97632e-01	6.19751e-01	6.30003e-01	6.39062e-01	6.46718e-01	6.52727e-01	5.65048e+00	1.70660e+01
Sensitivity vector: 
dXdS[0] = -1.52696e-01
dXdS[1] = 1.01663e-01
dXdS[2] = -5.68967e-02
dXdS[3] = 9.01715e-02
dXdS[4] = -1.03495e-01
dXdS[5] = 2.36492e-01
dXdS[6] = 2.74547e-01
dXdS[7] = 3.28397e-01
dXdS[8] = 3.57540e-01
dXdS[9] = 4.35035e-01
dXdS[10] = 5.08612e-01
dXdS[11] = 5.78595e-01
dXdS[12] = 6.44413e-01
dXdS[13] = 7.12242e-01
dXdS[14] = 7.54197e-01
dXdS[15] = 8.26269e-01
dXdS[16] = 8.75978e-01
dXdS[17] = 9.04117e-01
dXdS[18] = 9.34279e-01
dXdS[19] = 9.66722e-01
dXdS[20] = 9.78854e-01
dXdS[21] = 9.88706e-01
dXdS[22] = 9.95902e-01
dXdS[23] = 1.00000e+00
dXdS[24] = -2.02618e-01
dXdS[25] = -2.92858e-01


Iteration: 67
Index of specified variable before Newton's method: 23
Temperature before Newton's method: 2.73282e+02 K
Pressure before Newton's method: 2.42252e+07 Pa
Interpolation Scheme: Polynomial (Cubic)
Mixed error in Newton's method (should be < 1): 2.95459e-02
Nº of Newton iterations: 2
Delta of specified variable for the next iteration: 2.00000e-01
Next Iteration variable updated index: 23
lnK[0]		lnK[1]		lnK[2]		lnK[3]		lnK[4]		lnK[5]		lnK[6]		lnK[7]		lnK[8]		lnK[9]		lnK[10]		lnK[11]		lnK[12]		lnK[13]		lnK[14]		lnK[15]		lnK[16]		lnK[17]		lnK[18]		lnK[19]		lnK[20]		lnK[21]		lnK[22]		lnK[23]		lnT(K)		lnP(Pa)		
-1.34926e-01	7.11715e-02	-5.44788e-02	6.72967e-02	-9.30141e-02	1.91751e-01	2.22458e-01	2.68830e-01	2.92434e-01	3.57962e-01	4.20223e-01	4.79566e-01	5.35672e-01	5.93153e-01	6.29220e-01	6.91495e-01	7.32739e-01	7.59129e-01	7.85538e-01	8.14066e-01	8.26543e-01	8.37346e-01	8.46186e-01	8.52727e-01	5.61050e+00	1.70029e+01
Sensitivity vector: 
dXdS[0] = -1.48703e-01
dXdS[1] = 1.15704e-01
dXdS[2] = -5.18759e-02
dXdS[3] = 9.85609e-02
dXdS[4] = -9.94108e-02
dXdS[5] = 2.45181e-01
dXdS[6] = 2.84860e-01
dXdS[7] = 3.38222e-01
dXdS[8] = 3.68623e-01
dXdS[9] = 4.46671e-01
dXdS[10] = 5.20745e-01
dXdS[11] = 5.91101e-01
dXdS[12] = 6.56994e-01
dXdS[13] = 7.25238e-01
dXdS[14] = 7.66967e-01
dXdS[15] = 8.38383e-01
dXdS[16] = 8.89163e-01
dXdS[17] = 9.15092e-01
dXdS[18] = 9.44633e-01
dXdS[19] = 9.76290e-01
dXdS[20] = 9.86438e-01
dXdS[21] = 9.94055e-01
dXdS[22] = 9.98735e-01
dXdS[23] = 1.00000e+00
dXdS[24] = -1.96952e-01
dXdS[25] = -3.37668e-01


Iteration: 68
Index of specified variable before Newton's method: 23
Temperature before Newton's method: 2.62906e+02 K
Pressure before Newton's method: 2.25432e+07 Pa
Interpolation Scheme: Polynomial (Cubic)
Mixed error in Newton's method (should be < 1): 1.34082e-02
Nº of Newton iterations: 2
Delta of specified variable for the next iteration: 2.00000e-01
Next Iteration variable updated index: 23
lnK[0]		lnK[1]		lnK[2]		lnK[3]		lnK[4]		lnK[5]		lnK[6]		lnK[7]		lnK[8]		lnK[9]		lnK[10]		lnK[11]		lnK[12]		lnK[13]		lnK[14]		lnK[15]		lnK[16]		lnK[17]		lnK[18]		lnK[19]		lnK[20]		lnK[21]		lnK[22]		lnK[23]		lnT(K)		lnP(Pa)		
-1.64291e-01	9.56043e-02	-6.43949e-02	8.77727e-02	-1.12511e-01	2.41574e-01	2.80366e-01	3.37360e-01	3.67165e-01	4.48354e-01	5.25476e-01	5.98926e-01	6.68219e-01	7.39390e-01	7.83784e-01	8.60287e-01	9.11784e-01	9.43157e-01	9.75417e-01	1.01020e+00	1.02453e+00	1.03665e+00	1.04619e+00	1.05273e+00	5.57179e+00	1.69309e+01
Sensitivity vector: 
dXdS[0] = -1.44979e-01
dXdS[1] = 1.28385e-01
dXdS[2] = -4.73618e-02
dXdS[3] = 1.06047e-01
dXdS[4] = -9.55868e-02
dXdS[5] = 2.52885e-01
dXdS[6] = 2.94016e-01
dXdS[7] = 3.46867e-01
dXdS[8] = 3.78466e-01
dXdS[9] = 4.57013e-01
dXdS[10] = 5.31546e-01
dXdS[11] = 6.02260e-01
dXdS[12] = 6.68238e-01
dXdS[13] = 7.36894e-01
dXdS[14] = 7.78440e-01
dXdS[15] = 8.49317e-01
dXdS[16] = 9.01047e-01
dXdS[17] = 9.24988e-01
dXdS[18] = 9.53974e-01
dXdS[19] = 9.84925e-01
dXdS[20] = 9.93279e-01
dXdS[21] = 9.98879e-01
dXdS[22] = 1.00129e+00
dXdS[23] = 1.00000e+00
dXdS[24] = -1.89920e-01
dXdS[25] = -3.81827e-01


Iteration: 69
Index of specified variable before Newton's method: 23
Temperature before Newton's method: 2.53312e+02 K
Pressure before Newton's method: 2.07950e+07 Pa
Interpolation Scheme: Polynomial (Cubic)
Mixed error in Newton's method (should be < 1): 6.48886e-03
Nº of Newton iterations: 2
Delta of specified variable for the next iteration: 2.00000e-01
Next Iteration variable updated index: 23
lnK[0]		lnK[1]		lnK[2]		lnK[3]		lnK[4]		lnK[5]		lnK[6]		lnK[7]		lnK[8]		lnK[9]		lnK[10]		lnK[11]		lnK[12]		lnK[13]		lnK[14]		lnK[15]		lnK[16]		lnK[17]		lnK[18]		lnK[19]		lnK[20]		lnK[21]		lnK[22]		lnK[23]		lnT(K)		lnP(Pa)		
-1.92927e-01	1.22426e-01	-7.34521e-02	1.09654e-01	-1.31258e-01	2.92835e-01	3.39980e-01	4.07491e-01	4.43729e-01	5.40671e-01	6.32740e-01	7.20366e-01	8.02863e-01	8.87805e-01	9.40494e-01	1.03113e+00	1.09305e+00	1.12904e+00	1.16705e+00	1.20796e+00	1.22379e+00	1.23685e+00	1.24668e+00	1.25273e+00	5.53462e+00	1.68502e+01
Sensitivity vector: 
dXdS[0] = -1.41396e-01
dXdS[1] = 1.39567e-01
dXdS[2] = -4.32758e-02
dXdS[3] = 1.12604e-01
dXdS[4] = -9.19014e-02
dXdS[5] = 2.59542e-01
dXdS[6] = 3.01910e-01
dXdS[7] = 3.54221e-01
dXdS[8] = 3.86931e-01
dXdS[9] = 4.65898e-01
dXdS[10] = 5.40827e-01
dXdS[11] = 6.11866e-01
dXdS[12] = 6.77931e-01
dXdS[13] = 7.46976e-01
dXdS[14] = 7.88380e-01
dXdS[15] = 8.58843e-01
dXdS[16] = 9.11368e-01
dXdS[17] = 9.33587e-01
dXdS[18] = 9.62091e-01
dXdS[19] = 9.92427e-01
dXdS[20] = 9.99219e-01
dXdS[21] = 1.00306e+00
dXdS[22] = 1.00350e+00
dXdS[23] = 1.00000e+00
dXdS[24] = -1.81642e-01
dXdS[25] = -4.25210e-01


Iteration: 70
Index of specified variable before Newton's method: 23
Temperature before Newton's method: 2.44500e+02 K
Pressure before Newton's method: 1.90184e+07 Pa
Interpolation Scheme: Polynomial (Cubic)
Mixed error in Newton's method (should be < 1): 3.31094e-03
Nº of Newton iterations: 2
Delta of specified variable for the next iteration: 2.00000e-01
Next Iteration variable updated index: 23
lnK[0]		lnK[1]		lnK[2]		lnK[3]		lnK[4]		lnK[5]		lnK[6]		lnK[7]		lnK[8]		lnK[9]		lnK[10]		lnK[11]		lnK[12]		lnK[13]		lnK[14]		lnK[15]		lnK[16]		lnK[17]		lnK[18]		lnK[19]		lnK[20]		lnK[21]		lnK[22]		lnK[23]		lnT(K)		lnP(Pa)		
-2.20851e-01	1.51322e-01	-8.17296e-02	1.32751e-01	-1.49274e-01	3.45318e-01	4.01039e-01	4.78956e-01	5.21837e-01	6.34606e-01	7.41694e-01	8.43557e-01	9.39275e-01	1.03806e+00	1.09902e+00	1.20372e+00	1.27621e+00	1.31649e+00	1.36016e+00	1.40709e+00	1.42415e+00	1.43783e+00	1.44757e+00	1.45273e+00	5.49921e+00	1.67609e+01
Sensitivity vector: 
dXdS[0] = -1.37849e-01
dXdS[1] = 1.49120e-01
dXdS[2] = -3.95568e-02
dXdS[3] = 1.18204e-01
dXdS[4] = -8.82583e-02
dXdS[5] = 2.65093e-01
dXdS[6] = 3.08446e-01
dXdS[7] = 3.60185e-01
dXdS[8] = 3.93896e-01
dXdS[9] = 4.73180e-01
dXdS[10] = 5.48426e-01
dXdS[11] = 6.19741e-01
dXdS[12] = 6.85881e-01
dXdS[13] = 7.55280e-01
dXdS[14] = 7.96582e-01
dXdS[15] = 8.66760e-01
dXdS[16] = 9.19898e-01
dXdS[17] = 9.40699e-01
dXdS[18] = 9.68802e-01
dXdS[19] = 9.98623e-01
dXdS[20] = 1.00412e+00
dXdS[21] = 1.00651e+00
dXdS[22] = 1.00533e+00
dXdS[23] = 1.00000e+00
dXdS[24] = -1.72274e-01
dXdS[25] = -4.67659e-01


Iteration: 71
Index of specified variable before Newton's method: 23
Temperature before Newton's method: 2.36459e+02 K
Pressure before Newton's method: 1.72485e+07 Pa
Interpolation Scheme: Polynomial (Cubic)
Mixed error in Newton's method (should be < 1): 1.91035e-03
Nº of Newton iterations: 2
Delta of specified variable for the next iteration: 2.00000e-01
Next Iteration variable updated index: 23
lnK[0]		lnK[1]		lnK[2]		lnK[3]		lnK[4]		lnK[5]		lnK[6]		lnK[7]		lnK[8]		lnK[9]		lnK[10]		lnK[11]		lnK[12]		lnK[13]		lnK[14]		lnK[15]		lnK[16]		lnK[17]		lnK[18]		lnK[19]		lnK[20]		lnK[21]		lnK[22]		lnK[23]		lnT(K)		lnP(Pa)		
-2.48063e-01	1.81958e-01	-8.92961e-02	1.56870e-01	-1.66559e-01	3.98796e-01	4.63264e-01	5.51468e-01	6.01181e-01	7.29828e-01	8.51990e-01	9.68138e-01	1.07709e+00	1.18979e+00	1.25900e+00	1.37771e+00	1.46088e+00	1.50521e+00	1.55446e+00	1.60731e+00	1.62537e+00	1.63941e+00	1.64878e+00	1.65273e+00	5.46577e+00	1.66632e+01
Sensitivity vector: 
dXdS[0] = -1.34261e-01
dXdS[1] = 1.56946e-01
dXdS[2] = -3.61582e-02
dXdS[3] = 1.22827e-01
dXdS[4] = -8.45873e-02
dXdS[5] = 2.69496e-01
dXdS[6] = 3.13554e-01
dXdS[7] = 3.64687e-01
dXdS[8] = 3.99269e-01
dXdS[9] = 4.78752e-01
dXdS[10] = 5.54220e-01
dXdS[11] = 6.25750e-01
dXdS[12] = 6.91947e-01
dXdS[13] = 7.61651e-01
dXdS[14] = 8.02890e-01
dXdS[15] = 8.72916e-01
dXdS[16] = 9.26464e-01
dXdS[17] = 9.46176e-01
dXdS[18] = 9.73967e-01
dXdS[19] = 1.00338e+00
dXdS[20] = 1.00787e+00
dXdS[21] = 1.00915e+00
dXdS[22] = 1.00672e+00
dXdS[23] = 1.00000e+00
dXdS[24] = -1.61998e-01
dXdS[25] = -5.08988e-01


Iteration: 72
Index of specified variable before Newton's method: 23
Temperature before Newton's method: 2.29170e+02 K
Pressure before Newton's method: 1.55164e+07 Pa
Interpolation Scheme: Polynomial (Cubic)
Mixed error in Newton's method (should be < 1): 1.39033e-03
Nº of Newton iterations: 2
Delta of specified variable for the next iteration: 2.00000e-01
Next Iteration variable updated index: 23
lnK[0]		lnK[1]		lnK[2]		lnK[3]		lnK[4]		lnK[5]		lnK[6]		lnK[7]		lnK[8]		lnK[9]		lnK[10]		lnK[11]		lnK[12]		lnK[13]		lnK[14]		lnK[15]		lnK[16]		lnK[17]		lnK[18]		lnK[19]		lnK[20]		lnK[21]		lnK[22]		lnK[23]		lnT(K)		lnP(Pa)		
-2.74550e-01	2.13982e-01	-9.62119e-02	1.81816e-01	-1.83104e-01	4.53038e-01	5.26363e-01	6.24731e-01	6.81436e-01	8.25989e-01	9.63257e-01	1.09373e+00	1.21592e+00	1.34259e+00	1.42004e+00	1.55276e+00	1.64666e+00	1.69485e+00	1.74964e+00	1.80834e+00	1.82722e+00	1.84143e+00	1.85022e+00	1.85273e+00	5.43446e+00	1.65574e+01
Sensitivity vector: 
dXdS[0] = -1.30583e-01
dXdS[1] = 1.62990e-01
dXdS[2] = -3.30447e-02
dXdS[3] = 1.26467e-01
dXdS[4] = -8.08429e-02
dXdS[5] = 2.72733e-01
dXdS[6] = 3.17199e-01
dXdS[7] = 3.67694e-01
dXdS[8] = 4.03004e-01
dXdS[9] = 4.82557e-01
dXdS[10] = 5.58140e-01
dXdS[11] = 6.29815e-01
dXdS[12] = 6.96046e-01
dXdS[13] = 7.65998e-01
dXdS[14] = 8.07211e-01
dXdS[15] = 8.77217e-01
dXdS[16] = 9.30959e-01
dXdS[17] = 9.49932e-01
dXdS[18] = 9.77499e-01
dXdS[19] = 1.00662e+00
dXdS[20] = 1.01042e+00
dXdS[21] = 1.01093e+00
dXdS[22] = 1.00765e+00
dXdS[23] = 1.00000e+00
dXdS[24] = -1.51021e-01
dXdS[25] = -5.48983e-01


Iteration: 73
Index of specified variable before Newton's method: 23
Temperature before Newton's method: 2.22605e+02 K
Pressure before Newton's method: 1.38493e+07 Pa
Interpolation Scheme: Polynomial (Cubic)
Mixed error in Newton's method (should be < 1): 1.23049e-03
Nº of Newton iterations: 2
Delta of specified variable for the next iteration: 2.00000e-01
Next Iteration variable updated index: 23
lnK[0]		lnK[1]		lnK[2]		lnK[3]		lnK[4]		lnK[5]		lnK[6]		lnK[7]		lnK[8]		lnK[9]		lnK[10]		lnK[11]		lnK[12]		lnK[13]		lnK[14]		lnK[15]		lnK[16]		lnK[17]		lnK[18]		lnK[19]		lnK[20]		lnK[21]		lnK[22]		lnK[23]		lnT(K)		lnP(Pa)		
-3.00289e-01	2.47035e-01	-1.02531e-01	2.07393e-01	-1.98890e-01	5.07812e-01	5.90046e-01	6.98446e-01	7.62273e-01	9.22733e-01	1.07512e+00	1.21993e+00	1.35538e+00	1.49605e+00	1.58175e+00	1.72848e+00	1.83312e+00	1.88506e+00	1.94535e+00	2.00986e+00	2.02945e+00	2.04372e+00	2.05181e+00	2.05273e+00	5.40539e+00	1.64438e+01
Sensitivity vector: 
dXdS[0] = -1.26791e-01
dXdS[1] = 1.67247e-01
dXdS[2] = -3.01902e-02
dXdS[3] = 1.29142e-01
dXdS[4] = -7.70035e-02
dXdS[5] = 2.74817e-01
dXdS[6] = 3.19389e-01
dXdS[7] = 3.69216e-01
dXdS[8] = 4.05104e-01
dXdS[9] = 4.84594e-01
dXdS[10] = 5.60182e-01
dXdS[11] = 6.31927e-01
dXdS[12] = 6.98165e-01
dXdS[13] = 7.68301e-01
dXdS[14] = 8.09525e-01
dXdS[15] = 8.79639e-01
dXdS[16] = 9.33355e-01
dXdS[17] = 9.51941e-01
dXdS[18] = 9.79376e-01
dXdS[19] = 1.00831e+00
dXdS[20] = 1.01173e+00
dXdS[21] = 1.01184e+00
dXdS[22] = 1.00812e+00
dXdS[23] = 1.00000e+00
dXdS[24] = -1.39564e-01
dXdS[25] = -5.87401e-01


Iteration: 74
Index of specified variable before Newton's method: 23
Temperature before Newton's method: 2.16730e+02 K
Pressure before Newton's method: 1.22688e+07 Pa
Interpolation Scheme: Polynomial (Cubic)
Mixed error in Newton's method (should be < 1): 1.15954e-03
Nº of Newton iterations: 2
Delta of specified variable for the next iteration: 2.00000e-01
Next Iteration variable updated index: 23
lnK[0]		lnK[1]		lnK[2]		lnK[3]		lnK[4]		lnK[5]		lnK[6]		lnK[7]		lnK[8]		lnK[9]		lnK[10]		lnK[11]		lnK[12]		lnK[13]		lnK[14]		lnK[15]		lnK[16]		lnK[17]		lnK[18]		lnK[19]		lnK[20]		lnK[21]		lnK[22]		lnK[23]		lnT(K)		lnP(Pa)		
-3.25258e-01	2.80765e-01	-1.08304e-01	2.33411e-01	-2.13899e-01	5.62891e-01	6.54025e-01	7.72322e-01	8.43372e-01	1.01971e+00	1.18721e+00	1.34637e+00	1.49506e+00	1.64978e+00	1.74372e+00	1.90449e+00	2.01986e+00	2.07551e+00	2.14128e+00	2.21156e+00	2.23183e+00	2.24611e+00	2.25344e+00	2.25273e+00	5.37865e+00	1.63226e+01
Sensitivity vector: 
dXdS[0] = -1.22881e-01
dXdS[1] = 1.69770e-01
dXdS[2] = -2.75746e-02
dXdS[3] = 1.30892e-01
dXdS[4] = -7.30685e-02
dXdS[5] = 2.75795e-01
dXdS[6] = 3.20178e-01
dXdS[7] = 3.69313e-01
dXdS[8] = 4.05627e-01
dXdS[9] = 4.84923e-01
dXdS[10] = 5.60407e-01
dXdS[11] = 6.32147e-01
dXdS[12] = 6.98363e-01
dXdS[13] = 7.68617e-01
dXdS[14] = 8.09885e-01
dXdS[15] = 8.80229e-01
dXdS[16] = 9.33704e-01
dXdS[17] = 9.52246e-01
dXdS[18] = 9.79637e-01
dXdS[19] = 1.00850e+00
dXdS[20] = 1.01185e+00
dXdS[21] = 1.01190e+00
dXdS[22] = 1.00814e+00
dXdS[23] = 1.00000e+00
dXdS[24] = -1.27850e-01
dXdS[25] = -6.23960e-01


Iteration: 75
Index of specified variable before Newton's method: 23
Temperature before Newton's method: 2.11508e+02 K
Pressure before Newton's method: 1.07918e+07 Pa
Interpolation Scheme: Polynomial (Cubic)
Mixed error in Newton's method (should be < 1): 9.89904e-04
Nº of Newton iterations: 2
Delta of specified variable for the next iteration: 2.00000e-01
Next Iteration variable updated index: 23
lnK[0]		lnK[1]		lnK[2]		lnK[3]		lnK[4]		lnK[5]		lnK[6]		lnK[7]		lnK[8]		lnK[9]		lnK[10]		lnK[11]		lnK[12]		lnK[13]		lnK[14]		lnK[15]		lnK[16]		lnK[17]		lnK[18]		lnK[19]		lnK[20]		lnK[21]		lnK[22]		lnK[23]		lnT(K)		lnP(Pa)		
-3.49434e-01	3.14834e-01	-1.13576e-01	2.59692e-01	-2.28112e-01	6.18061e-01	7.18030e-01	8.46083e-01	9.24426e-01	1.11660e+00	1.29917e+00	1.47267e+00	1.63460e+00	1.80337e+00	1.90558e+00	2.08045e+00	2.20648e+00	2.26586e+00	2.33711e+00	2.41316e+00	2.43412e+00	2.44842e+00	2.45504e+00	2.45273e+00	5.35425e+00	1.61943e+01
Sensitivity vector: 
dXdS[0] = -1.18870e-01
dXdS[1] = 1.70663e-01
dXdS[2] = -2.51823e-02
dXdS[3] = 1.31778e-01
dXdS[4] = -6.90542e-02
dXdS[5] = 2.75743e-01
dXdS[6] = 3.19664e-01
dXdS[7] = 3.68089e-01
dXdS[8] = 4.04681e-01
dXdS[9] = 4.83660e-01
dXdS[10] = 5.58936e-01
dXdS[11] = 6.30599e-01
dXdS[12] = 6.96765e-01
dXdS[13] = 7.67073e-01
dXdS[14] = 8.08415e-01
dXdS[15] = 8.79097e-01
dXdS[16] = 9.32131e-01
dXdS[17] = 9.50953e-01
dXdS[18] = 9.78380e-01
dXdS[19] = 1.00728e+00
dXdS[20] = 1.01084e+00
dXdS[21] = 1.01116e+00
dXdS[22] = 1.00774e+00
dXdS[23] = 1.00000e+00
dXdS[24] = -1.16094e-01
dXdS[25] = -6.58326e-01


Iteration: 76
Index of specified variable before Newton's method: 23
Temperature before Newton's method: 2.06894e+02 K
Pressure before Newton's method: 9.43003e+06 Pa
Interpolation Scheme: Polynomial (Cubic)
Mixed error in Newton's method (should be < 1): 6.68833e-04
Nº of Newton iterations: 2
Delta of specified variable for the next iteration: 2.00000e-01
Next Iteration variable updated index: 23
lnK[0]		lnK[1]		lnK[2]		lnK[3]		lnK[4]		lnK[5]		lnK[6]		lnK[7]		lnK[8]		lnK[9]		lnK[10]		lnK[11]		lnK[12]		lnK[13]		lnK[14]		lnK[15]		lnK[16]		lnK[17]		lnK[18]		lnK[19]		lnK[20]		lnK[21]		lnK[22]		lnK[23]		lnT(K)		lnP(Pa)		
-3.72801e-01	3.48932e-01	-1.18391e-01	2.86070e-01	-2.41517e-01	6.73127e-01	7.81813e-01	9.19479e-01	1.00516e+00	1.21308e+00	1.41068e+00	1.59851e+00	1.77366e+00	1.95649e+00	2.06698e+00	2.25603e+00	2.39260e+00	2.45580e+00	2.53254e+00	2.61439e+00	2.63610e+00	2.65052e+00	2.65651e+00	2.65273e+00	5.33220e+00	1.60594e+01
Sensitivity vector: 
dXdS[0] = -1.14788e-01
dXdS[1] = 1.70076e-01
dXdS[2] = -2.30000e-02
dXdS[3] = 1.31883e-01
dXdS[4] = -6.49894e-02
dXdS[5] = 2.74766e-01
dXdS[6] = 3.17977e-01
dXdS[7] = 3.65683e-01
dXdS[8] = 4.02415e-01
dXdS[9] = 4.80967e-01
dXdS[10] = 5.55943e-01
dXdS[11] = 6.27462e-01
dXdS[12] = 6.93551e-01
dXdS[13] = 7.63854e-01
dXdS[14] = 8.05294e-01
dXdS[15] = 8.76410e-01
dXdS[16] = 9.28825e-01
dXdS[17] = 9.48215e-01
dXdS[18] = 9.75753e-01
dXdS[19] = 1.00478e+00
dXdS[20] = 1.00882e+00
dXdS[21] = 1.00970e+00
dXdS[22] = 1.00695e+00
dXdS[23] = 1.00000e+00
dXdS[24] = -1.04494e-01
dXdS[25] = -6.90078e-01


