
Dew Line Calculations
Phase stability calculation to find initial guesses Temperature and Liquid Molar Fraction

Starting Dew Line (beta = 1) calculations

Iteration: 0
Index of specified variable before Newton's method: 50
Temperature before Newton's method: 5.32000e+02 K
Pressure before Newton's method: 1.01325e+05 Pa
Interpolation Scheme: Linear
Mixed error in Newton's method (should be < 1): 1.10253e-02
Nº of Newton iterations: 5
Delta of specified variable for the next iteration: 1.00000e-01
Next Iteration variable updated index: 50
lnK[0]		lnK[1]		lnK[2]		lnK[3]		lnK[4]		lnK[5]		lnK[6]		lnK[7]		lnK[8]		lnK[9]		lnK[10]		lnK[11]		lnK[12]		lnK[13]		lnK[14]		lnK[15]		lnK[16]		lnK[17]		lnK[18]		lnK[19]		lnK[20]		lnK[21]		lnK[22]		lnK[23]		lnK[24]		lnK[25]		lnK[26]		lnK[27]		lnK[28]		lnK[29]		lnK[30]		lnK[31]		lnK[32]		lnK[33]		lnK[34]		lnK[35]		lnK[36]		lnK[37]		lnK[38]		lnK[39]		lnK[40]		lnK[41]		lnK[42]		lnK[43]		lnK[44]		lnK[45]		lnK[46]		lnK[47]		lnK[48]		lnT(K)		lnP(Pa)		
5.96542e+00	6.12393e+00	5.61469e+00	5.79721e+00	5.40116e+00	5.95812e+00	4.88493e+00	4.81428e+00	4.58808e+00	4.55094e+00	4.29987e+00	4.14050e+00	4.11719e+00	4.05689e+00	3.85986e+00	3.83828e+00	3.61282e+00	3.60684e+00	3.54012e+00	4.06263e+00	3.83561e+00	3.61031e+00	3.39603e+00	3.24294e+00	2.97336e+00	2.83820e+00	2.64926e+00	2.51823e+00	2.37183e+00	2.24665e+00	2.11956e+00	1.99067e+00	1.86012e+00	1.45264e+00	1.13927e+00	9.10491e-01	6.77200e-01	4.29828e-01	2.15426e-01	-2.08682e-02	-2.60266e-01	-5.03160e-01	-7.70229e-01	-1.04468e+00	-1.32409e+00	-1.62994e+00	-1.97852e+00	-2.35253e+00	-3.46144e+00	6.53816e+00	1.15261e+01
Sensitivity vector: 
dXdS[0] = -1.08563e+00
dXdS[1] = -1.10156e+00
dXdS[2] = -1.03561e+00
dXdS[3] = -1.07019e+00
dXdS[4] = -1.02439e+00
dXdS[5] = -1.08195e+00
dXdS[6] = -9.68720e-01
dXdS[7] = -9.59183e-01
dXdS[8] = -9.38007e-01
dXdS[9] = -9.29021e-01
dXdS[10] = -9.00158e-01
dXdS[11] = -8.94701e-01
dXdS[12] = -8.86139e-01
dXdS[13] = -8.82892e-01
dXdS[14] = -8.63279e-01
dXdS[15] = -8.54424e-01
dXdS[16] = -8.28766e-01
dXdS[17] = -8.25869e-01
dXdS[18] = -8.19866e-01
dXdS[19] = -8.72419e-01
dXdS[20] = -8.45429e-01
dXdS[21] = -8.19207e-01
dXdS[22] = -7.92847e-01
dXdS[23] = -7.75079e-01
dXdS[24] = -7.43222e-01
dXdS[25] = -7.27363e-01
dXdS[26] = -7.09037e-01
dXdS[27] = -6.95017e-01
dXdS[28] = -6.79630e-01
dXdS[29] = -6.68571e-01
dXdS[30] = -6.57579e-01
dXdS[31] = -6.46698e-01
dXdS[32] = -6.35982e-01
dXdS[33] = -5.98674e-01
dXdS[34] = -5.06055e-01
dXdS[35] = -4.79063e-01
dXdS[36] = -4.54592e-01
dXdS[37] = -4.26246e-01
dXdS[38] = -4.03893e-01
dXdS[39] = -3.79905e-01
dXdS[40] = -3.55388e-01
dXdS[41] = -3.30076e-01
dXdS[42] = -3.02778e-01
dXdS[43] = -2.75190e-01
dXdS[44] = -2.46301e-01
dXdS[45] = -2.15167e-01
dXdS[46] = -1.78142e-01
dXdS[47] = -1.37113e-01
dXdS[48] = 4.51724e-02
dXdS[49] = 4.67226e-02
dXdS[50] = 1.00000e+00


Iteration: 1
Index of specified variable before Newton's method: 50
Temperature before Newton's method: 6.94250e+02 K
Pressure before Newton's method: 1.11981e+05 Pa
Interpolation Scheme: Linear
Mixed error in Newton's method (should be < 1): 2.53957e-02
Nº of Newton iterations: 2
Delta of specified variable for the next iteration: 1.00000e-01
Next Iteration variable updated index: 1
lnK[0]		lnK[1]		lnK[2]		lnK[3]		lnK[4]		lnK[5]		lnK[6]		lnK[7]		lnK[8]		lnK[9]		lnK[10]		lnK[11]		lnK[12]		lnK[13]		lnK[14]		lnK[15]		lnK[16]		lnK[17]		lnK[18]		lnK[19]		lnK[20]		lnK[21]		lnK[22]		lnK[23]		lnK[24]		lnK[25]		lnK[26]		lnK[27]		lnK[28]		lnK[29]		lnK[30]		lnK[31]		lnK[32]		lnK[33]		lnK[34]		lnK[35]		lnK[36]		lnK[37]		lnK[38]		lnK[39]		lnK[40]		lnK[41]		lnK[42]		lnK[43]		lnK[44]		lnK[45]		lnK[46]		lnK[47]		lnK[48]		lnT(K)		lnP(Pa)		
5.85674e+00	6.01365e+00	5.51101e+00	5.69008e+00	5.29862e+00	5.84980e+00	4.78797e+00	4.71827e+00	4.49420e+00	4.45795e+00	4.20978e+00	4.05097e+00	4.02851e+00	3.96854e+00	3.77348e+00	3.75278e+00	3.52989e+00	3.52420e+00	3.45808e+00	3.97532e+00	3.75100e+00	3.52833e+00	3.31669e+00	3.16538e+00	2.89899e+00	2.76542e+00	2.57832e+00	2.44870e+00	2.30384e+00	2.17977e+00	2.05379e+00	1.92599e+00	1.79652e+00	1.39278e+00	1.08866e+00	8.62579e-01	6.31742e-01	3.87211e-01	1.75050e-01	-5.88372e-02	-2.95775e-01	-5.36131e-01	-8.00461e-01	-1.07214e+00	-1.34866e+00	-1.65139e+00	-1.99625e+00	-2.36614e+00	-3.45683e+00	6.54285e+00	1.16261e+01
Sensitivity vector: 
dXdS[0] = -1.08811e+00
dXdS[1] = -1.10416e+00
dXdS[2] = -1.03800e+00
dXdS[3] = -1.07253e+00
dXdS[4] = -1.02652e+00
dXdS[5] = -1.08447e+00
dXdS[6] = -9.70531e-01
dXdS[7] = -9.60971e-01
dXdS[8] = -9.39614e-01
dXdS[9] = -9.30668e-01
dXdS[10] = -9.01674e-01
dXdS[11] = -8.95965e-01
dXdS[12] = -8.87446e-01
dXdS[13] = -8.84131e-01
dXdS[14] = -8.64383e-01
dXdS[15] = -8.55580e-01
dXdS[16] = -8.29801e-01
dXdS[17] = -8.26928e-01
dXdS[18] = -8.20866e-01
dXdS[19] = -8.73817e-01
dXdS[20] = -8.46721e-01
dXdS[21] = -8.20388e-01
dXdS[22] = -7.93939e-01
dXdS[23] = -7.76096e-01
dXdS[24] = -7.44115e-01
dXdS[25] = -7.28187e-01
dXdS[26] = -7.09727e-01
dXdS[27] = -6.95628e-01
dXdS[28] = -6.80149e-01
dXdS[29] = -6.68989e-01
dXdS[30] = -6.57892e-01
dXdS[31] = -6.46902e-01
dXdS[32] = -6.36072e-01
dXdS[33] = -5.98516e-01
dXdS[34] = -5.06279e-01
dXdS[35] = -4.79177e-01
dXdS[36] = -4.54562e-01
dXdS[37] = -4.26090e-01
dXdS[38] = -4.03605e-01
dXdS[39] = -3.79464e-01
dXdS[40] = -3.54794e-01
dXdS[41] = -3.29329e-01
dXdS[42] = -3.01858e-01
dXdS[43] = -2.74087e-01
dXdS[44] = -2.45018e-01
dXdS[45] = -2.13682e-01
dXdS[46] = -1.76443e-01
dXdS[47] = -1.35200e-01
dXdS[48] = 4.71210e-02
dXdS[49] = 4.70498e-02
dXdS[50] = 1.00000e+00


Iteration: 2
Index of specified variable before Newton's method: 1
Temperature before Newton's method: 6.97536e+02 K
Pressure before Newton's method: 1.23759e+05 Pa
Interpolation Scheme: Polynomial (Cubic)
Mixed error in Newton's method (should be < 1): 4.28162e-06
Nº of Newton iterations: 3
Delta of specified variable for the next iteration: 1.00000e-01
Next Iteration variable updated index: 1
lnK[0]		lnK[1]		lnK[2]		lnK[3]		lnK[4]		lnK[5]		lnK[6]		lnK[7]		lnK[8]		lnK[9]		lnK[10]		lnK[11]		lnK[12]		lnK[13]		lnK[14]		lnK[15]		lnK[16]		lnK[17]		lnK[18]		lnK[19]		lnK[20]		lnK[21]		lnK[22]		lnK[23]		lnK[24]		lnK[25]		lnK[26]		lnK[27]		lnK[28]		lnK[29]		lnK[30]		lnK[31]		lnK[32]		lnK[33]		lnK[34]		lnK[35]		lnK[36]		lnK[37]		lnK[38]		lnK[39]		lnK[40]		lnK[41]		lnK[42]		lnK[43]		lnK[44]		lnK[45]		lnK[46]		lnK[47]		lnK[48]		lnT(K)		lnP(Pa)		
5.75819e+00	5.91365e+00	5.41701e+00	5.59295e+00	5.20566e+00	5.75158e+00	4.70009e+00	4.63126e+00	4.40913e+00	4.37369e+00	4.12814e+00	3.96986e+00	3.94817e+00	3.88850e+00	3.69524e+00	3.67533e+00	3.45478e+00	3.44935e+00	3.38378e+00	3.89621e+00	3.67435e+00	3.45406e+00	3.24482e+00	3.09513e+00	2.83164e+00	2.69951e+00	2.51409e+00	2.38574e+00	2.24229e+00	2.11924e+00	1.99426e+00	1.86746e+00	1.73897e+00	1.33864e+00	1.04285e+00	8.19225e-01	5.90622e-01	3.48671e-01	1.38551e-01	-9.31464e-02	-3.27846e-01	-5.65891e-01	-8.27729e-01	-1.09689e+00	-1.37077e+00	-1.67065e+00	-2.01214e+00	-2.37829e+00	-3.45248e+00	6.54712e+00	1.17166e+01
Sensitivity vector: 
dXdS[0] = 9.85391e-01
dXdS[1] = 1.00000e+00
dXdS[2] = 9.40041e-01
dXdS[3] = 9.71196e-01
dXdS[4] = 9.29433e-01
dXdS[5] = 9.82136e-01
dXdS[6] = 8.78570e-01
dXdS[7] = 8.69910e-01
dXdS[8] = 8.50457e-01
dXdS[9] = 8.42407e-01
dXdS[10] = 8.16093e-01
dXdS[11] = 8.10721e-01
dXdS[12] = 8.03062e-01
dXdS[13] = 8.00007e-01
dXdS[14] = 7.82045e-01
dXdS[15] = 7.74137e-01
dXdS[16] = 7.50737e-01
dXdS[17] = 7.48162e-01
dXdS[18] = 7.42633e-01
dXdS[19] = 7.90819e-01
dXdS[20] = 7.66242e-01
dXdS[21] = 7.42350e-01
dXdS[22] = 7.18373e-01
dXdS[23] = 7.02184e-01
dXdS[24] = 6.73176e-01
dXdS[25] = 6.58723e-01
dXdS[26] = 6.41926e-01
dXdS[27] = 6.29118e-01
dXdS[28] = 6.15052e-01
dXdS[29] = 6.04880e-01
dXdS[30] = 5.94762e-01
dXdS[31] = 5.84736e-01
dXdS[32] = 5.74851e-01
dXdS[33] = 5.40690e-01
dXdS[34] = 4.57679e-01
dXdS[35] = 4.33094e-01
dXdS[36] = 4.10726e-01
dXdS[37] = 3.84888e-01
dXdS[38] = 3.64456e-01
dXdS[39] = 3.42509e-01
dXdS[40] = 3.20082e-01
dXdS[41] = 2.96940e-01
dXdS[42] = 2.71966e-01
dXdS[43] = 2.46713e-01
dXdS[44] = 2.20290e-01
dXdS[45] = 1.91798e-01
dXdS[46] = 1.57964e-01
dXdS[47] = 1.20510e-01
dXdS[48] = -4.42676e-02
dXdS[49] = -4.27826e-02
dXdS[50] = -9.03679e-01


Iteration: 3
Index of specified variable before Newton's method: 1
Temperature before Newton's method: 7.00266e+02 K
Pressure before Newton's method: 1.34356e+05 Pa
Interpolation Scheme: Polynomial (Cubic)
Mixed error in Newton's method (should be < 1): 2.77892e-01
Nº of Newton iterations: 2
Delta of specified variable for the next iteration: 2.00000e-01
Next Iteration variable updated index: 1
lnK[0]		lnK[1]		lnK[2]		lnK[3]		lnK[4]		lnK[5]		lnK[6]		lnK[7]		lnK[8]		lnK[9]		lnK[10]		lnK[11]		lnK[12]		lnK[13]		lnK[14]		lnK[15]		lnK[16]		lnK[17]		lnK[18]		lnK[19]		lnK[20]		lnK[21]		lnK[22]		lnK[23]		lnK[24]		lnK[25]		lnK[26]		lnK[27]		lnK[28]		lnK[29]		lnK[30]		lnK[31]		lnK[32]		lnK[33]		lnK[34]		lnK[35]		lnK[36]		lnK[37]		lnK[38]		lnK[39]		lnK[40]		lnK[41]		lnK[42]		lnK[43]		lnK[44]		lnK[45]		lnK[46]		lnK[47]		lnK[48]		lnT(K)		lnP(Pa)		
5.65966e+00	5.81365e+00	5.32300e+00	5.49584e+00	5.11273e+00	5.65337e+00	4.61226e+00	4.54429e+00	4.32411e+00	4.28947e+00	4.04656e+00	3.88882e+00	3.86790e+00	3.80854e+00	3.61707e+00	3.59795e+00	3.37975e+00	3.37457e+00	3.30955e+00	3.81716e+00	3.59775e+00	3.37986e+00	3.17302e+00	3.02495e+00	2.76436e+00	2.63367e+00	2.44994e+00	2.32287e+00	2.18083e+00	2.05880e+00	1.93484e+00	1.80904e+00	1.68155e+00	1.28465e+00	9.97123e-01	7.75962e-01	5.49599e-01	3.10235e-01	1.02161e-01	-1.27337e-01	-3.59790e-01	-5.95517e-01	-8.54852e-01	-1.12148e+00	-1.39271e+00	-1.68974e+00	-2.02784e+00	-2.39024e+00	-3.44797e+00	6.55141e+00	1.18068e+01
Sensitivity vector: 
dXdS[0] = 9.85320e-01
dXdS[1] = 1.00000e+00
dXdS[2] = 9.40002e-01
dXdS[3] = 9.71037e-01
dXdS[4] = 9.29180e-01
dXdS[5] = 9.82106e-01
dXdS[6] = 8.78152e-01
dXdS[7] = 8.69491e-01
dXdS[8] = 8.49924e-01
dXdS[9] = 8.41926e-01
dXdS[10] = 8.15555e-01
dXdS[11] = 8.09977e-01
dXdS[12] = 8.02377e-01
dXdS[13] = 7.99267e-01
dXdS[14] = 7.81224e-01
dXdS[15] = 7.73383e-01
dXdS[16] = 7.49929e-01
dXdS[17] = 7.47380e-01
dXdS[18] = 7.41812e-01
dXdS[19] = 7.90233e-01
dXdS[20] = 7.65617e-01
dXdS[21] = 7.41678e-01
dXdS[22] = 7.17676e-01
dXdS[23] = 7.01455e-01
dXdS[24] = 6.72402e-01
dXdS[25] = 6.57920e-01
dXdS[26] = 6.41041e-01
dXdS[27] = 6.28191e-01
dXdS[28] = 6.14075e-01
dXdS[29] = 6.03835e-01
dXdS[30] = 5.93645e-01
dXdS[31] = 5.83544e-01
dXdS[32] = 5.73580e-01
dXdS[33] = 5.39255e-01
dXdS[34] = 4.56798e-01
dXdS[35] = 4.32171e-01
dXdS[36] = 4.09724e-01
dXdS[37] = 3.83831e-01
dXdS[38] = 3.63326e-01
dXdS[39] = 3.41290e-01
dXdS[40] = 3.18777e-01
dXdS[41] = 2.95550e-01
dXdS[42] = 2.70477e-01
dXdS[43] = 2.45117e-01
dXdS[44] = 2.18593e-01
dXdS[45] = 1.89984e-01
dXdS[46] = 1.56035e-01
dXdS[47] = 1.18474e-01
dXdS[48] = -4.59402e-02
dXdS[49] = -4.29467e-02
dXdS[50] = -9.01654e-01


Iteration: 4
Index of specified variable before Newton's method: 1
Temperature before Newton's method: 7.06290e+02 K
Pressure before Newton's method: 1.60611e+05 Pa
Interpolation Scheme: Polynomial (Cubic)
Mixed error in Newton's method (should be < 1): 7.04204e-06
Nº of Newton iterations: 2
Delta of specified variable for the next iteration: 2.00000e-01
Next Iteration variable updated index: 1
lnK[0]		lnK[1]		lnK[2]		lnK[3]		lnK[4]		lnK[5]		lnK[6]		lnK[7]		lnK[8]		lnK[9]		lnK[10]		lnK[11]		lnK[12]		lnK[13]		lnK[14]		lnK[15]		lnK[16]		lnK[17]		lnK[18]		lnK[19]		lnK[20]		lnK[21]		lnK[22]		lnK[23]		lnK[24]		lnK[25]		lnK[26]		lnK[27]		lnK[28]		lnK[29]		lnK[30]		lnK[31]		lnK[32]		lnK[33]		lnK[34]		lnK[35]		lnK[36]		lnK[37]		lnK[38]		lnK[39]		lnK[40]		lnK[41]		lnK[42]		lnK[43]		lnK[44]		lnK[45]		lnK[46]		lnK[47]		lnK[48]		lnT(K)		lnP(Pa)		
5.46261e+00	5.61365e+00	5.13501e+00	5.30167e+00	4.92695e+00	5.45695e+00	4.43671e+00	4.37048e+00	4.15424e+00	4.12119e+00	3.88356e+00	3.72698e+00	3.70756e+00	3.64884e+00	3.46100e+00	3.44343e+00	3.22993e+00	3.22526e+00	3.16136e+00	3.65924e+00	3.44476e+00	3.23167e+00	3.02963e+00	2.88481e+00	2.63004e+00	2.50226e+00	2.32192e+00	2.19743e+00	2.05822e+00	1.93825e+00	1.81634e+00	1.69258e+00	1.56710e+00	1.17710e+00	9.05950e-01	6.89723e-01	4.67867e-01	2.33693e-01	2.97360e-02	-1.95336e-01	-4.23268e-01	-6.54331e-01	-9.08631e-01	-1.17017e+00	-1.43607e+00	-1.72736e+00	-2.05864e+00	-2.41350e+00	-3.43843e+00	6.56003e+00	1.19867e+01
Sensitivity vector: 
dXdS[0] = 9.85174e-01
dXdS[1] = 1.00000e+00
dXdS[2] = 9.39922e-01
dXdS[3] = 9.70704e-01
dXdS[4] = 9.28651e-01
dXdS[5] = 9.82041e-01
dXdS[6] = 8.77270e-01
dXdS[7] = 8.68608e-01
dXdS[8] = 8.48801e-01
dXdS[9] = 8.40909e-01
dXdS[10] = 8.14415e-01
dXdS[11] = 8.08410e-01
dXdS[12] = 8.00940e-01
dXdS[13] = 7.97710e-01
dXdS[14] = 7.79494e-01
dXdS[15] = 7.71799e-01
dXdS[16] = 7.48227e-01
dXdS[17] = 7.45733e-01
dXdS[18] = 7.40084e-01
dXdS[19] = 7.88989e-01
dXdS[20] = 7.64286e-01
dXdS[21] = 7.40247e-01
dXdS[22] = 7.16187e-01
dXdS[23] = 6.99898e-01
dXdS[24] = 6.70740e-01
dXdS[25] = 6.56198e-01
dXdS[26] = 6.39142e-01
dXdS[27] = 6.26202e-01
dXdS[28] = 6.11978e-01
dXdS[29] = 6.01594e-01
dXdS[30] = 5.91251e-01
dXdS[31] = 5.80989e-01
dXdS[32] = 5.70854e-01
dXdS[33] = 5.36147e-01
dXdS[34] = 4.54898e-01
dXdS[35] = 4.30178e-01
dXdS[36] = 4.07561e-01
dXdS[37] = 3.81548e-01
dXdS[38] = 3.60883e-01
dXdS[39] = 3.38657e-01
dXdS[40] = 3.15954e-01
dXdS[41] = 2.92545e-01
dXdS[42] = 2.67257e-01
dXdS[43] = 2.41665e-01
dXdS[44] = 2.14924e-01
dXdS[45] = 1.86065e-01
dXdS[46] = 1.51869e-01
dXdS[47] = 1.14076e-01
dXdS[48] = -4.95495e-02
dXdS[49] = -4.32503e-02
dXdS[50] = -8.97479e-01


Iteration: 5
Index of specified variable before Newton's method: 1
Temperature before Newton's method: 7.12445e+02 K
Pressure before Newton's method: 1.92106e+05 Pa
Interpolation Scheme: Polynomial (Cubic)
Mixed error in Newton's method (should be < 1): 3.64194e-05
Nº of Newton iterations: 2
Delta of specified variable for the next iteration: 2.00000e-01
Next Iteration variable updated index: 1
lnK[0]		lnK[1]		lnK[2]		lnK[3]		lnK[4]		lnK[5]		lnK[6]		lnK[7]		lnK[8]		lnK[9]		lnK[10]		lnK[11]		lnK[12]		lnK[13]		lnK[14]		lnK[15]		lnK[16]		lnK[17]		lnK[18]		lnK[19]		lnK[20]		lnK[21]		lnK[22]		lnK[23]		lnK[24]		lnK[25]		lnK[26]		lnK[27]		lnK[28]		lnK[29]		lnK[30]		lnK[31]		lnK[32]		lnK[33]		lnK[34]		lnK[35]		lnK[36]		lnK[37]		lnK[38]		lnK[39]		lnK[40]		lnK[41]		lnK[42]		lnK[43]		lnK[44]		lnK[45]		lnK[46]		lnK[47]		lnK[48]		lnT(K)		lnP(Pa)		
5.26559e+00	5.41365e+00	4.94704e+00	5.10756e+00	4.74127e+00	5.26055e+00	4.26135e+00	4.19685e+00	3.98460e+00	3.95311e+00	3.72080e+00	3.56547e+00	3.54753e+00	3.48946e+00	3.30528e+00	3.28924e+00	3.08047e+00	3.07629e+00	3.01353e+00	3.50157e+00	3.29205e+00	3.08377e+00	2.88655e+00	2.74500e+00	2.49608e+00	2.37121e+00	2.19429e+00	2.07241e+00	1.93606e+00	1.81818e+00	1.69835e+00	1.57666e+00	1.45323e+00	1.07021e+00	8.15177e-01	6.03905e-01	3.86590e-01	1.57632e-01	-4.21742e-02	-2.62780e-01	-4.86150e-01	-7.12512e-01	-9.61731e-01	-1.21813e+00	-1.47866e+00	-1.76414e+00	-2.08856e+00	-2.43584e+00	-3.42812e+00	6.56870e+00	1.21658e+01
Sensitivity vector: 
dXdS[0] = 9.85021e-01
dXdS[1] = 1.00000e+00
dXdS[2] = 9.39841e-01
dXdS[3] = 9.70351e-01
dXdS[4] = 9.28086e-01
dXdS[5] = 9.81967e-01
dXdS[6] = 8.76321e-01
dXdS[7] = 8.67658e-01
dXdS[8] = 8.47593e-01
dXdS[9] = 8.39813e-01
dXdS[10] = 8.13181e-01
dXdS[11] = 8.06728e-01
dXdS[12] = 7.99403e-01
dXdS[13] = 7.96042e-01
dXdS[14] = 7.77636e-01
dXdS[15] = 7.70101e-01
dXdS[16] = 7.46398e-01
dXdS[17] = 7.43964e-01
dXdS[18] = 7.38230e-01
dXdS[19] = 7.87640e-01
dXdS[20] = 7.62839e-01
dXdS[21] = 7.38687e-01
dXdS[22] = 7.14559e-01
dXdS[23] = 6.98192e-01
dXdS[24] = 6.68914e-01
dXdS[25] = 6.54305e-01
dXdS[26] = 6.37055e-01
dXdS[27] = 6.24016e-01
dXdS[28] = 6.09673e-01
dXdS[29] = 5.99129e-01
dXdS[30] = 5.88618e-01
dXdS[31] = 5.78179e-01
dXdS[32] = 5.67856e-01
dXdS[33] = 5.32690e-01
dXdS[34] = 4.52793e-01
dXdS[35] = 4.27968e-01
dXdS[36] = 4.05161e-01
dXdS[37] = 3.79012e-01
dXdS[38] = 3.58170e-01
dXdS[39] = 3.35730e-01
dXdS[40] = 3.12816e-01
dXdS[41] = 2.89204e-01
dXdS[42] = 2.63679e-01
dXdS[43] = 2.37831e-01
dXdS[44] = 2.10850e-01
dXdS[45] = 1.81714e-01
dXdS[46] = 1.47246e-01
dXdS[47] = 1.09197e-01
dXdS[48] = -5.35534e-02
dXdS[49] = -4.35151e-02
dXdS[50] = -8.93139e-01


Iteration: 6
Index of specified variable before Newton's method: 1
Temperature before Newton's method: 7.18689e+02 K
Pressure before Newton's method: 2.29575e+05 Pa
Interpolation Scheme: Polynomial (Cubic)
Mixed error in Newton's method (should be < 1): 2.52140e-05
Nº of Newton iterations: 2
Delta of specified variable for the next iteration: 2.00000e-01
Next Iteration variable updated index: 1
lnK[0]		lnK[1]		lnK[2]		lnK[3]		lnK[4]		lnK[5]		lnK[6]		lnK[7]		lnK[8]		lnK[9]		lnK[10]		lnK[11]		lnK[12]		lnK[13]		lnK[14]		lnK[15]		lnK[16]		lnK[17]		lnK[18]		lnK[19]		lnK[20]		lnK[21]		lnK[22]		lnK[23]		lnK[24]		lnK[25]		lnK[26]		lnK[27]		lnK[28]		lnK[29]		lnK[30]		lnK[31]		lnK[32]		lnK[33]		lnK[34]		lnK[35]		lnK[36]		lnK[37]		lnK[38]		lnK[39]		lnK[40]		lnK[41]		lnK[42]		lnK[43]		lnK[44]		lnK[45]		lnK[46]		lnK[47]		lnK[48]		lnT(K)		lnP(Pa)		
5.06860e+00	5.21365e+00	4.75908e+00	4.91353e+00	4.55572e+00	5.06417e+00	4.08619e+00	4.02342e+00	3.81521e+00	3.78527e+00	3.55829e+00	3.40430e+00	3.38781e+00	3.33043e+00	3.14995e+00	3.13540e+00	2.93138e+00	2.92768e+00	2.86608e+00	3.34419e+00	3.13964e+00	2.93620e+00	2.74381e+00	2.60554e+00	2.36249e+00	2.24055e+00	2.06711e+00	1.94784e+00	1.81437e+00	1.69862e+00	1.58091e+00	1.46133e+00	1.33998e+00	9.64050e-01	7.24849e-01	5.18553e-01	3.05820e-01	8.21072e-02	-1.13511e-01	-3.29606e-01	-5.48370e-01	-7.69988e-01	-1.01408e+00	-1.26527e+00	-1.52038e+00	-1.80001e+00	-2.11750e+00	-2.45715e+00	-3.41698e+00	6.57743e+00	1.23440e+01
Sensitivity vector: 
dXdS[0] = 9.84860e-01
dXdS[1] = 1.00000e+00
dXdS[2] = 9.39758e-01
dXdS[3] = 9.69974e-01
dXdS[4] = 9.27480e-01
dXdS[5] = 9.81882e-01
dXdS[6] = 8.75296e-01
dXdS[7] = 8.66633e-01
dXdS[8] = 8.46290e-01
dXdS[9] = 8.38626e-01
dXdS[10] = 8.11842e-01
dXdS[11] = 8.04918e-01
dXdS[12] = 7.97756e-01
dXdS[13] = 7.94247e-01
dXdS[14] = 7.75632e-01
dXdS[15] = 7.68274e-01
dXdS[16] = 7.44428e-01
dXdS[17] = 7.42055e-01
dXdS[18] = 7.36233e-01
dXdS[19] = 7.86171e-01
dXdS[20] = 7.61258e-01
dXdS[21] = 7.36979e-01
dXdS[22] = 7.12772e-01
dXdS[23] = 6.96317e-01
dXdS[24] = 6.66899e-01
dXdS[25] = 6.52219e-01
dXdS[26] = 6.34753e-01
dXdS[27] = 6.21604e-01
dXdS[28] = 6.07129e-01
dXdS[29] = 5.96411e-01
dXdS[30] = 5.85716e-01
dXdS[31] = 5.75081e-01
dXdS[32] = 5.64552e-01
dXdS[33] = 5.28840e-01
dXdS[34] = 4.50451e-01
dXdS[35] = 4.25508e-01
dXdS[36] = 4.02489e-01
dXdS[37] = 3.76187e-01
dXdS[38] = 3.55146e-01
dXdS[39] = 3.32467e-01
dXdS[40] = 3.09318e-01
dXdS[41] = 2.85482e-01
dXdS[42] = 2.59693e-01
dXdS[43] = 2.33560e-01
dXdS[44] = 2.06314e-01
dXdS[45] = 1.76874e-01
dXdS[46] = 1.42104e-01
dXdS[47] = 1.03769e-01
dXdS[48] = -5.80105e-02
dXdS[49] = -4.37334e-02
dXdS[50] = -8.88644e-01


Iteration: 7
Index of specified variable before Newton's method: 1
Temperature before Newton's method: 7.25015e+02 K
Pressure before Newton's method: 2.74101e+05 Pa
Interpolation Scheme: Polynomial (Cubic)
Mixed error in Newton's method (should be < 1): 1.36055e-04
Nº of Newton iterations: 2
Delta of specified variable for the next iteration: 2.00000e-01
Next Iteration variable updated index: 1
lnK[0]		lnK[1]		lnK[2]		lnK[3]		lnK[4]		lnK[5]		lnK[6]		lnK[7]		lnK[8]		lnK[9]		lnK[10]		lnK[11]		lnK[12]		lnK[13]		lnK[14]		lnK[15]		lnK[16]		lnK[17]		lnK[18]		lnK[19]		lnK[20]		lnK[21]		lnK[22]		lnK[23]		lnK[24]		lnK[25]		lnK[26]		lnK[27]		lnK[28]		lnK[29]		lnK[30]		lnK[31]		lnK[32]		lnK[33]		lnK[34]		lnK[35]		lnK[36]		lnK[37]		lnK[38]		lnK[39]		lnK[40]		lnK[41]		lnK[42]		lnK[43]		lnK[44]		lnK[45]		lnK[46]		lnK[47]		lnK[48]		lnT(K)		lnP(Pa)		
4.87164e+00	5.01365e+00	4.57113e+00	4.71957e+00	4.37029e+00	4.86780e+00	3.91124e+00	3.85021e+00	3.64609e+00	3.61767e+00	3.39607e+00	3.24351e+00	3.22843e+00	3.17177e+00	2.99504e+00	2.98194e+00	2.78270e+00	2.77948e+00	2.71905e+00	3.18711e+00	2.98755e+00	2.78899e+00	2.60145e+00	2.46648e+00	2.22933e+00	2.11033e+00	1.94041e+00	1.82378e+00	1.69322e+00	1.57963e+00	1.46409e+00	1.34665e+00	1.22743e+00	8.58704e-01	6.35015e-01	4.33721e-01	2.25616e-01	7.17969e-03	-1.84209e-01	-3.95741e-01	-6.09850e-01	-8.26676e-01	-1.06558e+00	-1.31152e+00	-1.56115e+00	-1.83485e+00	-2.14536e+00	-2.47731e+00	-3.40489e+00	6.58619e+00	1.25213e+01
Sensitivity vector: 
dXdS[0] = 9.84690e-01
dXdS[1] = 1.00000e+00
dXdS[2] = 9.39671e-01
dXdS[3] = 9.69572e-01
dXdS[4] = 9.26829e-01
dXdS[5] = 9.81786e-01
dXdS[6] = 8.74185e-01
dXdS[7] = 8.65523e-01
dXdS[8] = 8.44879e-01
dXdS[9] = 8.37335e-01
dXdS[10] = 8.10383e-01
dXdS[11] = 8.02962e-01
dXdS[12] = 7.95981e-01
dXdS[13] = 7.92310e-01
dXdS[14] = 7.73464e-01
dXdS[15] = 7.66302e-01
dXdS[16] = 7.42296e-01
dXdS[17] = 7.39987e-01
dXdS[18] = 7.34073e-01
dXdS[19] = 7.84566e-01
dXdS[20] = 7.59527e-01
dXdS[21] = 7.35104e-01
dXdS[22] = 7.10803e-01
dXdS[23] = 6.94249e-01
dXdS[24] = 6.64671e-01
dXdS[25] = 6.49913e-01
dXdS[26] = 6.32208e-01
dXdS[27] = 6.18936e-01
dXdS[28] = 6.04316e-01
dXdS[29] = 5.93405e-01
dXdS[30] = 5.82507e-01
dXdS[31] = 5.71658e-01
dXdS[32] = 5.60900e-01
dXdS[33] = 5.24545e-01
dXdS[34] = 4.47836e-01
dXdS[35] = 4.22759e-01
dXdS[36] = 3.99504e-01
dXdS[37] = 3.73029e-01
dXdS[38] = 3.51765e-01
dXdS[39] = 3.28820e-01
dXdS[40] = 3.05409e-01
dXdS[41] = 2.81322e-01
dXdS[42] = 2.55241e-01
dXdS[43] = 2.28792e-01
dXdS[44] = 2.01252e-01
dXdS[45] = 1.71475e-01
dXdS[46] = 1.36371e-01
dXdS[47] = 9.77191e-02
dXdS[48] = -6.29906e-02
dXdS[49] = -4.38964e-02
dXdS[50] = -8.84009e-01


Iteration: 8
Index of specified variable before Newton's method: 1
Temperature before Newton's method: 7.31416e+02 K
Pressure before Newton's method: 3.26955e+05 Pa
Interpolation Scheme: Polynomial (Cubic)
Mixed error in Newton's method (should be < 1): 6.48144e-05
Nº of Newton iterations: 2
Delta of specified variable for the next iteration: 2.00000e-01
Next Iteration variable updated index: 1
lnK[0]		lnK[1]		lnK[2]		lnK[3]		lnK[4]		lnK[5]		lnK[6]		lnK[7]		lnK[8]		lnK[9]		lnK[10]		lnK[11]		lnK[12]		lnK[13]		lnK[14]		lnK[15]		lnK[16]		lnK[17]		lnK[18]		lnK[19]		lnK[20]		lnK[21]		lnK[22]		lnK[23]		lnK[24]		lnK[25]		lnK[26]		lnK[27]		lnK[28]		lnK[29]		lnK[30]		lnK[31]		lnK[32]		lnK[33]		lnK[34]		lnK[35]		lnK[36]		lnK[37]		lnK[38]		lnK[39]		lnK[40]		lnK[41]		lnK[42]		lnK[43]		lnK[44]		lnK[45]		lnK[46]		lnK[47]		lnK[48]		lnT(K)		lnP(Pa)		
4.67472e+00	4.81365e+00	4.38321e+00	4.52570e+00	4.18499e+00	4.67145e+00	3.73652e+00	3.67722e+00	3.47726e+00	3.45034e+00	3.23415e+00	3.08313e+00	3.06943e+00	3.01352e+00	2.84058e+00	2.82889e+00	2.63447e+00	2.63170e+00	2.57246e+00	3.03037e+00	2.83584e+00	2.64217e+00	2.45951e+00	2.32786e+00	2.09664e+00	1.98060e+00	1.81424e+00	1.70029e+00	1.57267e+00	1.46128e+00	1.34793e+00	1.23269e+00	1.11565e+00	7.54265e-01	5.45735e-01	3.49471e-01	1.46043e-01	-6.70788e-02	-2.54190e-01	-4.61104e-01	-6.70502e-01	-8.82483e-01	-1.11614e+00	-1.35675e+00	-1.60084e+00	-1.86856e+00	-2.17201e+00	-2.49619e+00	-3.39174e+00	6.59498e+00	1.26976e+01
Sensitivity vector: 
dXdS[0] = 9.84511e-01
dXdS[1] = 1.00000e+00
dXdS[2] = 9.39578e-01
dXdS[3] = 9.69140e-01
dXdS[4] = 9.26125e-01
dXdS[5] = 9.81677e-01
dXdS[6] = 8.72975e-01
dXdS[7] = 8.64314e-01
dXdS[8] = 8.43346e-01
dXdS[9] = 8.35926e-01
dXdS[10] = 8.08786e-01
dXdS[11] = 8.00840e-01
dXdS[12] = 7.94061e-01
dXdS[13] = 7.90210e-01
dXdS[14] = 7.71108e-01
dXdS[15] = 7.64163e-01
dXdS[16] = 7.39979e-01
dXdS[17] = 7.37737e-01
dXdS[18] = 7.31726e-01
dXdS[19] = 7.82805e-01
dXdS[20] = 7.57622e-01
dXdS[21] = 7.33036e-01
dXdS[22] = 7.08628e-01
dXdS[23] = 6.91959e-01
dXdS[24] = 6.62197e-01
dXdS[25] = 6.47353e-01
dXdS[26] = 6.29384e-01
dXdS[27] = 6.15975e-01
dXdS[28] = 6.01193e-01
dXdS[29] = 5.90071e-01
dXdS[30] = 5.78949e-01
dXdS[31] = 5.67863e-01
dXdS[32] = 5.56855e-01
dXdS[33] = 5.19748e-01
dXdS[34] = 4.44906e-01
dXdS[35] = 4.19677e-01
dXdS[36] = 3.96158e-01
dXdS[37] = 3.69487e-01
dXdS[38] = 3.47973e-01
dXdS[39] = 3.24730e-01
dXdS[40] = 3.01027e-01
dXdS[41] = 2.76661e-01
dXdS[42] = 2.50254e-01
dXdS[43] = 2.23454e-01
dXdS[44] = 1.95588e-01
dXdS[45] = 1.65438e-01
dXdS[46] = 1.29963e-01
dXdS[47] = 9.09569e-02
dXdS[48] = -6.85770e-02
dXdS[49] = -4.39942e-02
dXdS[50] = -8.79251e-01


Iteration: 9
Index of specified variable before Newton's method: 1
Temperature before Newton's method: 7.37883e+02 K
Pressure before Newton's method: 3.89627e+05 Pa
Interpolation Scheme: Polynomial (Cubic)
Mixed error in Newton's method (should be < 1): 7.74951e-05
Nº of Newton iterations: 2
Delta of specified variable for the next iteration: 2.00000e-01
Next Iteration variable updated index: 1
lnK[0]		lnK[1]		lnK[2]		lnK[3]		lnK[4]		lnK[5]		lnK[6]		lnK[7]		lnK[8]		lnK[9]		lnK[10]		lnK[11]		lnK[12]		lnK[13]		lnK[14]		lnK[15]		lnK[16]		lnK[17]		lnK[18]		lnK[19]		lnK[20]		lnK[21]		lnK[22]		lnK[23]		lnK[24]		lnK[25]		lnK[26]		lnK[27]		lnK[28]		lnK[29]		lnK[30]		lnK[31]		lnK[32]		lnK[33]		lnK[34]		lnK[35]		lnK[36]		lnK[37]		lnK[38]		lnK[39]		lnK[40]		lnK[41]		lnK[42]		lnK[43]		lnK[44]		lnK[45]		lnK[46]		lnK[47]		lnK[48]		lnT(K)		lnP(Pa)		
4.47784e+00	4.61365e+00	4.19530e+00	4.33192e+00	3.99984e+00	4.47513e+00	3.56206e+00	3.50449e+00	3.30876e+00	3.28331e+00	3.07257e+00	2.92319e+00	2.91082e+00	2.85570e+00	2.68661e+00	2.67629e+00	2.48673e+00	2.48440e+00	2.42637e+00	2.87400e+00	2.68452e+00	2.49579e+00	2.31802e+00	2.18972e+00	1.96447e+00	1.85141e+00	1.68868e+00	1.57741e+00	1.45277e+00	1.34363e+00	1.23253e+00	1.11954e+00	1.00472e+00	6.50842e-01	4.57077e-01	2.65876e-01	6.71802e-02	-1.40586e-01	-3.23366e-01	-5.25599e-01	-7.30225e-01	-9.37302e-01	-1.16564e+00	-1.40085e+00	-1.63934e+00	-1.90098e+00	-2.19729e+00	-2.51364e+00	-3.37741e+00	6.60379e+00	1.28729e+01
Sensitivity vector: 
dXdS[0] = 9.84320e-01
dXdS[1] = 1.00000e+00
dXdS[2] = 9.39477e-01
dXdS[3] = 9.68674e-01
dXdS[4] = 9.25361e-01
dXdS[5] = 9.81552e-01
dXdS[6] = 8.71653e-01
dXdS[7] = 8.62992e-01
dXdS[8] = 8.41672e-01
dXdS[9] = 8.34382e-01
dXdS[10] = 8.07030e-01
dXdS[11] = 7.98529e-01
dXdS[12] = 7.91975e-01
dXdS[13] = 7.87923e-01
dXdS[14] = 7.68538e-01
dXdS[15] = 7.61831e-01
dXdS[16] = 7.37449e-01
dXdS[17] = 7.35278e-01
dXdS[18] = 7.29164e-01
dXdS[19] = 7.80864e-01
dXdS[20] = 7.55517e-01
dXdS[21] = 7.30748e-01
dXdS[22] = 7.06213e-01
dXdS[23] = 6.89416e-01
dXdS[24] = 6.59441e-01
dXdS[25] = 6.44501e-01
dXdS[26] = 6.26240e-01
dXdS[27] = 6.12679e-01
dXdS[28] = 5.97717e-01
dXdS[29] = 5.86361e-01
dXdS[30] = 5.74993e-01
dXdS[31] = 5.63645e-01
dXdS[32] = 5.52359e-01
dXdS[33] = 5.14382e-01
dXdS[34] = 4.41607e-01
dXdS[35] = 4.16205e-01
dXdS[36] = 3.92392e-01
dXdS[37] = 3.65500e-01
dXdS[38] = 3.43706e-01
dXdS[39] = 3.20130e-01
dXdS[40] = 2.96099e-01
dXdS[41] = 2.71421e-01
dXdS[42] = 2.44653e-01
dXdS[43] = 2.17462e-01
dXdS[44] = 1.89234e-01
dXdS[45] = 1.58670e-01
dXdS[46] = 1.22780e-01
dXdS[47] = 8.33792e-02
dXdS[48] = -7.48696e-02
dXdS[49] = -4.40158e-02
dXdS[50] = -8.74400e-01


Iteration: 10
Index of specified variable before Newton's method: 1
Temperature before Newton's method: 7.44404e+02 K
Pressure before Newton's method: 4.63858e+05 Pa
Interpolation Scheme: Polynomial (Cubic)
Mixed error in Newton's method (should be < 1): 7.86197e-03
Nº of Newton iterations: 2
Delta of specified variable for the next iteration: 2.00000e-01
Next Iteration variable updated index: 1
lnK[0]		lnK[1]		lnK[2]		lnK[3]		lnK[4]		lnK[5]		lnK[6]		lnK[7]		lnK[8]		lnK[9]		lnK[10]		lnK[11]		lnK[12]		lnK[13]		lnK[14]		lnK[15]		lnK[16]		lnK[17]		lnK[18]		lnK[19]		lnK[20]		lnK[21]		lnK[22]		lnK[23]		lnK[24]		lnK[25]		lnK[26]		lnK[27]		lnK[28]		lnK[29]		lnK[30]		lnK[31]		lnK[32]		lnK[33]		lnK[34]		lnK[35]		lnK[36]		lnK[37]		lnK[38]		lnK[39]		lnK[40]		lnK[41]		lnK[42]		lnK[43]		lnK[44]		lnK[45]		lnK[46]		lnK[47]		lnK[48]		lnT(K)		lnP(Pa)		
4.28100e+00	4.41365e+00	4.00742e+00	4.13823e+00	3.81485e+00	4.27883e+00	3.38787e+00	3.33203e+00	3.14061e+00	3.11660e+00	2.91135e+00	2.76373e+00	2.75265e+00	2.69836e+00	2.53318e+00	2.52417e+00	2.33951e+00	2.33761e+00	2.28081e+00	2.71804e+00	2.53364e+00	2.34989e+00	2.17704e+00	2.05211e+00	1.83288e+00	1.72282e+00	1.56377e+00	1.45524e+00	1.33361e+00	1.22676e+00	1.11797e+00	1.00727e+00	8.94737e-01	5.48556e-01	3.69121e-01	1.83019e-01	-1.08815e-02	-2.13244e-01	-3.91635e-01	-5.89117e-01	-7.88900e-01	-9.91007e-01	-1.21395e+00	-1.44369e+00	-1.67648e+00	-1.93197e+00	-2.22106e+00	-2.52948e+00	-3.36174e+00	6.61258e+00	1.30473e+01
Sensitivity vector: 
dXdS[0] = 9.84115e-01
dXdS[1] = 1.00000e+00
dXdS[2] = 9.39362e-01
dXdS[3] = 9.68169e-01
dXdS[4] = 9.24527e-01
dXdS[5] = 9.81409e-01
dXdS[6] = 8.70201e-01
dXdS[7] = 8.61539e-01
dXdS[8] = 8.39835e-01
dXdS[9] = 8.32680e-01
dXdS[10] = 8.05091e-01
dXdS[11] = 7.95999e-01
dXdS[12] = 7.89693e-01
dXdS[13] = 7.85420e-01
dXdS[14] = 7.65722e-01
dXdS[15] = 7.59275e-01
dXdS[16] = 7.34671e-01
dXdS[17] = 7.32576e-01
dXdS[18] = 7.26352e-01
dXdS[19] = 7.78716e-01
dXdS[20] = 7.53181e-01
dXdS[21] = 7.28205e-01
dXdS[22] = 7.03523e-01
dXdS[23] = 6.86578e-01
dXdS[24] = 6.56359e-01
dXdS[25] = 6.41313e-01
dXdS[26] = 6.22726e-01
dXdS[27] = 6.08995e-01
dXdS[28] = 5.93833e-01
dXdS[29] = 5.82219e-01
dXdS[30] = 5.70578e-01
dXdS[31] = 5.58941e-01
dXdS[32] = 5.47350e-01
dXdS[33] = 5.08369e-01
dXdS[34] = 4.37878e-01
dXdS[35] = 4.12279e-01
dXdS[36] = 3.88137e-01
dXdS[37] = 3.60993e-01
dXdS[38] = 3.38885e-01
dXdS[39] = 3.14935e-01
dXdS[40] = 2.90539e-01
dXdS[41] = 2.65513e-01
dXdS[42] = 2.38341e-01
dXdS[43] = 2.10714e-01
dXdS[44] = 1.82082e-01
dXdS[45] = 1.51058e-01
dXdS[46] = 1.14708e-01
dXdS[47] = 7.48634e-02
dXdS[48] = -8.19889e-02
dXdS[49] = -4.39486e-02
dXdS[50] = -8.69493e-01


Iteration: 11
Index of specified variable before Newton's method: 1
Temperature before Newton's method: 7.50964e+02 K
Pressure before Newton's method: 5.51690e+05 Pa
Interpolation Scheme: Polynomial (Cubic)
Mixed error in Newton's method (should be < 1): 1.72835e-04
Nº of Newton iterations: 2
Delta of specified variable for the next iteration: 2.00000e-01
Next Iteration variable updated index: 1
lnK[0]		lnK[1]		lnK[2]		lnK[3]		lnK[4]		lnK[5]		lnK[6]		lnK[7]		lnK[8]		lnK[9]		lnK[10]		lnK[11]		lnK[12]		lnK[13]		lnK[14]		lnK[15]		lnK[16]		lnK[17]		lnK[18]		lnK[19]		lnK[20]		lnK[21]		lnK[22]		lnK[23]		lnK[24]		lnK[25]		lnK[26]		lnK[27]		lnK[28]		lnK[29]		lnK[30]		lnK[31]		lnK[32]		lnK[33]		lnK[34]		lnK[35]		lnK[36]		lnK[37]		lnK[38]		lnK[39]		lnK[40]		lnK[41]		lnK[42]		lnK[43]		lnK[44]		lnK[45]		lnK[46]		lnK[47]		lnK[48]		lnT(K)		lnP(Pa)		
4.08420e+00	4.21365e+00	3.81956e+00	3.94465e+00	3.63003e+00	4.08257e+00	3.21399e+00	3.15988e+00	2.97284e+00	2.95025e+00	2.75054e+00	2.60480e+00	2.59496e+00	2.54155e+00	2.38034e+00	2.37259e+00	2.19288e+00	2.19138e+00	2.13585e+00	2.56253e+00	2.38326e+00	2.20453e+00	2.03663e+00	1.91511e+00	1.70195e+00	1.59491e+00	1.43961e+00	1.33385e+00	1.21527e+00	1.11077e+00	1.00434e+00	8.95996e-01	7.85817e-01	4.47544e-01	2.81960e-01	1.01000e-01	-8.80361e-02	-2.84942e-01	-4.58877e-01	-6.51527e-01	-8.46391e-01	-1.04345e+00	-1.26092e+00	-1.48508e+00	-1.71211e+00	-1.96134e+00	-2.24311e+00	-2.54351e+00	-3.34455e+00	6.62136e+00	1.32207e+01
Sensitivity vector: 
dXdS[0] = 9.83894e-01
dXdS[1] = 1.00000e+00
dXdS[2] = 9.39229e-01
dXdS[3] = 9.67620e-01
dXdS[4] = 9.23610e-01
dXdS[5] = 9.81247e-01
dXdS[6] = 8.68597e-01
dXdS[7] = 8.59934e-01
dXdS[8] = 8.37810e-01
dXdS[9] = 8.30794e-01
dXdS[10] = 8.02938e-01
dXdS[11] = 7.93217e-01
dXdS[12] = 7.87185e-01
dXdS[13] = 7.82667e-01
dXdS[14] = 7.62620e-01
dXdS[15] = 7.56459e-01
dXdS[16] = 7.31605e-01
dXdS[17] = 7.29588e-01
dXdS[18] = 7.23248e-01
dXdS[19] = 7.76326e-01
dXdS[20] = 7.50577e-01
dXdS[21] = 7.25364e-01
dXdS[22] = 7.00510e-01
dXdS[23] = 6.83398e-01
dXdS[24] = 6.52899e-01
dXdS[25] = 6.37734e-01
dXdS[26] = 6.18785e-01
dXdS[27] = 6.04863e-01
dXdS[28] = 5.89476e-01
dXdS[29] = 5.77577e-01
dXdS[30] = 5.65634e-01
dXdS[31] = 5.53679e-01
dXdS[32] = 5.41748e-01
dXdS[33] = 5.01618e-01
dXdS[34] = 4.33641e-01
dXdS[35] = 4.07818e-01
dXdS[36] = 3.83306e-01
dXdS[37] = 3.55878e-01
dXdS[38] = 3.33416e-01
dXdS[39] = 3.09049e-01
dXdS[40] = 2.84243e-01
dXdS[41] = 2.58827e-01
dXdS[42] = 2.31204e-01
dXdS[43] = 2.03090e-01
dXdS[44] = 1.74008e-01
dXdS[45] = 1.42471e-01
dXdS[46] = 1.05606e-01
dXdS[47] = 6.52634e-02
dXdS[48] = -9.00810e-02
dXdS[49] = -4.37786e-02
dXdS[50] = -8.64578e-01


Iteration: 12
Index of specified variable before Newton's method: 1
Temperature before Newton's method: 7.57548e+02 K
Pressure before Newton's method: 6.55510e+05 Pa
Interpolation Scheme: Polynomial (Cubic)
Mixed error in Newton's method (should be < 1): 5.33601e-04
Nº of Newton iterations: 2
Delta of specified variable for the next iteration: 2.00000e-01
Next Iteration variable updated index: 1
lnK[0]		lnK[1]		lnK[2]		lnK[3]		lnK[4]		lnK[5]		lnK[6]		lnK[7]		lnK[8]		lnK[9]		lnK[10]		lnK[11]		lnK[12]		lnK[13]		lnK[14]		lnK[15]		lnK[16]		lnK[17]		lnK[18]		lnK[19]		lnK[20]		lnK[21]		lnK[22]		lnK[23]		lnK[24]		lnK[25]		lnK[26]		lnK[27]		lnK[28]		lnK[29]		lnK[30]		lnK[31]		lnK[32]		lnK[33]		lnK[34]		lnK[35]		lnK[36]		lnK[37]		lnK[38]		lnK[39]		lnK[40]		lnK[41]		lnK[42]		lnK[43]		lnK[44]		lnK[45]		lnK[46]		lnK[47]		lnK[48]		lnT(K)		lnP(Pa)		
3.88744e+00	4.01365e+00	3.63173e+00	3.75119e+00	3.44541e+00	3.88634e+00	3.04044e+00	2.98807e+00	2.80550e+00	2.78430e+00	2.59019e+00	2.44646e+00	2.43779e+00	2.38531e+00	2.22816e+00	2.22161e+00	2.04689e+00	2.04579e+00	1.99154e+00	2.40753e+00	2.23344e+00	2.05977e+00	1.89686e+00	1.77878e+00	1.57175e+00	1.46776e+00	1.31629e+00	1.21333e+00	1.09785e+00	9.95771e-01	8.91755e-01	7.85840e-01	6.78083e-01	3.47965e-01	1.95704e-01	1.99341e-02	-1.64159e-01	-3.55548e-01	-5.24951e-01	-7.12682e-01	-9.02540e-01	-1.09448e+00	-1.30637e+00	-1.52485e+00	-1.74601e+00	-1.98888e+00	-2.26322e+00	-2.55550e+00	-3.32563e+00	6.63009e+00	1.33932e+01
Sensitivity vector: 
dXdS[0] = 9.83654e-01
dXdS[1] = 1.00000e+00
dXdS[2] = 9.39071e-01
dXdS[3] = 9.67020e-01
dXdS[4] = 9.22597e-01
dXdS[5] = 9.81060e-01
dXdS[6] = 8.66816e-01
dXdS[7] = 8.58150e-01
dXdS[8] = 8.35564e-01
dXdS[9] = 8.28693e-01
dXdS[10] = 8.00535e-01
dXdS[11] = 7.90140e-01
dXdS[12] = 7.84409e-01
dXdS[13] = 7.79619e-01
dXdS[14] = 7.59183e-01
dXdS[15] = 7.53335e-01
dXdS[16] = 7.28200e-01
dXdS[17] = 7.26266e-01
dXdS[18] = 7.19800e-01
dXdS[19] = 7.73652e-01
dXdS[20] = 7.47658e-01
dXdS[21] = 7.22175e-01
dXdS[22] = 6.97122e-01
dXdS[23] = 6.79819e-01
dXdS[24] = 6.48997e-01
dXdS[25] = 6.33697e-01
dXdS[26] = 6.14345e-01
dXdS[27] = 6.00208e-01
dXdS[28] = 5.84571e-01
dXdS[29] = 5.72355e-01
dXdS[30] = 5.60078e-01
dXdS[31] = 5.47769e-01
dXdS[32] = 5.35463e-01
dXdS[33] = 4.94023e-01
dXdS[34] = 4.28805e-01
dXdS[35] = 4.02725e-01
dXdS[36] = 3.77799e-01
dXdS[37] = 3.50046e-01
dXdS[38] = 3.27187e-01
dXdS[39] = 3.02351e-01
dXdS[40] = 2.77086e-01
dXdS[41] = 2.51233e-01
dXdS[42] = 2.23105e-01
dXdS[43] = 1.94445e-01
dXdS[44] = 1.64860e-01
dXdS[45] = 1.32751e-01
dXdS[46] = 9.53071e-02
dXdS[47] = 5.44045e-02
dXdS[48] = -9.93241e-02
dXdS[49] = -4.34896e-02
dXdS[50] = -8.59718e-01


Iteration: 13
Index of specified variable before Newton's method: 1
Temperature before Newton's method: 7.64135e+02 K
Pressure before Newton's method: 7.78120e+05 Pa
Interpolation Scheme: Polynomial (Cubic)
Mixed error in Newton's method (should be < 1): 5.21544e-04
Nº of Newton iterations: 2
Delta of specified variable for the next iteration: 2.00000e-01
Next Iteration variable updated index: 1
lnK[0]		lnK[1]		lnK[2]		lnK[3]		lnK[4]		lnK[5]		lnK[6]		lnK[7]		lnK[8]		lnK[9]		lnK[10]		lnK[11]		lnK[12]		lnK[13]		lnK[14]		lnK[15]		lnK[16]		lnK[17]		lnK[18]		lnK[19]		lnK[20]		lnK[21]		lnK[22]		lnK[23]		lnK[24]		lnK[25]		lnK[26]		lnK[27]		lnK[28]		lnK[29]		lnK[30]		lnK[31]		lnK[32]		lnK[33]		lnK[34]		lnK[35]		lnK[36]		lnK[37]		lnK[38]		lnK[39]		lnK[40]		lnK[41]		lnK[42]		lnK[43]		lnK[44]		lnK[45]		lnK[46]		lnK[47]		lnK[48]		lnT(K)		lnP(Pa)		
3.69074e+00	3.81365e+00	3.44393e+00	3.55785e+00	3.26100e+00	3.69015e+00	2.86728e+00	2.81664e+00	2.63863e+00	2.61879e+00	2.43035e+00	2.28877e+00	2.28121e+00	2.22972e+00	2.07670e+00	2.07128e+00	1.90162e+00	1.90090e+00	1.84796e+00	2.25309e+00	2.08423e+00	1.91569e+00	1.75781e+00	1.64321e+00	1.44239e+00	1.34147e+00	1.19391e+00	1.09380e+00	9.81481e-01	8.81878e-01	7.80353e-01	6.76939e-01	5.71685e-01	2.49999e-01	1.10485e-01	-6.00402e-02	-2.39102e-01	-4.24904e-01	-5.89692e-01	-7.72404e-01	-9.57158e-01	-1.14388e+00	-1.35009e+00	-1.56278e+00	-1.77797e+00	-2.01435e+00	-2.28114e+00	-2.56517e+00	-3.30473e+00	6.63874e+00	1.35646e+01
Sensitivity vector: 
dXdS[0] = 9.83391e-01
dXdS[1] = 1.00000e+00
dXdS[2] = 9.38879e-01
dXdS[3] = 9.66358e-01
dXdS[4] = 9.21470e-01
dXdS[5] = 9.80845e-01
dXdS[6] = 8.64827e-01
dXdS[7] = 8.56154e-01
dXdS[8] = 8.33059e-01
dXdS[9] = 8.26337e-01
dXdS[10] = 7.97835e-01
dXdS[11] = 7.86716e-01
dXdS[12] = 7.81316e-01
dXdS[13] = 7.76225e-01
dXdS[14] = 7.55355e-01
dXdS[15] = 7.49848e-01
dXdS[16] = 7.24393e-01
dXdS[17] = 7.22548e-01
dXdS[18] = 7.15945e-01
dXdS[19] = 7.70644e-01
dXdS[20] = 7.44368e-01
dXdS[21] = 7.18576e-01
dXdS[22] = 6.93291e-01
dXdS[23] = 6.75769e-01
dXdS[24] = 6.44576e-01
dXdS[25] = 6.29123e-01
dXdS[26] = 6.09320e-01
dXdS[27] = 5.94942e-01
dXdS[28] = 5.79023e-01
dXdS[29] = 5.66455e-01
dXdS[30] = 5.53807e-01
dXdS[31] = 5.41104e-01
dXdS[32] = 5.28382e-01
dXdS[33] = 4.85455e-01
dXdS[34] = 4.23256e-01
dXdS[35] = 3.96881e-01
dXdS[36] = 3.71488e-01
dXdS[37] = 3.43365e-01
dXdS[38] = 3.20059e-01
dXdS[39] = 2.94696e-01
dXdS[40] = 2.68914e-01
dXdS[41] = 2.42570e-01
dXdS[42] = 2.13875e-01
dXdS[43] = 1.84605e-01
dXdS[44] = 1.54455e-01
dXdS[45] = 1.21704e-01
dXdS[46] = 8.36106e-02
dXdS[47] = 4.20749e-02
dXdS[48] = -1.09937e-01
dXdS[49] = -4.30635e-02
dXdS[50] = -8.54995e-01


Iteration: 14
Index of specified variable before Newton's method: 1
Temperature before Newton's method: 7.70702e+02 K
Pressure before Newton's method: 9.22812e+05 Pa
Interpolation Scheme: Polynomial (Cubic)
Mixed error in Newton's method (should be < 1): 1.02308e-03
Nº of Newton iterations: 2
Delta of specified variable for the next iteration: 2.00000e-01
Next Iteration variable updated index: 1
lnK[0]		lnK[1]		lnK[2]		lnK[3]		lnK[4]		lnK[5]		lnK[6]		lnK[7]		lnK[8]		lnK[9]		lnK[10]		lnK[11]		lnK[12]		lnK[13]		lnK[14]		lnK[15]		lnK[16]		lnK[17]		lnK[18]		lnK[19]		lnK[20]		lnK[21]		lnK[22]		lnK[23]		lnK[24]		lnK[25]		lnK[26]		lnK[27]		lnK[28]		lnK[29]		lnK[30]		lnK[31]		lnK[32]		lnK[33]		lnK[34]		lnK[35]		lnK[36]		lnK[37]		lnK[38]		lnK[39]		lnK[40]		lnK[41]		lnK[42]		lnK[43]		lnK[44]		lnK[45]		lnK[46]		lnK[47]		lnK[48]		lnT(K)		lnP(Pa)		
3.49409e+00	3.61365e+00	3.25618e+00	3.36465e+00	3.07683e+00	3.49400e+00	2.69453e+00	2.64563e+00	2.47229e+00	2.45378e+00	2.27108e+00	2.13180e+00	2.12529e+00	2.07485e+00	1.92605e+00	1.92170e+00	1.75717e+00	1.75680e+00	1.70519e+00	2.09930e+00	1.93572e+00	1.77237e+00	1.61958e+00	1.50851e+00	1.31396e+00	1.21615e+00	1.07261e+00	9.75401e-01	8.66293e-01	7.69242e-01	6.70288e-01	5.69457e-01	4.66792e-01	1.53858e-01	2.64589e-02	-1.38758e-01	-3.12690e-01	-4.92826e-01	-6.52904e-01	-8.30485e-01	-1.01003e+00	-1.19142e+00	-1.39183e+00	-1.59860e+00	-1.80770e+00	-2.03746e+00	-2.29656e+00	-2.57221e+00	-3.28154e+00	6.64730e+00	1.37352e+01
Sensitivity vector: 
dXdS[0] = 9.83099e-01
dXdS[1] = 1.00000e+00
dXdS[2] = 9.38640e-01
dXdS[3] = 9.65624e-01
dXdS[4] = 9.20205e-01
dXdS[5] = 9.80598e-01
dXdS[6] = 8.62590e-01
dXdS[7] = 8.53906e-01
dXdS[8] = 8.30245e-01
dXdS[9] = 8.23679e-01
dXdS[10] = 7.94785e-01
dXdS[11] = 7.82882e-01
dXdS[12] = 7.77843e-01
dXdS[13] = 7.72419e-01
dXdS[14] = 7.51061e-01
dXdS[15] = 7.45927e-01
dXdS[16] = 7.20108e-01
dXdS[17] = 7.18355e-01
dXdS[18] = 7.11603e-01
dXdS[19] = 7.67239e-01
dXdS[20] = 7.40637e-01
dXdS[21] = 7.14492e-01
dXdS[22] = 6.88934e-01
dXdS[23] = 6.71162e-01
dXdS[24] = 6.39540e-01
dXdS[25] = 6.23912e-01
dXdS[26] = 6.03604e-01
dXdS[27] = 5.88954e-01
dXdS[28] = 5.72716e-01
dXdS[29] = 5.59757e-01
dXdS[30] = 5.46696e-01
dXdS[31] = 5.33556e-01
dXdS[32] = 5.20371e-01
dXdS[33] = 4.75761e-01
dXdS[34] = 4.16851e-01
dXdS[35] = 3.90138e-01
dXdS[36] = 3.64218e-01
dXdS[37] = 3.35672e-01
dXdS[38] = 3.11861e-01
dXdS[39] = 2.85904e-01
dXdS[40] = 2.59541e-01
dXdS[41] = 2.32643e-01
dXdS[42] = 2.03311e-01
dXdS[43] = 1.73354e-01
dXdS[44] = 1.42569e-01
dXdS[45] = 1.09097e-01
dXdS[46] = 7.02698e-02
dXdS[47] = 2.80165e-02
dXdS[48] = -1.22191e-01
dXdS[49] = -4.24792e-02
dXdS[50] = -8.50511e-01


Iteration: 15
Index of specified variable before Newton's method: 1
Temperature before Newton's method: 7.77221e+02 K
Pressure before Newton's method: 1.09347e+06 Pa
Interpolation Scheme: Polynomial (Cubic)
Mixed error in Newton's method (should be < 1): 1.25157e-03
Nº of Newton iterations: 2
Delta of specified variable for the next iteration: 2.00000e-01
Next Iteration variable updated index: 1
lnK[0]		lnK[1]		lnK[2]		lnK[3]		lnK[4]		lnK[5]		lnK[6]		lnK[7]		lnK[8]		lnK[9]		lnK[10]		lnK[11]		lnK[12]		lnK[13]		lnK[14]		lnK[15]		lnK[16]		lnK[17]		lnK[18]		lnK[19]		lnK[20]		lnK[21]		lnK[22]		lnK[23]		lnK[24]		lnK[25]		lnK[26]		lnK[27]		lnK[28]		lnK[29]		lnK[30]		lnK[31]		lnK[32]		lnK[33]		lnK[34]		lnK[35]		lnK[36]		lnK[37]		lnK[38]		lnK[39]		lnK[40]		lnK[41]		lnK[42]		lnK[43]		lnK[44]		lnK[45]		lnK[46]		lnK[47]		lnK[48]		lnT(K)		lnP(Pa)		
3.29750e+00	3.41365e+00	3.06848e+00	3.17161e+00	2.89293e+00	3.29791e+00	2.52226e+00	2.47509e+00	2.30656e+00	2.28934e+00	2.11246e+00	1.97565e+00	1.97011e+00	1.92079e+00	1.77631e+00	1.77295e+00	1.61362e+00	1.61360e+00	1.56335e+00	1.94623e+00	1.78801e+00	1.62993e+00	1.48228e+00	1.37479e+00	1.18662e+00	1.09196e+00	9.52527e-01	8.58279e-01	7.52454e-01	6.58038e-01	5.61741e-01	4.63586e-01	3.63609e-01	5.97826e-02	-5.61868e-02	-2.16023e-01	-3.84712e-01	-5.59092e-01	-7.14351e-01	-8.86676e-01	-1.06088e+00	-1.23683e+00	-1.43130e+00	-1.63201e+00	-1.83488e+00	-2.05787e+00	-2.30912e+00	-2.57624e+00	-3.25572e+00	6.65572e+00	1.39049e+01
Sensitivity vector: 
dXdS[0] = 9.82773e-01
dXdS[1] = 1.00000e+00
dXdS[2] = 9.38339e-01
dXdS[3] = 9.64805e-01
dXdS[4] = 9.18775e-01
dXdS[5] = 9.80312e-01
dXdS[6] = 8.60058e-01
dXdS[7] = 8.51355e-01
dXdS[8] = 8.27062e-01
dXdS[9] = 8.20658e-01
dXdS[10] = 7.91313e-01
dXdS[11] = 7.78558e-01
dXdS[12] = 7.73913e-01
dXdS[13] = 7.68120e-01
dXdS[14] = 7.46214e-01
dXdS[15] = 7.41483e-01
dXdS[16] = 7.15246e-01
dXdS[17] = 7.13593e-01
dXdS[18] = 7.06675e-01
dXdS[19] = 7.63358e-01
dXdS[20] = 7.36379e-01
dXdS[21] = 7.09827e-01
dXdS[22] = 6.83951e-01
dXdS[23] = 6.65890e-01
dXdS[24] = 6.33773e-01
dXdS[25] = 6.17943e-01
dXdS[26] = 5.97067e-01
dXdS[27] = 5.82107e-01
dXdS[28] = 5.65510e-01
dXdS[29] = 5.52114e-01
dXdS[30] = 5.38590e-01
dXdS[31] = 5.24964e-01
dXdS[32] = 5.11262e-01
dXdS[33] = 4.64753e-01
dXdS[34] = 4.09417e-01
dXdS[35] = 3.82311e-01
dXdS[36] = 3.55795e-01
dXdS[37] = 3.26764e-01
dXdS[38] = 3.02381e-01
dXdS[39] = 2.75755e-01
dXdS[40] = 2.48734e-01
dXdS[41] = 2.21209e-01
dXdS[42] = 1.91158e-01
dXdS[43] = 1.60427e-01
dXdS[44] = 1.28924e-01
dXdS[45] = 9.46390e-02
dXdS[46] = 5.49809e-02
dXdS[47] = 1.19107e-02
dXdS[48] = -1.36423e-01
dXdS[49] = -4.17122e-02
dXdS[50] = -8.46395e-01


Iteration: 16
Index of specified variable before Newton's method: 1
Temperature before Newton's method: 7.83658e+02 K
Pressure before Newton's method: 1.29468e+06 Pa
Interpolation Scheme: Polynomial (Cubic)
Mixed error in Newton's method (should be < 1): 9.57725e-04
Nº of Newton iterations: 2
Delta of specified variable for the next iteration: 2.00000e-01
Next Iteration variable updated index: 1
lnK[0]		lnK[1]		lnK[2]		lnK[3]		lnK[4]		lnK[5]		lnK[6]		lnK[7]		lnK[8]		lnK[9]		lnK[10]		lnK[11]		lnK[12]		lnK[13]		lnK[14]		lnK[15]		lnK[16]		lnK[17]		lnK[18]		lnK[19]		lnK[20]		lnK[21]		lnK[22]		lnK[23]		lnK[24]		lnK[25]		lnK[26]		lnK[27]		lnK[28]		lnK[29]		lnK[30]		lnK[31]		lnK[32]		lnK[33]		lnK[34]		lnK[35]		lnK[36]		lnK[37]		lnK[38]		lnK[39]		lnK[40]		lnK[41]		lnK[42]		lnK[43]		lnK[44]		lnK[45]		lnK[46]		lnK[47]		lnK[48]		lnT(K)		lnP(Pa)		
3.10098e+00	3.21365e+00	2.88085e+00	2.97873e+00	2.70934e+00	3.10188e+00	2.35053e+00	2.30511e+00	2.14150e+00	2.12555e+00	1.95459e+00	1.82042e+00	1.81576e+00	1.76764e+00	1.62761e+00	1.62515e+00	1.47111e+00	1.47141e+00	1.42257e+00	1.79399e+00	1.64121e+00	1.48849e+00	1.34605e+00	1.24221e+00	1.06051e+00	9.69038e-01	8.33848e-01	7.42626e-01	6.40161e-01	5.48472e-01	4.54931e-01	3.59554e-01	2.62374e-01	-3.19406e-02	-1.37225e-01	-2.91595e-01	-4.54915e-01	-6.23434e-01	-7.73753e-01	-9.40678e-01	-1.10940e+00	-1.27978e+00	-1.46816e+00	-1.66264e+00	-1.85913e+00	-2.07517e+00	-2.31839e+00	-2.57681e+00	-3.22681e+00	6.66397e+00	1.40738e+01
Sensitivity vector: 
dXdS[0] = 9.82404e-01
dXdS[1] = 1.00000e+00
dXdS[2] = 9.37957e-01
dXdS[3] = 9.63883e-01
dXdS[4] = 9.17144e-01
dXdS[5] = 9.79980e-01
dXdS[6] = 8.57169e-01
dXdS[7] = 8.48439e-01
dXdS[8] = 8.23435e-01
dXdS[9] = 8.17199e-01
dXdS[10] = 7.87333e-01
dXdS[11] = 7.73644e-01
dXdS[12] = 7.69427e-01
dXdS[13] = 7.63225e-01
dXdS[14] = 7.40698e-01
dXdS[15] = 7.36405e-01
dXdS[16] = 7.09687e-01
dXdS[17] = 7.08139e-01
dXdS[18] = 7.01036e-01
dXdS[19] = 7.58905e-01
dXdS[20] = 7.31487e-01
dXdS[21] = 7.04463e-01
dXdS[22] = 6.78212e-01
dXdS[23] = 6.59818e-01
dXdS[24] = 6.27127e-01
dXdS[25] = 6.11061e-01
dXdS[26] = 5.89545e-01
dXdS[27] = 5.74233e-01
dXdS[28] = 5.57227e-01
dXdS[29] = 5.43340e-01
dXdS[30] = 5.29299e-01
dXdS[31] = 5.15127e-01
dXdS[32] = 5.00848e-01
dXdS[33] = 4.52200e-01
dXdS[34] = 4.00731e-01
dXdS[35] = 3.73170e-01
dXdS[36] = 3.45976e-01
dXdS[37] = 3.16386e-01
dXdS[38] = 2.91354e-01
dXdS[39] = 2.63968e-01
dXdS[40] = 2.36203e-01
dXdS[41] = 2.07966e-01
dXdS[42] = 1.77099e-01
dXdS[43] = 1.45493e-01
dXdS[44] = 1.13175e-01
dXdS[45] = 7.79691e-02
dXdS[46] = 3.73648e-02
dXdS[47] = -6.63962e-03
dXdS[48] = -1.53057e-01
dXdS[49] = -4.07332e-02
dXdS[50] = -8.42810e-01


Iteration: 17
Index of specified variable before Newton's method: 1
Temperature before Newton's method: 7.89975e+02 K
Pressure before Newton's method: 1.53192e+06 Pa
Interpolation Scheme: Polynomial (Cubic)
Mixed error in Newton's method (should be < 1): 1.24569e-03
Nº of Newton iterations: 2
Delta of specified variable for the next iteration: 2.00000e-01
Next Iteration variable updated index: 1
lnK[0]		lnK[1]		lnK[2]		lnK[3]		lnK[4]		lnK[5]		lnK[6]		lnK[7]		lnK[8]		lnK[9]		lnK[10]		lnK[11]		lnK[12]		lnK[13]		lnK[14]		lnK[15]		lnK[16]		lnK[17]		lnK[18]		lnK[19]		lnK[20]		lnK[21]		lnK[22]		lnK[23]		lnK[24]		lnK[25]		lnK[26]		lnK[27]		lnK[28]		lnK[29]		lnK[30]		lnK[31]		lnK[32]		lnK[33]		lnK[34]		lnK[35]		lnK[36]		lnK[37]		lnK[38]		lnK[39]		lnK[40]		lnK[41]		lnK[42]		lnK[43]		lnK[44]		lnK[45]		lnK[46]		lnK[47]		lnK[48]		lnT(K)		lnP(Pa)		
2.90454e+00	3.01365e+00	2.69330e+00	2.78606e+00	2.52609e+00	2.90592e+00	2.17942e+00	2.13575e+00	1.97722e+00	1.96250e+00	1.79757e+00	1.66624e+00	1.66238e+00	1.61555e+00	1.48008e+00	1.47844e+00	1.32980e+00	1.33040e+00	1.28300e+00	1.64271e+00	1.49546e+00	1.34820e+00	1.21106e+00	1.11093e+00	9.35840e-01	8.47604e-01	7.16789e-01	6.28669e-01	5.29650e-01	4.40793e-01	3.50117e-01	2.57635e-01	1.63374e-01	-1.20975e-01	-2.16377e-01	-3.65184e-01	-5.22989e-01	-6.85527e-01	-8.30767e-01	-9.92131e-01	-1.15522e+00	-1.31987e+00	-1.50199e+00	-1.69005e+00	-1.87998e+00	-2.08888e+00	-2.32388e+00	-2.57339e+00	-3.19430e+00	6.67200e+00	1.42420e+01
Sensitivity vector: 
dXdS[0] = 9.81982e-01
dXdS[1] = 1.00000e+00
dXdS[2] = 9.37466e-01
dXdS[3] = 9.62834e-01
dXdS[4] = 9.15267e-01
dXdS[5] = 9.79593e-01
dXdS[6] = 8.53846e-01
dXdS[7] = 8.45075e-01
dXdS[8] = 8.19267e-01
dXdS[9] = 8.13204e-01
dXdS[10] = 7.82733e-01
dXdS[11] = 7.68014e-01
dXdS[12] = 7.64261e-01
dXdS[13] = 7.57603e-01
dXdS[14] = 7.34371e-01
dXdS[15] = 7.30551e-01
dXdS[16] = 7.03276e-01
dXdS[17] = 7.01840e-01
dXdS[18] = 6.94528e-01
dXdS[19] = 7.53753e-01
dXdS[20] = 7.25821e-01
dXdS[21] = 6.98250e-01
dXdS[22] = 6.71556e-01
dXdS[23] = 6.52774e-01
dXdS[24] = 6.19415e-01
dXdS[25] = 6.03073e-01
dXdS[26] = 5.80831e-01
dXdS[27] = 5.65115e-01
dXdS[28] = 5.47642e-01
dXdS[29] = 5.33202e-01
dXdS[30] = 5.18579e-01
dXdS[31] = 5.03794e-01
dXdS[32] = 4.88868e-01
dXdS[33] = 4.37811e-01
dXdS[34] = 3.90513e-01
dXdS[35] = 3.62421e-01
dXdS[36] = 3.34453e-01
dXdS[37] = 3.04215e-01
dXdS[38] = 2.78442e-01
dXdS[39] = 2.50194e-01
dXdS[40] = 2.21581e-01
dXdS[41] = 1.92531e-01
dXdS[42] = 1.60735e-01
dXdS[43] = 1.28134e-01
dXdS[44] = 9.48858e-02
dXdS[45] = 5.86309e-02
dXdS[46] = 1.69433e-02
dXdS[47] = -2.81357e-02
dXdS[48] = -1.72632e-01
dXdS[49] = -3.95064e-02
dXdS[50] = -8.39961e-01


Iteration: 18
Index of specified variable before Newton's method: 1
Temperature before Newton's method: 7.96126e+02 K
Pressure before Newton's method: 1.81178e+06 Pa
Interpolation Scheme: Polynomial (Cubic)
Mixed error in Newton's method (should be < 1): 2.74189e-03
Nº of Newton iterations: 2
Delta of specified variable for the next iteration: 2.00000e-01
Next Iteration variable updated index: 1
lnK[0]		lnK[1]		lnK[2]		lnK[3]		lnK[4]		lnK[5]		lnK[6]		lnK[7]		lnK[8]		lnK[9]		lnK[10]		lnK[11]		lnK[12]		lnK[13]		lnK[14]		lnK[15]		lnK[16]		lnK[17]		lnK[18]		lnK[19]		lnK[20]		lnK[21]		lnK[22]		lnK[23]		lnK[24]		lnK[25]		lnK[26]		lnK[27]		lnK[28]		lnK[29]		lnK[30]		lnK[31]		lnK[32]		lnK[33]		lnK[34]		lnK[35]		lnK[36]		lnK[37]		lnK[38]		lnK[39]		lnK[40]		lnK[41]		lnK[42]		lnK[43]		lnK[44]		lnK[45]		lnK[46]		lnK[47]		lnK[48]		lnT(K)		lnP(Pa)		
2.70819e+00	2.81365e+00	2.50587e+00	2.59361e+00	2.34325e+00	2.71005e+00	2.00903e+00	1.96711e+00	1.81384e+00	1.80031e+00	1.64155e+00	1.51327e+00	1.51012e+00	1.46466e+00	1.33392e+00	1.33299e+00	1.18987e+00	1.19075e+00	1.14483e+00	1.49255e+00	1.35094e+00	1.20925e+00	1.07750e+00	9.81176e-01	8.12834e-01	7.27899e-01	6.01613e-01	5.16681e-01	4.21210e-01	3.35302e-01	2.47615e-01	1.58158e-01	6.69540e-02	-2.06918e-01	-2.93304e-01	-4.36432e-01	-5.88556e-01	-7.44973e-01	-8.84976e-01	-1.04059e+00	-1.19787e+00	-1.35662e+00	-1.53227e+00	-1.71370e+00	-1.89688e+00	-2.09840e+00	-2.32494e+00	-2.56532e+00	-3.15752e+00	6.67976e+00	1.44098e+01
Sensitivity vector: 
dXdS[0] = 9.81493e-01
dXdS[1] = 1.00000e+00
dXdS[2] = 9.36832e-01
dXdS[3] = 9.61632e-01
dXdS[4] = 9.13086e-01
dXdS[5] = 9.79137e-01
dXdS[6] = 8.49990e-01
dXdS[7] = 8.41161e-01
dXdS[8] = 8.14434e-01
dXdS[9] = 8.08551e-01
dXdS[10] = 7.77371e-01
dXdS[11] = 7.61505e-01
dXdS[12] = 7.58252e-01
dXdS[13] = 7.51086e-01
dXdS[14] = 7.27048e-01
dXdS[15] = 7.23740e-01
dXdS[16] = 6.95813e-01
dXdS[17] = 6.94497e-01
dXdS[18] = 6.86944e-01
dXdS[19] = 7.47742e-01
dXdS[20] = 7.19206e-01
dXdS[21] = 6.90993e-01
dXdS[22] = 6.63774e-01
dXdS[23] = 6.44541e-01
dXdS[24] = 6.10399e-01
dXdS[25] = 5.93730e-01
dXdS[26] = 5.70660e-01
dXdS[27] = 5.54478e-01
dXdS[28] = 5.36467e-01
dXdS[29] = 5.21401e-01
dXdS[30] = 5.06120e-01
dXdS[31] = 4.90642e-01
dXdS[32] = 4.74985e-01
dXdS[33] = 4.21217e-01
dXdS[34] = 3.78402e-01
dXdS[35] = 3.49686e-01
dXdS[36] = 3.20829e-01
dXdS[37] = 2.89837e-01
dXdS[38] = 2.63214e-01
dXdS[39] = 2.33979e-01
dXdS[40] = 2.04395e-01
dXdS[41] = 1.74413e-01
dXdS[42] = 1.41553e-01
dXdS[43] = 1.07813e-01
dXdS[44] = 7.34979e-02
dXdS[45] = 3.60406e-02
dXdS[46] = -6.89515e-03
dXdS[47] = -5.32182e-02
dXdS[48] = -1.95841e-01
dXdS[49] = -3.79871e-02
dXdS[50] = -8.38107e-01


Iteration: 19
Index of specified variable before Newton's method: 1
Temperature before Newton's method: 8.02053e+02 K
Pressure before Newton's method: 2.14223e+06 Pa
Interpolation Scheme: Polynomial (Cubic)
Mixed error in Newton's method (should be < 1): 1.64134e-02
Nº of Newton iterations: 2
Delta of specified variable for the next iteration: 2.00000e-01
Next Iteration variable updated index: 1
lnK[0]		lnK[1]		lnK[2]		lnK[3]		lnK[4]		lnK[5]		lnK[6]		lnK[7]		lnK[8]		lnK[9]		lnK[10]		lnK[11]		lnK[12]		lnK[13]		lnK[14]		lnK[15]		lnK[16]		lnK[17]		lnK[18]		lnK[19]		lnK[20]		lnK[21]		lnK[22]		lnK[23]		lnK[24]		lnK[25]		lnK[26]		lnK[27]		lnK[28]		lnK[29]		lnK[30]		lnK[31]		lnK[32]		lnK[33]		lnK[34]		lnK[35]		lnK[36]		lnK[37]		lnK[38]		lnK[39]		lnK[40]		lnK[41]		lnK[42]		lnK[43]		lnK[44]		lnK[45]		lnK[46]		lnK[47]		lnK[48]		lnT(K)		lnP(Pa)		
2.51195e+00	2.61365e+00	2.31858e+00	2.40142e+00	2.16088e+00	2.51427e+00	1.83947e+00	1.79933e+00	1.65150e+00	1.63913e+00	1.48669e+00	1.36171e+00	1.35915e+00	1.31519e+00	1.18935e+00	1.18902e+00	1.05156e+00	1.05269e+00	1.00831e+00	1.34369e+00	1.20786e+00	1.07189e+00	9.45639e-01	8.53212e-01	6.91788e-01	6.10224e-01	4.88645e-01	4.07002e-01	3.15194e-01	2.32369e-01	1.47811e-01	6.15268e-02	-2.64644e-02	-2.89283e-01	-3.67581e-01	-5.04894e-01	-6.51147e-01	-8.01279e-01	-9.35861e-01	-1.08552e+00	-1.23677e+00	-1.38942e+00	-1.55838e+00	-1.73293e+00	-1.90912e+00	-2.10303e+00	-2.32084e+00	-2.55181e+00	-3.11566e+00	6.68717e+00	1.45774e+01
Sensitivity vector: 
dXdS[0] = 9.80919e-01
dXdS[1] = 1.00000e+00
dXdS[2] = 9.36011e-01
dXdS[3] = 9.60238e-01
dXdS[4] = 9.10523e-01
dXdS[5] = 9.78599e-01
dXdS[6] = 8.45470e-01
dXdS[7] = 8.36560e-01
dXdS[8] = 8.08774e-01
dXdS[9] = 8.03077e-01
dXdS[10] = 7.71061e-01
dXdS[11] = 7.53904e-01
dXdS[12] = 7.51190e-01
dXdS[13] = 7.43455e-01
dXdS[14] = 7.18489e-01
dXdS[15] = 7.15731e-01
dXdS[16] = 6.87037e-01
dXdS[17] = 6.85851e-01
dXdS[18] = 6.78019e-01
dXdS[19] = 7.40665e-01
dXdS[20] = 7.11412e-01
dXdS[21] = 6.82443e-01
dXdS[22] = 6.54597e-01
dXdS[23] = 6.34831e-01
dXdS[24] = 5.99769e-01
dXdS[25] = 5.82708e-01
dXdS[26] = 5.58688e-01
dXdS[27] = 5.41966e-01
dXdS[28] = 5.23331e-01
dXdS[29] = 5.07550e-01
dXdS[30] = 4.91520e-01
dXdS[31] = 4.75253e-01
dXdS[32] = 4.58767e-01
dXdS[33] = 4.01941e-01
dXdS[34] = 3.63930e-01
dXdS[35] = 3.34476e-01
dXdS[36] = 3.04589e-01
dXdS[37] = 2.72712e-01
dXdS[38] = 2.45109e-01
dXdS[39] = 2.14739e-01
dXdS[40] = 1.84035e-01
dXdS[41] = 1.52975e-01
dXdS[42] = 1.18887e-01
dXdS[43] = 8.38367e-02
dXdS[44] = 4.82868e-02
dXdS[45] = 9.44119e-03
dXdS[46] = -3.49438e-02
dXdS[47] = -8.27181e-02
dXdS[48] = -2.23584e-01
dXdS[49] = -3.61175e-02
dXdS[50] = -8.37577e-01


Iteration: 20
Index of specified variable before Newton's method: 1
Temperature before Newton's method: 8.07689e+02 K
Pressure before Newton's method: 2.53311e+06 Pa
Interpolation Scheme: Polynomial (Cubic)
Mixed error in Newton's method (should be < 1): 2.37792e-02
Nº of Newton iterations: 2
Delta of specified variable for the next iteration: 2.00000e-01
Next Iteration variable updated index: 1
lnK[0]		lnK[1]		lnK[2]		lnK[3]		lnK[4]		lnK[5]		lnK[6]		lnK[7]		lnK[8]		lnK[9]		lnK[10]		lnK[11]		lnK[12]		lnK[13]		lnK[14]		lnK[15]		lnK[16]		lnK[17]		lnK[18]		lnK[19]		lnK[20]		lnK[21]		lnK[22]		lnK[23]		lnK[24]		lnK[25]		lnK[26]		lnK[27]		lnK[28]		lnK[29]		lnK[30]		lnK[31]		lnK[32]		lnK[33]		lnK[34]		lnK[35]		lnK[36]		lnK[37]		lnK[38]		lnK[39]		lnK[40]		lnK[41]		lnK[42]		lnK[43]		lnK[44]		lnK[45]		lnK[46]		lnK[47]		lnK[48]		lnT(K)		lnP(Pa)		
2.31583e+00	2.41365e+00	2.13148e+00	2.20953e+00	1.97907e+00	2.31861e+00	1.67090e+00	1.63255e+00	1.49040e+00	1.47915e+00	1.33320e+00	1.21180e+00	1.20973e+00	1.16737e+00	1.04663e+00	1.04680e+00	9.15169e-01	9.16516e-01	8.73736e-01	1.19637e+00	1.06648e+00	9.36386e-01	8.15780e-01	7.27367e-01	5.73061e-01	4.94956e-01	3.78288e-01	3.00051e-01	2.12041e-01	1.32452e-01	5.11845e-02	-3.17582e-02	-1.16359e-01	-3.67475e-01	-4.38677e-01	-5.70014e-01	-7.10173e-01	-8.53828e-01	-9.82779e-01	-1.12624e+00	-1.27122e+00	-1.41753e+00	-1.57954e+00	-1.74693e+00	-1.91587e+00	-2.10185e+00	-2.31062e+00	-2.53187e+00	-3.06771e+00	6.69417e+00	1.47450e+01
Sensitivity vector: 
dXdS[0] = 9.80238e-01
dXdS[1] = 1.00000e+00
dXdS[2] = 9.34943e-01
dXdS[3] = 9.58603e-01
dXdS[4] = 9.07479e-01
dXdS[5] = 9.77957e-01
dXdS[6] = 8.40116e-01
dXdS[7] = 8.31094e-01
dXdS[8] = 8.02073e-01
dXdS[9] = 7.96570e-01
dXdS[10] = 7.63558e-01
dXdS[11] = 7.44931e-01
dXdS[12] = 7.42795e-01
dXdS[13] = 7.34420e-01
dXdS[14] = 7.08374e-01
dXdS[15] = 7.06211e-01
dXdS[16] = 6.76603e-01
dXdS[17] = 6.75558e-01
dXdS[18] = 6.67398e-01
dXdS[19] = 7.32246e-01
dXdS[20] = 7.02136e-01
dXdS[21] = 6.72266e-01
dXdS[22] = 6.43666e-01
dXdS[23] = 6.23269e-01
dXdS[24] = 5.87114e-01
dXdS[25] = 5.69580e-01
dXdS[26] = 5.44460e-01
dXdS[27] = 5.27104e-01
dXdS[28] = 5.07740e-01
dXdS[29] = 4.91138e-01
dXdS[30] = 4.74247e-01
dXdS[31] = 4.57077e-01
dXdS[32] = 4.39642e-01
dXdS[33] = 3.79357e-01
dXdS[34] = 3.46476e-01
dXdS[35] = 3.16140e-01
dXdS[36] = 2.85054e-01
dXdS[37] = 2.52129e-01
dXdS[38] = 2.23385e-01
dXdS[39] = 1.91698e-01
dXdS[40] = 1.59694e-01
dXdS[41] = 1.27376e-01
dXdS[42] = 9.18593e-02
dXdS[43] = 5.52879e-02
dXdS[44] = 1.82977e-02
dXdS[45] = -2.21652e-02
dXdS[46] = -6.82479e-02
dXdS[47] = -1.17730e-01
dXdS[48] = -2.57053e-01
dXdS[49] = -3.38207e-02
dXdS[50] = -8.38789e-01


Iteration: 21
Index of specified variable before Newton's method: 1
Temperature before Newton's method: 8.12949e+02 K
Pressure before Newton's method: 2.99669e+06 Pa
Interpolation Scheme: Polynomial (Cubic)
Mixed error in Newton's method (should be < 1): 3.57288e-02
Nº of Newton iterations: 2
Delta of specified variable for the next iteration: 2.00000e-01
Next Iteration variable updated index: 1
lnK[0]		lnK[1]		lnK[2]		lnK[3]		lnK[4]		lnK[5]		lnK[6]		lnK[7]		lnK[8]		lnK[9]		lnK[10]		lnK[11]		lnK[12]		lnK[13]		lnK[14]		lnK[15]		lnK[16]		lnK[17]		lnK[18]		lnK[19]		lnK[20]		lnK[21]		lnK[22]		lnK[23]		lnK[24]		lnK[25]		lnK[26]		lnK[27]		lnK[28]		lnK[29]		lnK[30]		lnK[31]		lnK[32]		lnK[33]		lnK[34]		lnK[35]		lnK[36]		lnK[37]		lnK[38]		lnK[39]		lnK[40]		lnK[41]		lnK[42]		lnK[43]		lnK[44]		lnK[45]		lnK[46]		lnK[47]		lnK[48]		lnT(K)		lnP(Pa)		
2.11986e+00	2.21365e+00	1.94463e+00	2.01800e+00	1.79793e+00	2.12310e+00	1.50349e+00	1.46697e+00	1.33076e+00	1.32059e+00	1.18136e+00	1.06386e+00	1.06215e+00	1.02154e+00	9.06128e-01	9.06665e-01	7.81063e-01	7.82605e-01	7.41495e-01	1.05090e+00	9.27130e-01	8.03118e-01	6.88321e-01	6.04061e-01	4.57113e-01	3.82570e-01	2.71051e-01	1.96359e-01	1.12305e-01	3.61296e-02	-4.16626e-02	-1.21069e-01	-2.02077e-01	-4.40750e-01	-5.05918e-01	-6.31084e-01	-7.64889e-01	-9.01837e-01	-1.02491e+00	-1.16188e+00	-1.30031e+00	-1.44002e+00	-1.59476e+00	-1.75466e+00	-1.91604e+00	-2.09374e+00	-2.29310e+00	-2.50425e+00	-3.01235e+00	6.70067e+00	1.49130e+01
Sensitivity vector: 
dXdS[0] = 9.79416e-01
dXdS[1] = 1.00000e+00
dXdS[2] = 9.33546e-01
dXdS[3] = 9.56660e-01
dXdS[4] = 9.03816e-01
dXdS[5] = 9.77183e-01
dXdS[6] = 8.33696e-01
dXdS[7] = 8.24520e-01
dXdS[8] = 7.94044e-01
dXdS[9] = 7.88743e-01
dXdS[10] = 7.54530e-01
dXdS[11] = 7.34206e-01
dXdS[12] = 7.32692e-01
dXdS[13] = 7.23591e-01
dXdS[14] = 6.96277e-01
dXdS[15] = 6.94754e-01
dXdS[16] = 6.64049e-01
dXdS[17] = 6.63157e-01
dXdS[18] = 6.54605e-01
dXdS[19] = 7.22114e-01
dXdS[20] = 6.90969e-01
dXdS[21] = 6.60017e-01
dXdS[22] = 6.30502e-01
dXdS[23] = 6.09349e-01
dXdS[24] = 5.71884e-01
dXdS[25] = 5.53774e-01
dXdS[26] = 5.27367e-01
dXdS[27] = 5.09261e-01
dXdS[28] = 4.89035e-01
dXdS[29] = 4.71478e-01
dXdS[30] = 4.53589e-01
dXdS[31] = 4.35373e-01
dXdS[32] = 4.16842e-01
dXdS[33] = 3.52626e-01
dXdS[34] = 3.25206e-01
dXdS[35] = 2.93807e-01
dXdS[36] = 2.61308e-01
dXdS[37] = 2.27130e-01
dXdS[38] = 1.97048e-01
dXdS[39] = 1.63817e-01
dXdS[40] = 1.30288e-01
dXdS[41] = 9.64880e-02
dXdS[42] = 5.92925e-02
dXdS[43] = 2.09375e-02
dXdS[44] = -1.77509e-02
dXdS[45] = -6.01174e-02
dXdS[46] = -1.08210e-01
dXdS[47] = -1.59724e-01
dXdS[48] = -2.97847e-01
dXdS[49] = -3.09907e-02
dXdS[50] = -8.42290e-01


Iteration: 22
Index of specified variable before Newton's method: 1
Temperature before Newton's method: 8.17728e+02 K
Pressure before Newton's method: 3.54860e+06 Pa
Interpolation Scheme: Polynomial (Cubic)
Mixed error in Newton's method (should be < 1): 7.57051e-02
Nº of Newton iterations: 2
Delta of specified variable for the next iteration: 2.00000e-01
Next Iteration variable updated index: 1
lnK[0]		lnK[1]		lnK[2]		lnK[3]		lnK[4]		lnK[5]		lnK[6]		lnK[7]		lnK[8]		lnK[9]		lnK[10]		lnK[11]		lnK[12]		lnK[13]		lnK[14]		lnK[15]		lnK[16]		lnK[17]		lnK[18]		lnK[19]		lnK[20]		lnK[21]		lnK[22]		lnK[23]		lnK[24]		lnK[25]		lnK[26]		lnK[27]		lnK[28]		lnK[29]		lnK[30]		lnK[31]		lnK[32]		lnK[33]		lnK[34]		lnK[35]		lnK[36]		lnK[37]		lnK[38]		lnK[39]		lnK[40]		lnK[41]		lnK[42]		lnK[43]		lnK[44]		lnK[45]		lnK[46]		lnK[47]		lnK[48]		lnT(K)		lnP(Pa)		
1.92408e+00	2.01365e+00	1.75810e+00	1.82689e+00	1.61760e+00	1.92775e+00	1.33751e+00	1.30284e+00	1.17289e+00	1.16377e+00	1.03152e+00	9.18272e-01	9.16799e-01	8.78092e-01	7.68291e-01	7.69064e-01	6.49732e-01	6.51436e-01	6.12082e-01	9.07674e-01	7.90252e-01	6.72558e-01	5.63771e-01	4.83830e-01	3.44529e-01	2.73677e-01	1.67587e-01	9.66029e-02	1.66942e-02	-5.58606e-02	-1.29961e-01	-2.05606e-01	-2.82782e-01	-5.08173e-01	-5.68430e-01	-6.87192e-01	-8.14333e-01	-9.44300e-01	-1.06120e+00	-1.19135e+00	-1.32289e+00	-1.45567e+00	-1.60278e+00	-1.75480e+00	-1.90825e+00	-2.07726e+00	-2.26676e+00	-2.46738e+00	-2.94793e+00	6.70652e+00	1.50821e+01
Sensitivity vector: 
dXdS[0] = 9.78410e-01
dXdS[1] = 1.00000e+00
dXdS[2] = 9.31706e-01
dXdS[3] = 9.54318e-01
dXdS[4] = 8.99348e-01
dXdS[5] = 9.76241e-01
dXdS[6] = 8.25894e-01
dXdS[7] = 8.16506e-01
dXdS[8] = 7.84291e-01
dXdS[9] = 7.79199e-01
dXdS[10] = 7.43525e-01
dXdS[11] = 7.21211e-01
dXdS[12] = 7.20363e-01
dXdS[13] = 7.10430e-01
dXdS[14] = 6.81609e-01
dXdS[15] = 6.80777e-01
dXdS[16] = 6.48735e-01
dXdS[17] = 6.48013e-01
dXdS[18] = 6.38984e-01
dXdS[19] = 7.09759e-01
dXdS[20] = 6.77350e-01
dXdS[21] = 6.45083e-01
dXdS[22] = 6.14444e-01
dXdS[23] = 5.92377e-01
dXdS[24] = 5.53325e-01
dXdS[25] = 5.34501e-01
dXdS[26] = 5.06572e-01
dXdS[27] = 4.87567e-01
dXdS[28] = 4.66310e-01
dXdS[29] = 4.47630e-01
dXdS[30] = 4.28569e-01
dXdS[31] = 4.09130e-01
dXdS[32] = 3.89319e-01
dXdS[33] = 3.20604e-01
dXdS[34] = 2.98976e-01
dXdS[35] = 2.66281e-01
dXdS[36] = 2.32097e-01
dXdS[37] = 1.96405e-01
dXdS[38] = 1.64730e-01
dXdS[39] = 1.29672e-01
dXdS[40] = 9.43306e-02
dXdS[41] = 5.87655e-02
dXdS[42] = 1.95722e-02
dXdS[43] = -2.08990e-02
dXdS[44] = -6.16141e-02
dXdS[45] = -1.06249e-01
dXdS[46] = -1.56750e-01
dXdS[47] = -2.10710e-01
dXdS[48] = -3.48165e-01
dXdS[49] = -2.74764e-02
dXdS[50] = -8.48791e-01


Iteration: 23
Index of specified variable before Newton's method: 1
Temperature before Newton's method: 8.21888e+02 K
Pressure before Newton's method: 4.20921e+06 Pa
Interpolation Scheme: Polynomial (Cubic)
Mixed error in Newton's method (should be < 1): 2.81171e-01
Nº of Newton iterations: 2
Delta of specified variable for the next iteration: 2.00000e-01
Next Iteration variable updated index: 1
lnK[0]		lnK[1]		lnK[2]		lnK[3]		lnK[4]		lnK[5]		lnK[6]		lnK[7]		lnK[8]		lnK[9]		lnK[10]		lnK[11]		lnK[12]		lnK[13]		lnK[14]		lnK[15]		lnK[16]		lnK[17]		lnK[18]		lnK[19]		lnK[20]		lnK[21]		lnK[22]		lnK[23]		lnK[24]		lnK[25]		lnK[26]		lnK[27]		lnK[28]		lnK[29]		lnK[30]		lnK[31]		lnK[32]		lnK[33]		lnK[34]		lnK[35]		lnK[36]		lnK[37]		lnK[38]		lnK[39]		lnK[40]		lnK[41]		lnK[42]		lnK[43]		lnK[44]		lnK[45]		lnK[46]		lnK[47]		lnK[48]		lnT(K)		lnP(Pa)		
1.72852e+00	1.81365e+00	1.57199e+00	1.63631e+00	1.43826e+00	1.73262e+00	1.17326e+00	1.14049e+00	1.01719e+00	1.00906e+00	8.84128e-01	7.75571e-01	7.74198e-01	7.37572e-01	6.33711e-01	6.34576e-01	5.21812e-01	5.23641e-01	4.86150e-01	7.67195e-01	6.56405e-01	5.45321e-01	4.42797e-01	3.67378e-01	2.36075e-01	1.69073e-01	6.87461e-02	1.66875e-03	-7.38676e-02	-1.42557e-01	-2.12710e-01	-2.84326e-01	-3.57393e-01	-5.68534e-01	-6.25072e-01	-7.37140e-01	-8.57247e-01	-9.79896e-01	-1.09028e+00	-1.21320e+00	-1.33747e+00	-1.46293e+00	-1.60196e+00	-1.74564e+00	-1.89071e+00	-2.05052e+00	-2.22965e+00	-2.41918e+00	-2.87225e+00	6.71160e+00	1.52528e+01
Sensitivity vector: 
dXdS[0] = 9.77157e-01
dXdS[1] = 1.00000e+00
dXdS[2] = 9.29266e-01
dXdS[3] = 9.51447e-01
dXdS[4] = 8.93811e-01
dXdS[5] = 9.75077e-01
dXdS[6] = 8.16264e-01
dXdS[7] = 8.06586e-01
dXdS[8] = 7.72257e-01
dXdS[9] = 7.67385e-01
dXdS[10] = 7.29903e-01
dXdS[11] = 7.05214e-01
dXdS[12] = 7.05079e-01
dXdS[13] = 6.94182e-01
dXdS[14] = 6.63542e-01
dXdS[15] = 6.63455e-01
dXdS[16] = 6.29763e-01
dXdS[17] = 6.29232e-01
dXdS[18] = 6.19612e-01
dXdS[19] = 6.94468e-01
dXdS[20] = 6.60493e-01
dXdS[21] = 6.26604e-01
dXdS[22] = 5.94568e-01
dXdS[23] = 5.71377e-01
dXdS[24] = 5.30377e-01
dXdS[25] = 5.10658e-01
dXdS[26] = 4.80903e-01
dXdS[27] = 4.60803e-01
dXdS[28] = 4.38294e-01
dXdS[29] = 4.18276e-01
dXdS[30] = 3.97821e-01
dXdS[31] = 3.76929e-01
dXdS[32] = 3.55600e-01
dXdS[33] = 2.81690e-01
dXdS[34] = 2.66176e-01
dXdS[35] = 2.31880e-01
dXdS[36] = 1.95657e-01
dXdS[37] = 1.58108e-01
dXdS[38] = 1.24516e-01
dXdS[39] = 8.72622e-02
dXdS[40] = 4.97386e-02
dXdS[41] = 1.20386e-02
dXdS[42] = -2.95655e-02
dXdS[43] = -7.25836e-02
dXdS[44] = -1.15753e-01
dXdS[45] = -1.63131e-01
dXdS[46] = -2.16562e-01
dXdS[47] = -2.73508e-01
dXdS[48] = -4.11095e-01
dXdS[49] = -2.30542e-02
dXdS[50] = -8.59250e-01


Iteration: 24
Index of specified variable before Newton's method: 1
Temperature before Newton's method: 8.25242e+02 K
Pressure before Newton's method: 5.00572e+06 Pa
Interpolation Scheme: Polynomial (Cubic)
Mixed error in Newton's method (should be < 1): 4.79302e-01
Nº of Newton iterations: 2
Delta of specified variable for the next iteration: 2.00000e-01
Next Iteration variable updated index: 1
lnK[0]		lnK[1]		lnK[2]		lnK[3]		lnK[4]		lnK[5]		lnK[6]		lnK[7]		lnK[8]		lnK[9]		lnK[10]		lnK[11]		lnK[12]		lnK[13]		lnK[14]		lnK[15]		lnK[16]		lnK[17]		lnK[18]		lnK[19]		lnK[20]		lnK[21]		lnK[22]		lnK[23]		lnK[24]		lnK[25]		lnK[26]		lnK[27]		lnK[28]		lnK[29]		lnK[30]		lnK[31]		lnK[32]		lnK[33]		lnK[34]		lnK[35]		lnK[36]		lnK[37]		lnK[38]		lnK[39]		lnK[40]		lnK[41]		lnK[42]		lnK[43]		lnK[44]		lnK[45]		lnK[46]		lnK[47]		lnK[48]		lnT(K)		lnP(Pa)		
1.53324e+00	1.61365e+00	1.38644e+00	1.44636e+00	1.26017e+00	1.53774e+00	1.01117e+00	9.80373e-01	8.64195e-01	8.57015e-01	7.39795e-01	6.36455e-01	6.35034e-01	6.00697e-01	5.03179e-01	5.03983e-01	3.98157e-01	4.00070e-01	3.64575e-01	6.30151e-01	5.26345e-01	4.22234e-01	3.26286e-01	2.55640e-01	1.32771e-01	6.98229e-02	-2.43379e-02	-8.72651e-02	-1.58151e-01	-2.22679e-01	-2.88578e-01	-3.55846e-01	-4.24470e-01	-6.20239e-01	-6.74310e-01	-7.79326e-01	-8.91947e-01	-1.00686e+00	-1.11030e+00	-1.22551e+00	-1.34202e+00	-1.45968e+00	-1.59011e+00	-1.72489e+00	-1.86103e+00	-2.01104e+00	-2.17913e+00	-2.35692e+00	-2.78236e+00	6.71566e+00	1.54261e+01
Sensitivity vector: 
dXdS[0] = 9.75566e-01
dXdS[1] = 1.00000e+00
dXdS[2] = 9.25989e-01
dXdS[3] = 9.47859e-01
dXdS[4] = 8.86821e-01
dXdS[5] = 9.73616e-01
dXdS[6] = 8.04161e-01
dXdS[7] = 7.94083e-01
dXdS[8] = 7.57138e-01
dXdS[9] = 7.52497e-01
dXdS[10] = 7.12741e-01
dXdS[11] = 6.85159e-01
dXdS[12] = 6.85783e-01
dXdS[13] = 6.73753e-01
dXdS[14] = 6.40880e-01
dXdS[15] = 6.41598e-01
dXdS[16] = 6.05832e-01
dXdS[17] = 6.05518e-01
dXdS[18] = 5.95154e-01
dXdS[19] = 6.75204e-01
dXdS[20] = 6.39259e-01
dXdS[21] = 6.03336e-01
dXdS[22] = 5.69537e-01
dXdS[23] = 5.44941e-01
dXdS[24] = 5.01513e-01
dXdS[25] = 4.80651e-01
dXdS[26] = 4.48664e-01
dXdS[27] = 4.27212e-01
dXdS[28] = 4.03156e-01
dXdS[29] = 3.81513e-01
dXdS[30] = 3.59371e-01
dXdS[31] = 3.36724e-01
dXdS[32] = 3.13568e-01
dXdS[33] = 2.33592e-01
dXdS[34] = 2.24480e-01
dXdS[35] = 1.88169e-01
dXdS[36] = 1.49440e-01
dXdS[37] = 1.09576e-01
dXdS[38] = 7.36342e-02
dXdS[39] = 3.36986e-02
dXdS[40] = -6.49665e-03
dXdS[41] = -4.68225e-02
dXdS[42] = -9.13858e-02
dXdS[43] = -1.37522e-01
dXdS[44] = -1.83715e-01
dXdS[45] = -2.34467e-01
dXdS[46] = -2.91522e-01
dXdS[47] = -3.52179e-01
dXdS[48] = -4.91105e-01
dXdS[49] = -1.73812e-02
dXdS[50] = -8.74969e-01


Iteration: 25
Index of specified variable before Newton's method: 1
Temperature before Newton's method: 8.27533e+02 K
Pressure before Newton's method: 5.97569e+06 Pa
Interpolation Scheme: Polynomial (Cubic)
Mixed error in Newton's method (should be < 1): 1.14492e-07
Nº of Newton iterations: 3
Delta of specified variable for the next iteration: 2.00000e-01
Next Iteration variable updated index: 1
lnK[0]		lnK[1]		lnK[2]		lnK[3]		lnK[4]		lnK[5]		lnK[6]		lnK[7]		lnK[8]		lnK[9]		lnK[10]		lnK[11]		lnK[12]		lnK[13]		lnK[14]		lnK[15]		lnK[16]		lnK[17]		lnK[18]		lnK[19]		lnK[20]		lnK[21]		lnK[22]		lnK[23]		lnK[24]		lnK[25]		lnK[26]		lnK[27]		lnK[28]		lnK[29]		lnK[30]		lnK[31]		lnK[32]		lnK[33]		lnK[34]		lnK[35]		lnK[36]		lnK[37]		lnK[38]		lnK[39]		lnK[40]		lnK[41]		lnK[42]		lnK[43]		lnK[44]		lnK[45]		lnK[46]		lnK[47]		lnK[48]		lnT(K)		lnP(Pa)		
1.33832e+00	1.41365e+00	1.20167e+00	1.25723e+00	1.08367e+00	1.34320e+00	8.51821e-01	8.23095e-01	7.14623e-01	7.08348e-01	5.99359e-01	5.01882e-01	5.00256e-01	4.68456e-01	3.77782e-01	3.78357e-01	2.79938e-01	2.81890e-01	2.48559e-01	4.97479e-01	4.01105e-01	3.04427e-01	2.15456e-01	1.49901e-01	3.60135e-02	-2.26203e-02	-1.10116e-01	-1.68589e-01	-2.34477e-01	-2.94483e-01	-3.55753e-01	-4.18282e-01	-4.82059e-01	-6.61137e-01	-7.14043e-01	-8.11549e-01	-9.16122e-01	-1.02278e+00	-1.11875e+00	-1.22565e+00	-1.33380e+00	-1.44308e+00	-1.56424e+00	-1.68942e+00	-1.81596e+00	-1.95541e+00	-2.11165e+00	-2.27686e+00	-2.67423e+00	6.71843e+00	1.56033e+01
Sensitivity vector: 
dXdS[0] = 9.73500e-01
dXdS[1] = 1.00000e+00
dXdS[2] = 9.21520e-01
dXdS[3] = 9.43276e-01
dXdS[4] = 8.77805e-01
dXdS[5] = 9.71745e-01
dXdS[6] = 7.88620e-01
dXdS[7] = 7.77985e-01
dXdS[8] = 7.37730e-01
dXdS[9] = 7.33334e-01
dXdS[10] = 6.90659e-01
dXdS[11] = 6.59466e-01
dXdS[12] = 6.60892e-01
dXdS[13] = 6.47507e-01
dXdS[14] = 6.11835e-01
dXdS[15] = 6.13420e-01
dXdS[16] = 5.74997e-01
dXdS[17] = 5.74934e-01
dXdS[18] = 5.63609e-01
dXdS[19] = 6.50423e-01
dXdS[20] = 6.11947e-01
dXdS[21] = 5.73423e-01
dXdS[22] = 5.37354e-01
dXdS[23] = 5.10970e-01
dXdS[24] = 4.64451e-01
dXdS[25] = 4.42102e-01
dXdS[26] = 4.07334e-01
dXdS[27] = 3.84173e-01
dXdS[28] = 3.58168e-01
dXdS[29] = 3.34514e-01
dXdS[30] = 3.10287e-01
dXdS[31] = 2.85477e-01
dXdS[32] = 2.60075e-01
dXdS[33] = 1.72921e-01
dXdS[34] = 1.70406e-01
dXdS[35] = 1.31512e-01
dXdS[36] = 8.96377e-02
dXdS[37] = 4.68287e-02
dXdS[38] = 7.95014e-03
dXdS[39] = -3.53275e-02
dXdS[40] = -7.88608e-02
dXdS[41] = -1.22483e-01
dXdS[42] = -1.70753e-01
dXdS[43] = -2.20783e-01
dXdS[44] = -2.70780e-01
dXdS[45] = -3.25770e-01
dXdS[46] = -3.87402e-01
dXdS[47] = -4.52765e-01
dXdS[48] = -5.94879e-01
dXdS[49] = -9.90832e-03
dXdS[50] = -8.97770e-01


Iteration: 26
Index of specified variable before Newton's method: 1
Temperature before Newton's method: 8.28388e+02 K
Pressure before Newton's method: 7.17272e+06 Pa
Interpolation Scheme: Polynomial (Cubic)
Mixed error in Newton's method (should be < 1): 6.69999e-08
Nº of Newton iterations: 3
Delta of specified variable for the next iteration: 2.00000e-01
Next Iteration variable updated index: 1
lnK[0]		lnK[1]		lnK[2]		lnK[3]		lnK[4]		lnK[5]		lnK[6]		lnK[7]		lnK[8]		lnK[9]		lnK[10]		lnK[11]		lnK[12]		lnK[13]		lnK[14]		lnK[15]		lnK[16]		lnK[17]		lnK[18]		lnK[19]		lnK[20]		lnK[21]		lnK[22]		lnK[23]		lnK[24]		lnK[25]		lnK[26]		lnK[27]		lnK[28]		lnK[29]		lnK[30]		lnK[31]		lnK[32]		lnK[33]		lnK[34]		lnK[35]		lnK[36]		lnK[37]		lnK[38]		lnK[39]		lnK[40]		lnK[41]		lnK[42]		lnK[43]		lnK[44]		lnK[45]		lnK[46]		lnK[47]		lnK[48]		lnT(K)		lnP(Pa)		
1.14388e+00	1.21365e+00	1.01795e+00	1.06915e+00	9.09243e-01	1.14908e+00	6.96046e-01	6.69521e-01	5.69511e-01	5.64089e-01	4.64000e-01	3.73205e-01	3.71211e-01	3.42248e-01	2.59052e-01	2.59218e-01	1.68816e-01	1.70752e-01	1.39808e-01	3.70506e-01	2.82144e-01	1.93496e-01	1.12024e-01	5.19678e-02	-5.22320e-02	-1.06207e-01	-1.86410e-01	-2.40040e-01	-3.00485e-01	-3.55516e-01	-4.11687e-01	-4.68994e-01	-5.27419e-01	-6.88231e-01	-7.41293e-01	-8.30698e-01	-9.26509e-01	-1.02424e+00	-1.11207e+00	-1.20991e+00	-1.30894e+00	-1.40910e+00	-1.52015e+00	-1.63484e+00	-1.75091e+00	-1.87885e+00	-2.02219e+00	-2.17375e+00	-2.54215e+00	6.71945e+00	1.57859e+01
Sensitivity vector: 
dXdS[0] = 9.70744e-01
dXdS[1] = 1.00000e+00
dXdS[2] = 9.15290e-01
dXdS[3] = 9.37261e-01
dXdS[4] = 8.65868e-01
dXdS[5] = 9.69290e-01
dXdS[6] = 7.68144e-01
dXdS[7] = 7.56717e-01
dXdS[8] = 7.12164e-01
dXdS[9] = 7.08026e-01
dXdS[10] = 6.61510e-01
dXdS[11] = 6.25681e-01
dXdS[12] = 6.27936e-01
dXdS[13] = 6.12898e-01
dXdS[14] = 5.73631e-01
dXdS[15] = 5.76140e-01
dXdS[16] = 5.34222e-01
dXdS[17] = 5.34459e-01
dXdS[18] = 5.21855e-01
dXdS[19] = 6.17722e-01
dXdS[20] = 5.75916e-01
dXdS[21] = 5.33984e-01
dXdS[22] = 4.94922e-01
dXdS[23] = 4.66203e-01
dXdS[24] = 4.15658e-01
dXdS[25] = 3.91323e-01
dXdS[26] = 3.53004e-01
dXdS[27] = 3.27632e-01
dXdS[28] = 2.99107e-01
dXdS[29] = 2.72901e-01
dXdS[30] = 2.46035e-01
dXdS[31] = 2.18496e-01
dXdS[32] = 1.90270e-01
dXdS[33] = 9.44901e-02
dXdS[34] = 9.85320e-02
dXdS[35] = 5.62449e-02
dXdS[36] = 1.03245e-02
dXdS[37] = -3.63222e-02
dXdS[38] = -7.89603e-02
dXdS[39] = -1.26503e-01
dXdS[40] = -1.74309e-01
dXdS[41] = -2.22170e-01
dXdS[42] = -2.75200e-01
dXdS[43] = -3.30215e-01
dXdS[44] = -3.85113e-01
dXdS[45] = -4.45559e-01
dXdS[46] = -5.13116e-01
dXdS[47] = -5.84597e-01
dXdS[48] = -7.32825e-01
dXdS[49] = 2.86319e-04
dXdS[50] = -9.30266e-01


Iteration: 27
Index of specified variable before Newton's method: 1
Temperature before Newton's method: 8.27236e+02 K
Pressure before Newton's method: 8.67659e+06 Pa
Interpolation Scheme: Polynomial (Cubic)
Mixed error in Newton's method (should be < 1): 6.81287e-07
Nº of Newton iterations: 3
Delta of specified variable for the next iteration: 2.00000e-01
Next Iteration variable updated index: 1
lnK[0]		lnK[1]		lnK[2]		lnK[3]		lnK[4]		lnK[5]		lnK[6]		lnK[7]		lnK[8]		lnK[9]		lnK[10]		lnK[11]		lnK[12]		lnK[13]		lnK[14]		lnK[15]		lnK[16]		lnK[17]		lnK[18]		lnK[19]		lnK[20]		lnK[21]		lnK[22]		lnK[23]		lnK[24]		lnK[25]		lnK[26]		lnK[27]		lnK[28]		lnK[29]		lnK[30]		lnK[31]		lnK[32]		lnK[33]		lnK[34]		lnK[35]		lnK[36]		lnK[37]		lnK[38]		lnK[39]		lnK[40]		lnK[41]		lnK[42]		lnK[43]		lnK[44]		lnK[45]		lnK[46]		lnK[47]		lnK[48]		lnT(K)		lnP(Pa)		
9.50093e-01	1.01365e+00	8.35733e-01	8.82467e-01	7.37611e-01	9.55539e-01	5.45052e-01	5.20920e-01	4.30367e-01	4.25746e-01	3.35454e-01	2.52409e-01	2.49883e-01	2.24125e-01	1.49235e-01	1.48804e-01	6.72339e-02	6.90873e-02	4.08292e-02	2.51174e-01	1.71600e-01	9.17745e-02	1.84994e-02	-3.55151e-02	-1.29094e-01	-1.77944e-01	-2.50038e-01	-2.98314e-01	-3.52735e-01	-4.02207e-01	-4.52678e-01	-5.04138e-01	-5.56570e-01	-6.97209e-01	-7.51691e-01	-8.32203e-01	-9.18321e-01	-1.00624e+00	-1.08507e+00	-1.17286e+00	-1.26180e+00	-1.35185e+00	-1.45169e+00	-1.55476e+00	-1.65923e+00	-1.77439e+00	-1.90347e+00	-2.03995e+00	-2.37771e+00	6.71803e+00	1.59763e+01
Sensitivity vector: 
dXdS[0] = 9.66944e-01
dXdS[1] = 1.00000e+00
dXdS[2] = 9.06343e-01
dXdS[3] = 9.29107e-01
dXdS[4] = 8.49546e-01
dXdS[5] = 9.65971e-01
dXdS[6] = 7.40292e-01
dXdS[7] = 7.27708e-01
dXdS[8] = 6.77391e-01
dXdS[9] = 6.73525e-01
dXdS[10] = 6.21796e-01
dXdS[11] = 5.79810e-01
dXdS[12] = 5.82873e-01
dXdS[13] = 5.65774e-01
dXdS[14] = 5.21747e-01
dXdS[15] = 5.25210e-01
dXdS[16] = 4.78554e-01
dXdS[17] = 4.79154e-01
dXdS[18] = 4.64795e-01
dXdS[19] = 5.73187e-01
dXdS[20] = 5.26866e-01
dXdS[21] = 4.80328e-01
dXdS[22] = 4.37200e-01
dXdS[23] = 4.05342e-01
dXdS[24] = 3.49395e-01
dXdS[25] = 3.22323e-01
dXdS[26] = 2.79335e-01
dXdS[27] = 2.51014e-01
dXdS[28] = 2.19131e-01
dXdS[29] = 1.89593e-01
dXdS[30] = 1.59292e-01
dXdS[31] = 1.28211e-01
dXdS[32] = 9.63296e-02
dXdS[33] = -9.97608e-03
dXdS[34] = -7.93707e-06
dXdS[35] = -4.68908e-02
dXdS[36] = -9.81699e-02
dXdS[37] = -1.49970e-01
dXdS[38] = -1.97563e-01
dXdS[39] = -2.50708e-01
dXdS[40] = -3.04143e-01
dXdS[41] = -3.57620e-01
dXdS[42] = -4.16943e-01
dXdS[43] = -4.78527e-01
dXdS[44] = -5.39937e-01
dXdS[45] = -6.07619e-01
dXdS[46] = -6.83083e-01
dXdS[47] = -7.62761e-01
dXdS[48] = -9.21963e-01
dXdS[49] = 1.48392e-02
dXdS[50] = -9.76302e-01


Iteration: 28
Index of specified variable before Newton's method: 1
Temperature before Newton's method: 8.23153e+02 K
Pressure before Newton's method: 1.06118e+07 Pa
Interpolation Scheme: Linear
Mixed error in Newton's method (should be < 1): 2.53082e-05
Nº of Newton iterations: 3
Delta of specified variable for the next iteration: 1.00000e-01
Next Iteration variable updated index: 48
lnK[0]		lnK[1]		lnK[2]		lnK[3]		lnK[4]		lnK[5]		lnK[6]		lnK[7]		lnK[8]		lnK[9]		lnK[10]		lnK[11]		lnK[12]		lnK[13]		lnK[14]		lnK[15]		lnK[16]		lnK[17]		lnK[18]		lnK[19]		lnK[20]		lnK[21]		lnK[22]		lnK[23]		lnK[24]		lnK[25]		lnK[26]		lnK[27]		lnK[28]		lnK[29]		lnK[30]		lnK[31]		lnK[32]		lnK[33]		lnK[34]		lnK[35]		lnK[36]		lnK[37]		lnK[38]		lnK[39]		lnK[40]		lnK[41]		lnK[42]		lnK[43]		lnK[44]		lnK[45]		lnK[46]		lnK[47]		lnK[48]		lnT(K)		lnP(Pa)		
7.57216e-01	8.13648e-01	6.55709e-01	6.97727e-01	5.69882e-01	7.62783e-01	4.00694e-01	3.79243e-01	2.99509e-01	2.95634e-01	2.16378e-01	1.42533e-01	1.39324e-01	1.17239e-01	5.17704e-02	5.05555e-02	-2.10554e-02	-1.93659e-02	-4.45163e-02	1.42459e-01	7.27469e-02	2.83697e-03	-6.12738e-02	-1.08504e-01	-1.90185e-01	-2.33253e-01	-2.96149e-01	-3.38375e-01	-3.85983e-01	-4.29121e-01	-4.73093e-01	-5.17887e-01	-5.63478e-01	-6.81603e-01	-7.38514e-01	-8.09042e-01	-8.84210e-01	-9.61089e-01	-1.02976e+00	-1.10621e+00	-1.18373e+00	-1.26236e+00	-1.34952e+00	-1.43943e+00	-1.53077e+00	-1.63145e+00	-1.74441e+00	-1.86388e+00	-2.16803e+00	6.71302e+00	1.61777e+01
Sensitivity vector: 
dXdS[0] = 9.61474e-01
dXdS[1] = 1.00000e+00
dXdS[2] = 8.92947e-01
dXdS[3] = 9.17594e-01
dXdS[4] = 8.26297e-01
dXdS[5] = 9.61309e-01
dXdS[6] = 7.00854e-01
dXdS[7] = 6.86512e-01
dXdS[8] = 6.28158e-01
dXdS[9] = 6.24562e-01
dXdS[10] = 5.65479e-01
dXdS[11] = 5.14981e-01
dXdS[12] = 5.18693e-01
dXdS[13] = 4.98964e-01
dXdS[14] = 4.48405e-01
dXdS[15] = 4.52749e-01
dXdS[16] = 3.99413e-01
dXdS[17] = 4.00468e-01
dXdS[18] = 3.83589e-01
dXdS[19] = 5.10067e-01
dXdS[20] = 4.57381e-01
dXdS[21] = 4.04380e-01
dXdS[22] = 3.55514e-01
dXdS[23] = 3.19272e-01
dXdS[24] = 2.55805e-01
dXdS[25] = 2.24805e-01
dXdS[26] = 1.75459e-01
dXdS[27] = 1.43054e-01
dXdS[28] = 1.06533e-01
dXdS[29] = 7.24910e-02
dXdS[30] = 3.75646e-02
dXdS[31] = 1.73050e-03
dXdS[32] = -3.50332e-02
dXdS[33] = -1.54325e-01
dXdS[34] = -1.40594e-01
dXdS[35] = -1.93945e-01
dXdS[36] = -2.52581e-01
dXdS[37] = -3.11567e-01
dXdS[38] = -3.65919e-01
dXdS[39] = -4.26681e-01
dXdS[40] = -4.87799e-01
dXdS[41] = -5.48989e-01
dXdS[42] = -6.16936e-01
dXdS[43] = -6.87487e-01
dXdS[44] = -7.57870e-01
dXdS[45] = -8.35506e-01
dXdS[46] = -9.21922e-01
dXdS[47] = -1.01300e+00
dXdS[48] = -1.19182e+00
dXdS[49] = 3.68580e-02
dXdS[50] = -1.04164e+00


Iteration: 29
Index of specified variable before Newton's method: 48
Temperature before Newton's method: 8.26092e+02 K
Pressure before Newton's method: 9.56412e+06 Pa
Interpolation Scheme: Polynomial (Cubic)
Mixed error in Newton's method (should be < 1): 1.79595e-05
Nº of Newton iterations: 5
Delta of specified variable for the next iteration: 5.00000e-02
Next Iteration variable updated index: 48
lnK[0]		lnK[1]		lnK[2]		lnK[3]		lnK[4]		lnK[5]		lnK[6]		lnK[7]		lnK[8]		lnK[9]		lnK[10]		lnK[11]		lnK[12]		lnK[13]		lnK[14]		lnK[15]		lnK[16]		lnK[17]		lnK[18]		lnK[19]		lnK[20]		lnK[21]		lnK[22]		lnK[23]		lnK[24]		lnK[25]		lnK[26]		lnK[27]		lnK[28]		lnK[29]		lnK[30]		lnK[31]		lnK[32]		lnK[33]		lnK[34]		lnK[35]		lnK[36]		lnK[37]		lnK[38]		lnK[39]		lnK[40]		lnK[41]		lnK[42]		lnK[43]		lnK[44]		lnK[45]		lnK[46]		lnK[47]		lnK[48]		lnT(K)		lnP(Pa)		
6.81020e-01	7.34284e-01	5.85119e-01	6.25133e-01	5.04770e-01	6.86583e-01	3.45859e-01	3.25583e-01	2.50639e-01	2.47045e-01	1.72625e-01	1.02955e-01	9.94453e-02	7.89740e-02	1.76459e-02	1.60750e-02	-5.11701e-02	-4.95726e-02	-7.33327e-02	1.03239e-01	3.78348e-02	-2.77404e-02	-8.78589e-02	-1.32126e-01	-2.08622e-01	-2.49151e-01	-3.08007e-01	-3.47581e-01	-3.92199e-01	-4.32548e-01	-4.73660e-01	-5.15518e-01	-5.58098e-01	-6.66523e-01	-7.24537e-01	-7.90701e-01	-8.61072e-01	-9.33128e-01	-9.97355e-01	-1.06883e+00	-1.14136e+00	-1.21497e+00	-1.29658e+00	-1.38071e+00	-1.46629e+00	-1.56062e+00	-1.66650e+00	-1.77852e+00	-2.06803e+00	6.70963e+00	1.62616e+01
Sensitivity vector: 
dXdS[0] = -7.19628e-01
dXdS[1] = -7.50699e-01
dXdS[2] = -6.64922e-01
dXdS[3] = -6.84377e-01
dXdS[4] = -6.11236e-01
dXdS[5] = -7.19856e-01
dXdS[6] = -5.10824e-01
dXdS[7] = -4.99339e-01
dXdS[8] = -4.52450e-01
dXdS[9] = -4.49824e-01
dXdS[10] = -4.02623e-01
dXdS[11] = -3.61469e-01
dXdS[12] = -3.64361e-01
dXdS[13] = -3.48616e-01
dXdS[14] = -3.08187e-01
dXdS[15] = -3.11652e-01
dXdS[16] = -2.69029e-01
dXdS[17] = -2.69981e-01
dXdS[18] = -2.56322e-01
dXdS[19] = -3.58393e-01
dXdS[20] = -3.16383e-01
dXdS[21] = -2.74103e-01
dXdS[22] = -2.35200e-01
dXdS[23] = -2.06311e-01
dXdS[24] = -1.55787e-01
dXdS[25] = -1.30976e-01
dXdS[26] = -9.15388e-02
dXdS[27] = -6.56558e-02
dXdS[28] = -3.64722e-02
dXdS[29] = -9.23293e-03
dXdS[30] = 1.87114e-02
dXdS[31] = 4.73788e-02
dXdS[32] = 7.67863e-02
dXdS[33] = 1.70808e-01
dXdS[34] = 1.60400e-01
dXdS[35] = 2.02949e-01
dXdS[36] = 2.49753e-01
dXdS[37] = 2.96789e-01
dXdS[38] = 3.40139e-01
dXdS[39] = 3.88615e-01
dXdS[40] = 4.37391e-01
dXdS[41] = 4.86249e-01
dXdS[42] = 5.40519e-01
dXdS[43] = 5.96863e-01
dXdS[44] = 6.53108e-01
dXdS[45] = 7.15166e-01
dXdS[46] = 7.84215e-01
dXdS[47] = 8.56954e-01
dXdS[48] = 1.00000e+00
dXdS[49] = -3.67054e-02
dXdS[50] = 8.06770e-01


Iteration: 30
Index of specified variable before Newton's method: 48
Temperature before Newton's method: 8.18794e+02 K
Pressure before Newton's method: 1.20119e+07 Pa
Interpolation Scheme: Polynomial (Cubic)
Mixed error in Newton's method (should be < 1): 3.31611e-05
Nº of Newton iterations: 3
Delta of specified variable for the next iteration: 5.00000e-02
Next Iteration variable updated index: 48
lnK[0]		lnK[1]		lnK[2]		lnK[3]		lnK[4]		lnK[5]		lnK[6]		lnK[7]		lnK[8]		lnK[9]		lnK[10]		lnK[11]		lnK[12]		lnK[13]		lnK[14]		lnK[15]		lnK[16]		lnK[17]		lnK[18]		lnK[19]		lnK[20]		lnK[21]		lnK[22]		lnK[23]		lnK[24]		lnK[25]		lnK[26]		lnK[27]		lnK[28]		lnK[29]		lnK[30]		lnK[31]		lnK[32]		lnK[33]		lnK[34]		lnK[35]		lnK[36]		lnK[37]		lnK[38]		lnK[39]		lnK[40]		lnK[41]		lnK[42]		lnK[43]		lnK[44]		lnK[45]		lnK[46]		lnK[47]		lnK[48]		lnT(K)		lnP(Pa)		
6.46013e-01	6.97737e-01	5.52817e-01	5.91870e-01	4.75125e-01	6.51559e-01	3.21181e-01	3.01473e-01	2.28850e-01	2.25384e-01	1.53297e-01	8.56703e-02	8.20193e-02	6.23258e-02	2.99645e-03	1.25503e-03	-6.38828e-02	-6.23336e-02	-8.54163e-02	8.60965e-02	2.27684e-02	-4.07176e-02	-9.89144e-02	-1.41754e-01	-2.15755e-01	-2.55056e-01	-3.11963e-01	-3.50258e-01	-3.93433e-01	-4.32436e-01	-4.72166e-01	-5.12607e-01	-5.53733e-01	-6.57528e-01	-7.16042e-01	-7.80104e-01	-8.48162e-01	-9.17894e-01	-9.79979e-01	-1.04906e+00	-1.11917e+00	-1.19038e+00	-1.26930e+00	-1.35065e+00	-1.43345e+00	-1.52471e+00	-1.62718e+00	-1.73560e+00	-2.01803e+00	6.70773e+00	1.63012e+01
Sensitivity vector: 
dXdS[0] = -6.81185e-01
dXdS[1] = -7.11705e-01
dXdS[2] = -6.27672e-01
dXdS[3] = -6.46636e-01
dXdS[4] = -5.75018e-01
dXdS[5] = -6.81583e-01
dXdS[6] = -4.76760e-01
dXdS[7] = -4.65509e-01
dXdS[8] = -4.19548e-01
dXdS[9] = -4.17086e-01
dXdS[10] = -3.70939e-01
dXdS[11] = -3.30338e-01
dXdS[12] = -3.33098e-01
dXdS[13] = -3.17730e-01
dXdS[14] = -2.78199e-01
dXdS[15] = -2.81552e-01
dXdS[16] = -2.39874e-01
dXdS[17] = -2.40851e-01
dXdS[18] = -2.27412e-01
dXdS[19] = -3.27713e-01
dXdS[20] = -2.86676e-01
dXdS[21] = -2.45371e-01
dXdS[22] = -2.07399e-01
dXdS[23] = -1.79186e-01
dXdS[24] = -1.29879e-01
dXdS[25] = -1.05596e-01
dXdS[26] = -6.70477e-02
dXdS[27] = -4.17499e-02
dXdS[28] = -1.32207e-02
dXdS[29] = 1.34175e-02
dXdS[30] = 4.07427e-02
dXdS[31] = 6.87722e-02
dXdS[32] = 9.75221e-02
dXdS[33] = 1.88725e-01
dXdS[34] = 1.79127e-01
dXdS[35] = 2.20692e-01
dXdS[36] = 2.66420e-01
dXdS[37] = 3.12360e-01
dXdS[38] = 3.54694e-01
dXdS[39] = 4.02038e-01
dXdS[40] = 4.49685e-01
dXdS[41] = 4.97427e-01
dXdS[42] = 5.50463e-01
dXdS[43] = 6.05520e-01
dXdS[44] = 6.60504e-01
dXdS[45] = 7.21177e-01
dXdS[46] = 7.88678e-01
dXdS[47] = 8.59771e-01
dXdS[48] = 1.00000e+00
dXdS[49] = -3.93684e-02
dXdS[50] = 7.76870e-01


Iteration: 31
Index of specified variable before Newton's method: 48
Temperature before Newton's method: 8.17049e+02 K
Pressure before Newton's method: 1.24766e+07 Pa
Interpolation Scheme: Polynomial (Cubic)
Mixed error in Newton's method (should be < 1): 3.45131e-02
Nº of Newton iterations: 2
Delta of specified variable for the next iteration: 1.00000e-01
Next Iteration variable updated index: 48
lnK[0]		lnK[1]		lnK[2]		lnK[3]		lnK[4]		lnK[5]		lnK[6]		lnK[7]		lnK[8]		lnK[9]		lnK[10]		lnK[11]		lnK[12]		lnK[13]		lnK[14]		lnK[15]		lnK[16]		lnK[17]		lnK[18]		lnK[19]		lnK[20]		lnK[21]		lnK[22]		lnK[23]		lnK[24]		lnK[25]		lnK[26]		lnK[27]		lnK[28]		lnK[29]		lnK[30]		lnK[31]		lnK[32]		lnK[33]		lnK[34]		lnK[35]		lnK[36]		lnK[37]		lnK[38]		lnK[39]		lnK[40]		lnK[41]		lnK[42]		lnK[43]		lnK[44]		lnK[45]		lnK[46]		lnK[47]		lnK[48]		lnT(K)		lnP(Pa)		
6.12853e-01	6.63064e-01	5.22305e-01	5.60421e-01	4.47222e-01	6.18376e-01	2.98140e-01	2.78989e-01	2.08642e-01	2.05295e-01	1.35491e-01	6.98811e-02	6.60957e-02	4.71614e-02	-1.02126e-02	-1.21186e-02	-7.51948e-02	-7.36949e-02	-9.61107e-02	7.04282e-02	9.12908e-03	-5.23145e-02	-1.08635e-01	-1.50080e-01	-2.21644e-01	-2.59743e-01	-3.14744e-01	-3.51787e-01	-3.93552e-01	-4.31237e-01	-4.69615e-01	-5.08670e-01	-5.48375e-01	-6.47677e-01	-7.06648e-01	-7.68655e-01	-8.34451e-01	-9.01912e-01	-9.61905e-01	-1.02865e+00	-1.09640e+00	-1.16525e+00	-1.24155e+00	-1.32017e+00	-1.40025e+00	-1.48851e+00	-1.58764e+00	-1.69255e+00	-1.96803e+00	6.70570e+00	1.63394e+01
Sensitivity vector: 
dXdS[0] = -6.45674e-01
dXdS[1] = -6.75689e-01
dXdS[2] = -5.93237e-01
dXdS[3] = -6.11781e-01
dXdS[4] = -5.41565e-01
dXdS[5] = -6.46235e-01
dXdS[6] = -4.45308e-01
dXdS[7] = -4.34269e-01
dXdS[8] = -3.89172e-01
dXdS[9] = -3.86857e-01
dXdS[10] = -3.41687e-01
dXdS[11] = -3.01609e-01
dXdS[12] = -3.04224e-01
dXdS[13] = -2.89219e-01
dXdS[14] = -2.50528e-01
dXdS[15] = -2.53757e-01
dXdS[16] = -2.12955e-01
dXdS[17] = -2.13952e-01
dXdS[18] = -2.00717e-01
dXdS[19] = -2.99392e-01
dXdS[20] = -2.59259e-01
dXdS[21] = -2.18859e-01
dXdS[22] = -1.81748e-01
dXdS[23] = -1.54166e-01
dXdS[24] = -1.05991e-01
dXdS[25] = -8.21941e-02
dXdS[26] = -4.44797e-02
dXdS[27] = -1.97277e-02
dXdS[28] = 8.19044e-03
dXdS[29] = 3.42625e-02
dXdS[30] = 6.10038e-02
dXdS[31] = 8.84309e-02
dXdS[32] = 1.16559e-01
dXdS[33] = 2.05068e-01
dXdS[34] = 1.96425e-01
dXdS[35] = 2.37076e-01
dXdS[36] = 2.81798e-01
dXdS[37] = 3.26718e-01
dXdS[38] = 3.68100e-01
dXdS[39] = 4.14382e-01
dXdS[40] = 4.60972e-01
dXdS[41] = 5.07669e-01
dXdS[42] = 5.59549e-01
dXdS[43] = 6.13401e-01
dXdS[44] = 6.67205e-01
dXdS[45] = 7.26582e-01
dXdS[46] = 7.92639e-01
dXdS[47] = 8.62200e-01
dXdS[48] = 1.00000e+00
dXdS[49] = -4.19028e-02
dXdS[50] = 7.49077e-01


Iteration: 32
Index of specified variable before Newton's method: 48
Temperature before Newton's method: 8.13437e+02 K
Pressure before Newton's method: 1.34129e+07 Pa
Interpolation Scheme: Polynomial (Cubic)
Mixed error in Newton's method (should be < 1): 8.51551e-02
Nº of Newton iterations: 2
Delta of specified variable for the next iteration: 2.00000e-01
Next Iteration variable updated index: 48
lnK[0]		lnK[1]		lnK[2]		lnK[3]		lnK[4]		lnK[5]		lnK[6]		lnK[7]		lnK[8]		lnK[9]		lnK[10]		lnK[11]		lnK[12]		lnK[13]		lnK[14]		lnK[15]		lnK[16]		lnK[17]		lnK[18]		lnK[19]		lnK[20]		lnK[21]		lnK[22]		lnK[23]		lnK[24]		lnK[25]		lnK[26]		lnK[27]		lnK[28]		lnK[29]		lnK[30]		lnK[31]		lnK[32]		lnK[33]		lnK[34]		lnK[35]		lnK[36]		lnK[37]		lnK[38]		lnK[39]		lnK[40]		lnK[41]		lnK[42]		lnK[43]		lnK[44]		lnK[45]		lnK[46]		lnK[47]		lnK[48]		lnT(K)		lnP(Pa)		
5.51533e-01	5.98789e-01	4.66134e-01	5.02430e-01	3.96125e-01	5.56985e-01	2.56484e-01	2.38418e-01	1.72501e-01	1.69373e-01	1.03995e-01	4.23448e-02	3.83135e-02	2.08451e-02	-3.27378e-02	-3.49532e-02	-9.40297e-02	-9.26310e-02	-1.13742e-01	4.30772e-02	-1.42917e-02	-7.17786e-02	-1.24467e-01	-1.63212e-01	-2.30063e-01	-2.65827e-01	-3.17134e-01	-3.51753e-01	-3.90782e-01	-4.25913e-01	-4.61672e-01	-4.98040e-01	-5.34991e-01	-6.25698e-01	-6.85423e-01	-7.43449e-01	-8.04867e-01	-8.67930e-01	-9.23873e-01	-9.86087e-01	-1.04928e+00	-1.11355e+00	-1.18477e+00	-1.25812e+00	-1.33293e+00	-1.41537e+00	-1.50803e+00	-1.60612e+00	-1.86803e+00	6.70127e+00	1.64117e+01
Sensitivity vector: 
dXdS[0] = -5.82302e-01
dXdS[1] = -6.11420e-01
dXdS[2] = -5.31713e-01
dXdS[3] = -5.49599e-01
dXdS[4] = -4.81874e-01
dXdS[5] = -5.83168e-01
dXdS[6] = -3.89219e-01
dXdS[7] = -3.78546e-01
dXdS[8] = -3.35014e-01
dXdS[9] = -3.32948e-01
dXdS[10] = -2.89530e-01
dXdS[11] = -2.50416e-01
dXdS[12] = -2.52712e-01
dXdS[13] = -2.38392e-01
dXdS[14] = -2.01231e-01
dXdS[15] = -2.04180e-01
dXdS[16] = -1.64952e-01
dXdS[17] = -1.65977e-01
dXdS[18] = -1.53102e-01
dXdS[19] = -2.48905e-01
dXdS[20] = -2.10394e-01
dXdS[21] = -1.71622e-01
dXdS[22] = -1.36058e-01
dXdS[23] = -1.09611e-01
dXdS[24] = -6.34804e-02
dXdS[25] = -4.05488e-02
dXdS[26] = -4.36006e-03
dXdS[27] = 1.94023e-02
dXdS[28] = 4.62115e-02
dXdS[29] = 7.12423e-02
dXdS[30] = 9.69078e-02
dXdS[31] = 1.23223e-01
dXdS[32] = 1.50200e-01
dXdS[33] = 2.33648e-01
dXdS[34] = 2.27290e-01
dXdS[35] = 2.66300e-01
dXdS[36] = 3.09190e-01
dXdS[37] = 3.52271e-01
dXdS[38] = 3.91915e-01
dXdS[39] = 4.36256e-01
dXdS[40] = 4.80913e-01
dXdS[41] = 5.25710e-01
dXdS[42] = 5.75485e-01
dXdS[43] = 6.27135e-01
dXdS[44] = 6.78796e-01
dXdS[45] = 7.35815e-01
dXdS[46] = 7.99253e-01
dXdS[47] = 8.66044e-01
dXdS[48] = 1.00000e+00
dXdS[49] = -4.66396e-02
dXdS[50] = 6.98941e-01


Iteration: 33
Index of specified variable before Newton's method: 48
Temperature before Newton's method: 8.05198e+02 K
Pressure before Newton's method: 1.52951e+07 Pa
Interpolation Scheme: Polynomial (Cubic)
Mixed error in Newton's method (should be < 1): 4.12771e-06
Nº of Newton iterations: 3
Delta of specified variable for the next iteration: 2.00000e-01
Next Iteration variable updated index: 48
lnK[0]		lnK[1]		lnK[2]		lnK[3]		lnK[4]		lnK[5]		lnK[6]		lnK[7]		lnK[8]		lnK[9]		lnK[10]		lnK[11]		lnK[12]		lnK[13]		lnK[14]		lnK[15]		lnK[16]		lnK[17]		lnK[18]		lnK[19]		lnK[20]		lnK[21]		lnK[22]		lnK[23]		lnK[24]		lnK[25]		lnK[26]		lnK[27]		lnK[28]		lnK[29]		lnK[30]		lnK[31]		lnK[32]		lnK[33]		lnK[34]		lnK[35]		lnK[36]		lnK[37]		lnK[38]		lnK[39]		lnK[40]		lnK[41]		lnK[42]		lnK[43]		lnK[44]		lnK[45]		lnK[46]		lnK[47]		lnK[48]		lnT(K)		lnP(Pa)		
4.45785e-01	4.87367e-01	3.70211e-01	4.03015e-01	3.09836e-01	4.51006e-01	1.88109e-01	1.72120e-01	1.14638e-01	1.11885e-01	5.48922e-02	8.91721e-04	-3.52649e-03	-1.82581e-02	-6.46766e-02	-6.74171e-02	-1.18917e-01	-1.17726e-01	-1.36322e-01	1.81365e-03	-4.81298e-02	-9.81413e-02	-1.43980e-01	-1.77632e-01	-2.35608e-01	-2.66932e-01	-3.11269e-01	-3.41308e-01	-3.75168e-01	-4.05477e-01	-4.36295e-01	-4.67599e-01	-4.99361e-01	-5.74307e-01	-6.34749e-01	-6.85254e-01	-7.38413e-01	-7.93177e-01	-8.41496e-01	-8.95184e-01	-9.49786e-01	-1.00543e+00	-1.06706e+00	-1.13047e+00	-1.19532e+00	-1.26677e+00	-1.34720e+00	-1.43241e+00	-1.66803e+00	6.69108e+00	1.65428e+01
Sensitivity vector: 
dXdS[0] = -4.79933e-01
dXdS[1] = -5.07626e-01
dXdS[2] = -4.32069e-01
dXdS[3] = -4.49227e-01
dXdS[4] = -3.85488e-01
dXdS[5] = -4.81349e-01
dXdS[6] = -2.98767e-01
dXdS[7] = -2.88634e-01
dXdS[8] = -2.47712e-01
dXdS[9] = -2.45997e-01
dXdS[10] = -2.05445e-01
dXdS[11] = -1.68007e-01
dXdS[12] = -1.69561e-01
dXdS[13] = -1.56488e-01
dXdS[14] = -1.21913e-01
dXdS[15] = -1.24195e-01
dXdS[16] = -8.75439e-02
dXdS[17] = -8.85858e-02
dXdS[18] = -7.62864e-02
dXdS[19] = -1.67553e-01
dXdS[20] = -1.31696e-01
dXdS[21] = -9.56012e-02
dXdS[22] = -6.25632e-02
dXdS[23] = -3.79940e-02
dXdS[24] = 4.75161e-03
dXdS[25] = 2.62965e-02
dXdS[26] = 5.98859e-02
dXdS[27] = 8.19939e-02
dXdS[28] = 1.06946e-01
dXdS[29] = 1.30183e-01
dXdS[30] = 1.53988e-01
dXdS[31] = 1.78372e-01
dXdS[32] = 2.03344e-01
dXdS[33] = 2.77706e-01
dXdS[34] = 2.77133e-01
dXdS[35] = 3.13454e-01
dXdS[36] = 3.53257e-01
dXdS[37] = 3.93290e-01
dXdS[38] = 4.29992e-01
dXdS[39] = 4.71027e-01
dXdS[40] = 5.12410e-01
dXdS[41] = 5.54003e-01
dXdS[42] = 6.00219e-01
dXdS[43] = 6.48134e-01
dXdS[44] = 6.96190e-01
dXdS[45] = 7.49237e-01
dXdS[46] = 8.08298e-01
dXdS[47] = 8.70485e-01
dXdS[48] = 1.00000e+00
dXdS[49] = -5.50683e-02
dXdS[50] = 6.15771e-01


Iteration: 34
Index of specified variable before Newton's method: 48
Temperature before Newton's method: 7.95779e+02 K
Pressure before Newton's method: 1.71814e+07 Pa
Interpolation Scheme: Polynomial (Cubic)
Mixed error in Newton's method (should be < 1): 5.05331e-06
Nº of Newton iterations: 3
Delta of specified variable for the next iteration: 2.00000e-01
Next Iteration variable updated index: 48
lnK[0]		lnK[1]		lnK[2]		lnK[3]		lnK[4]		lnK[5]		lnK[6]		lnK[7]		lnK[8]		lnK[9]		lnK[10]		lnK[11]		lnK[12]		lnK[13]		lnK[14]		lnK[15]		lnK[16]		lnK[17]		lnK[18]		lnK[19]		lnK[20]		lnK[21]		lnK[22]		lnK[23]		lnK[24]		lnK[25]		lnK[26]		lnK[27]		lnK[28]		lnK[29]		lnK[30]		lnK[31]		lnK[32]		lnK[33]		lnK[34]		lnK[35]		lnK[36]		lnK[37]		lnK[38]		lnK[39]		lnK[40]		lnK[41]		lnK[42]		lnK[43]		lnK[44]		lnK[45]		lnK[46]		lnK[47]		lnK[48]		lnT(K)		lnP(Pa)		
3.57971e-01	3.94126e-01	2.91781e-01	3.21175e-01	2.40430e-01	3.62860e-01	1.35560e-01	1.21560e-01	7.20454e-02	6.96126e-02	2.04978e-02	-2.61620e-02	-3.08076e-02	-4.30390e-02	-8.27614e-02	-8.58821e-02	-1.30261e-01	-1.29276e-01	-1.45458e-01	-2.52241e-02	-6.82118e-02	-1.11223e-01	-1.50659e-01	-1.79551e-01	-2.29258e-01	-2.56382e-01	-2.94223e-01	-3.19978e-01	-3.49003e-01	-3.74821e-01	-4.01039e-01	-4.27635e-01	-4.54578e-01	-5.15475e-01	-5.75345e-01	-6.18804e-01	-6.64263e-01	-7.11272e-01	-7.52500e-01	-7.98262e-01	-8.44867e-01	-8.92459e-01	-9.45150e-01	-9.99292e-01	-1.05484e+00	-1.11601e+00	-1.18499e+00	-1.25815e+00	-1.46803e+00	6.67931e+00	1.66591e+01
Sensitivity vector: 
dXdS[0] = -4.01534e-01
dXdS[1] = -4.28160e-01
dXdS[2] = -3.55431e-01
dXdS[3] = -3.72449e-01
dXdS[4] = -3.11717e-01
dXdS[5] = -4.03437e-01
dXdS[6] = -2.29686e-01
dXdS[7] = -2.19906e-01
dXdS[8] = -1.81088e-01
dXdS[9] = -1.79575e-01
dXdS[10] = -1.41263e-01
dXdS[11] = -1.05262e-01
dXdS[12] = -1.05966e-01
dXdS[13] = -9.40217e-02
dXdS[14] = -6.15713e-02
dXdS[15] = -6.30758e-02
dXdS[16] = -2.84419e-02
dXdS[17] = -2.94605e-02
dXdS[18] = -1.75942e-02
dXdS[19] = -1.05505e-01
dXdS[20] = -7.17244e-02
dXdS[21] = -3.77384e-02
dXdS[22] = -6.66942e-03
dXdS[23] = 1.64091e-02
dXdS[24] = 5.64594e-02
dXdS[25] = 7.69552e-02
dXdS[26] = 1.08386e-01
dXdS[27] = 1.29157e-01
dXdS[28] = 1.52603e-01
dXdS[29] = 1.74327e-01
dXdS[30] = 1.96555e-01
dXdS[31] = 2.19292e-01
dXdS[32] = 2.42543e-01
dXdS[33] = 3.08818e-01
dXdS[34] = 3.15288e-01
dXdS[35] = 3.49501e-01
dXdS[36] = 3.86780e-01
dXdS[37] = 4.24386e-01
dXdS[38] = 4.58663e-01
dXdS[39] = 4.96959e-01
dXdS[40] = 5.35639e-01
dXdS[41] = 5.74613e-01
dXdS[42] = 6.17907e-01
dXdS[43] = 6.62736e-01
dXdS[44] = 7.07855e-01
dXdS[45] = 7.57655e-01
dXdS[46] = 8.13181e-01
dXdS[47] = 8.71680e-01
dXdS[48] = 1.00000e+00
dXdS[49] = -6.24738e-02
dXdS[50] = 5.49063e-01


Iteration: 35
Index of specified variable before Newton's method: 48
Temperature before Newton's method: 7.85362e+02 K
Pressure before Newton's method: 1.90652e+07 Pa
Interpolation Scheme: Polynomial (Cubic)
Mixed error in Newton's method (should be < 1): 2.92947e-06
Nº of Newton iterations: 3
Delta of specified variable for the next iteration: 2.00000e-01
Next Iteration variable updated index: 48
lnK[0]		lnK[1]		lnK[2]		lnK[3]		lnK[4]		lnK[5]		lnK[6]		lnK[7]		lnK[8]		lnK[9]		lnK[10]		lnK[11]		lnK[12]		lnK[13]		lnK[14]		lnK[15]		lnK[16]		lnK[17]		lnK[18]		lnK[19]		lnK[20]		lnK[21]		lnK[22]		lnK[23]		lnK[24]		lnK[25]		lnK[26]		lnK[27]		lnK[28]		lnK[29]		lnK[30]		lnK[31]		lnK[32]		lnK[33]		lnK[34]		lnK[35]		lnK[36]		lnK[37]		lnK[38]		lnK[39]		lnK[40]		lnK[41]		lnK[42]		lnK[43]		lnK[44]		lnK[45]		lnK[46]		lnK[47]		lnK[48]		lnT(K)		lnP(Pa)		
2.84039e-01	3.14954e-01	2.26953e-01	2.52921e-01	1.84081e-01	2.88503e-01	9.52243e-02	8.31561e-02	4.12255e-02	3.90844e-02	-2.55397e-03	-4.21434e-02	-4.68379e-02	-5.67864e-02	-9.02034e-02	-9.35397e-02	-1.31160e-01	-1.30374e-01	-1.44217e-01	-4.13012e-02	-7.77051e-02	-1.14095e-01	-1.47481e-01	-1.71882e-01	-2.13807e-01	-2.36916e-01	-2.68661e-01	-2.90375e-01	-3.14841e-01	-3.36448e-01	-3.58362e-01	-3.80558e-01	-4.03006e-01	-4.51397e-01	-5.09186e-01	-5.45978e-01	-5.84200e-01	-6.23892e-01	-6.58476e-01	-6.96819e-01	-7.35923e-01	-7.75948e-01	-8.20234e-01	-8.65679e-01	-9.12455e-01	-9.63948e-01	-1.02213e+00	-1.08390e+00	-1.26803e+00	6.66614e+00	1.67632e+01
Sensitivity vector: 
dXdS[0] = -3.40190e-01
dXdS[1] = -3.66004e-01
dXdS[2] = -2.95151e-01
dXdS[3] = -3.12466e-01
dXdS[4] = -2.54044e-01
dXdS[5] = -3.42534e-01
dXdS[6] = -1.75824e-01
dXdS[7] = -1.66262e-01
dXdS[8] = -1.29193e-01
dXdS[9] = -1.27773e-01
dXdS[10] = -9.12574e-02
dXdS[11] = -5.65353e-02
dXdS[12] = -5.63058e-02
dXdS[13] = -4.54113e-02
dXdS[14] = -1.47618e-02
dXdS[15] = -1.54005e-02
dXdS[16] = 1.76120e-02
dXdS[17] = 1.66478e-02
dXdS[18] = 2.81809e-02
dXdS[19] = -5.72098e-02
dXdS[20] = -2.50942e-02
dXdS[21] = 7.18562e-03
dXdS[22] = 3.66819e-02
dXdS[23] = 5.85437e-02
dXdS[24] = 9.63873e-02
dXdS[25] = 1.16074e-01
dXdS[26] = 1.45652e-01
dXdS[27] = 1.65311e-01
dXdS[28] = 1.87499e-01
dXdS[29] = 2.07902e-01
dXdS[30] = 2.28748e-01
dXdS[31] = 2.50035e-01
dXdS[32] = 2.71761e-01
dXdS[33] = 3.30632e-01
dXdS[34] = 3.45127e-01
dXdS[35] = 3.77644e-01
dXdS[36] = 4.12793e-01
dXdS[37] = 4.48413e-01
dXdS[38] = 4.80628e-01
dXdS[39] = 5.16579e-01
dXdS[40] = 5.52957e-01
dXdS[41] = 5.89721e-01
dXdS[42] = 6.30539e-01
dXdS[43] = 6.72737e-01
dXdS[44] = 7.15387e-01
dXdS[45] = 7.62448e-01
dXdS[46] = 8.15030e-01
dXdS[47] = 8.70489e-01
dXdS[48] = 1.00000e+00
dXdS[49] = -6.91327e-02
dXdS[50] = 4.93782e-01


Iteration: 36
Index of specified variable before Newton's method: 48
Temperature before Newton's method: 7.74098e+02 K
Pressure before Newton's method: 2.09418e+07 Pa
Interpolation Scheme: Polynomial (Cubic)
Mixed error in Newton's method (should be < 1): 2.22272e-06
Nº of Newton iterations: 3
Delta of specified variable for the next iteration: 2.00000e-01
Next Iteration variable updated index: 48
lnK[0]		lnK[1]		lnK[2]		lnK[3]		lnK[4]		lnK[5]		lnK[6]		lnK[7]		lnK[8]		lnK[9]		lnK[10]		lnK[11]		lnK[12]		lnK[13]		lnK[14]		lnK[15]		lnK[16]		lnK[17]		lnK[18]		lnK[19]		lnK[20]		lnK[21]		lnK[22]		lnK[23]		lnK[24]		lnK[25]		lnK[26]		lnK[27]		lnK[28]		lnK[29]		lnK[30]		lnK[31]		lnK[32]		lnK[33]		lnK[34]		lnK[35]		lnK[36]		lnK[37]		lnK[38]		lnK[39]		lnK[40]		lnK[41]		lnK[42]		lnK[43]		lnK[44]		lnK[45]		lnK[46]		lnK[47]		lnK[48]		lnT(K)		lnP(Pa)		
2.21064e-01	2.46882e-01	1.72925e-01	1.95371e-01	1.38028e-01	2.25018e-01	6.44888e-02	5.43200e-02	1.96499e-02	1.77908e-02	-1.66963e-02	-4.94604e-02	-5.40094e-02	-6.18797e-02	-8.93270e-02	-9.26982e-02	-1.23853e-01	-1.23252e-01	-1.34816e-01	-4.87785e-02	-7.89001e-02	-1.08980e-01	-1.36598e-01	-1.56732e-01	-1.91278e-01	-2.10515e-01	-2.36511e-01	-2.54392e-01	-2.74530e-01	-2.92177e-01	-3.10048e-01	-3.28120e-01	-3.46363e-01	-3.83681e-01	-4.37699e-01	-4.68131e-01	-4.99512e-01	-5.32251e-01	-5.60576e-01	-5.91940e-01	-6.23974e-01	-6.56841e-01	-6.93184e-01	-7.30425e-01	-7.68888e-01	-8.11212e-01	-8.59132e-01	-9.10072e-01	-1.06803e+00	6.65169e+00	1.68572e+01
Sensitivity vector: 
dXdS[0] = -2.91345e-01
dXdS[1] = -3.16531e-01
dXdS[2] = -2.46847e-01
dXdS[3] = -2.64797e-01
dXdS[4] = -2.08175e-01
dXdS[5] = -2.94096e-01
dXdS[6] = -1.33131e-01
dXdS[7] = -1.23685e-01
dXdS[8] = -8.81121e-02
dXdS[9] = -8.66998e-02
dXdS[10] = -5.16567e-02
dXdS[11] = -1.81121e-02
dXdS[12] = -1.68760e-02
dXdS[13] = -6.98093e-03
dXdS[14] = 2.20989e-02
dXdS[15] = 2.24003e-02
dXdS[16] = 5.40801e-02
dXdS[17] = 5.31954e-02
dXdS[18] = 6.44670e-02
dXdS[19] = -1.90096e-02
dXdS[20] = 1.17405e-02
dXdS[21] = 4.26076e-02
dXdS[22] = 7.08215e-02
dXdS[23] = 9.16658e-02
dXdS[24] = 1.27658e-01
dXdS[25] = 1.46712e-01
dXdS[26] = 1.74657e-01
dXdS[27] = 1.93364e-01
dXdS[28] = 2.14471e-01
dXdS[29] = 2.33692e-01
dXdS[30] = 2.53291e-01
dXdS[31] = 2.73264e-01
dXdS[32] = 2.93602e-01
dXdS[33] = 3.45538e-01
dXdS[34] = 3.68872e-01
dXdS[35] = 3.99993e-01
dXdS[36] = 4.33297e-01
dXdS[37] = 4.67249e-01
dXdS[38] = 4.97662e-01
dXdS[39] = 5.31549e-01
dXdS[40] = 5.65913e-01
dXdS[41] = 6.00762e-01
dXdS[42] = 6.39423e-01
dXdS[43] = 6.79314e-01
dXdS[44] = 7.19832e-01
dXdS[45] = 7.64518e-01
dXdS[46] = 8.14584e-01
dXdS[47] = 8.67469e-01
dXdS[48] = 1.00000e+00
dXdS[49] = -7.52053e-02
dXdS[50] = 4.46694e-01


Iteration: 37
Index of specified variable before Newton's method: 48
Temperature before Newton's method: 7.62109e+02 K
Pressure before Newton's method: 2.28024e+07 Pa
Interpolation Scheme: Polynomial (Cubic)
Mixed error in Newton's method (should be < 1): 1.64346e-06
Nº of Newton iterations: 3
Delta of specified variable for the next iteration: 2.00000e-01
Next Iteration variable updated index: 48
lnK[0]		lnK[1]		lnK[2]		lnK[3]		lnK[4]		lnK[5]		lnK[6]		lnK[7]		lnK[8]		lnK[9]		lnK[10]		lnK[11]		lnK[12]		lnK[13]		lnK[14]		lnK[15]		lnK[16]		lnK[17]		lnK[18]		lnK[19]		lnK[20]		lnK[21]		lnK[22]		lnK[23]		lnK[24]		lnK[25]		lnK[26]		lnK[27]		lnK[28]		lnK[29]		lnK[30]		lnK[31]		lnK[32]		lnK[33]		lnK[34]		lnK[35]		lnK[36]		lnK[37]		lnK[38]		lnK[39]		lnK[40]		lnK[41]		lnK[42]		lnK[43]		lnK[44]		lnK[45]		lnK[46]		lnK[47]		lnK[48]		lnT(K)		lnP(Pa)		
1.66877e-01	1.87708e-01	1.27618e-01	1.46387e-01	1.00222e-01	1.70243e-01	4.14140e-02	3.31294e-02	5.44000e-03	3.86836e-03	-2.37367e-02	-4.99040e-02	-5.40999e-02	-6.00882e-02	-8.18620e-02	-8.50735e-02	-1.10007e-01	-1.09574e-01	-1.18905e-01	-4.94098e-02	-7.34987e-02	-9.75277e-02	-1.19613e-01	-1.35667e-01	-1.63176e-01	-1.78655e-01	-1.99212e-01	-2.13436e-01	-2.29450e-01	-2.43362e-01	-2.57430e-01	-2.71630e-01	-2.85937e-01	-3.13532e-01	-3.61941e-01	-3.86270e-01	-4.11156e-01	-4.37252e-01	-4.59658e-01	-4.84433e-01	-5.09777e-01	-5.35848e-01	-5.64654e-01	-5.94128e-01	-6.24679e-01	-6.58281e-01	-6.96412e-01	-7.37003e-01	-8.68032e-01	6.63609e+00	1.69423e+01
Sensitivity vector: 
dXdS[0] = -2.51886e-01
dXdS[1] = -2.76581e-01
dXdS[2] = -2.07524e-01
dXdS[3] = -2.26378e-01
dXdS[4] = -1.71174e-01
dXdS[5] = -2.55017e-01
dXdS[6] = -9.88337e-02
dXdS[7] = -8.94267e-02
dXdS[8] = -5.51662e-02
dXdS[9] = -5.36934e-02
dXdS[10] = -1.98816e-02
dXdS[11] = 1.25504e-02
dXdS[12] = 1.48558e-02
dXdS[13] = 2.37842e-02
dXdS[14] = 5.14628e-02
dXdS[15] = 5.27690e-02
dXdS[16] = 8.33309e-02
dXdS[17] = 8.25467e-02
dXdS[18] = 9.36094e-02
dXdS[19] = 1.15962e-02
dXdS[20] = 4.12054e-02
dXdS[21] = 7.08785e-02
dXdS[22] = 9.80278e-02
dXdS[23] = 1.18003e-01
dXdS[24] = 1.52410e-01
dXdS[25] = 1.70963e-01
dXdS[26] = 1.97432e-01
dXdS[27] = 2.15306e-01
dXdS[28] = 2.35464e-01
dXdS[29] = 2.53598e-01
dXdS[30] = 2.72049e-01
dXdS[31] = 2.90805e-01
dXdS[32] = 3.09851e-01
dXdS[33] = 3.55178e-01
dXdS[34] = 3.88041e-01
dXdS[35] = 4.17991e-01
dXdS[36] = 4.49658e-01
dXdS[37] = 4.82178e-01
dXdS[38] = 5.10981e-01
dXdS[39] = 5.43010e-01
dXdS[40] = 5.75569e-01
dXdS[41] = 6.08717e-01
dXdS[42] = 6.45456e-01
dXdS[43] = 6.83276e-01
dXdS[44] = 7.21908e-01
dXdS[45] = 7.64485e-01
dXdS[46] = 8.12348e-01
dXdS[47] = 8.63007e-01
dXdS[48] = 1.00000e+00
dXdS[49] = -8.07828e-02
dXdS[50] = 4.05652e-01


Iteration: 38
Index of specified variable before Newton's method: 48
Temperature before Newton's method: 7.49504e+02 K
Pressure before Newton's method: 2.46373e+07 Pa
Interpolation Scheme: Polynomial (Cubic)
Mixed error in Newton's method (should be < 1): 8.01502e-06
Nº of Newton iterations: 3
Delta of specified variable for the next iteration: 2.00000e-01
Next Iteration variable updated index: 48
lnK[0]		lnK[1]		lnK[2]		lnK[3]		lnK[4]		lnK[5]		lnK[6]		lnK[7]		lnK[8]		lnK[9]		lnK[10]		lnK[11]		lnK[12]		lnK[13]		lnK[14]		lnK[15]		lnK[16]		lnK[17]		lnK[18]		lnK[19]		lnK[20]		lnK[21]		lnK[22]		lnK[23]		lnK[24]		lnK[25]		lnK[26]		lnK[27]		lnK[28]		lnK[29]		lnK[30]		lnK[31]		lnK[32]		lnK[33]		lnK[34]		lnK[35]		lnK[36]		lnK[37]		lnK[38]		lnK[39]		lnK[40]		lnK[41]		lnK[42]		lnK[43]		lnK[44]		lnK[45]		lnK[46]		lnK[47]		lnK[48]		lnT(K)		lnP(Pa)		
1.19832e-01	1.35765e-01	8.94585e-02	1.04348e-01	6.91067e-02	1.22535e-01	2.45271e-02	1.81252e-02	-2.83168e-03	-4.09800e-03	-2.50481e-02	-4.48368e-02	-4.84600e-02	-5.27575e-02	-6.91250e-02	-7.19701e-02	-9.08892e-02	-9.06011e-02	-9.77370e-02	-4.45275e-02	-6.27940e-02	-8.09936e-02	-9.77410e-02	-1.09877e-01	-1.30647e-01	-1.42457e-01	-1.57857e-01	-1.68582e-01	-1.80651e-01	-1.91039e-01	-2.01525e-01	-2.12090e-01	-2.22711e-01	-2.41882e-01	-2.82716e-01	-3.01156e-01	-3.19860e-01	-3.39579e-01	-3.56374e-01	-3.74915e-01	-3.93916e-01	-4.13513e-01	-4.35149e-01	-4.57250e-01	-4.80248e-01	-5.05528e-01	-5.34287e-01	-5.64947e-01	-6.68032e-01	6.61941e+00	1.70197e+01
Sensitivity vector: 
dXdS[0] = -2.19616e-01
dXdS[1] = -2.43922e-01
dXdS[2] = -1.75072e-01
dXdS[3] = -1.95048e-01
dXdS[4] = -1.40969e-01
dXdS[5] = -2.23106e-01
dXdS[6] = -7.09778e-02
dXdS[7] = -6.15490e-02
dXdS[8] = -2.84640e-02
dXdS[9] = -2.68752e-02
dXdS[10] = 5.88905e-03
dXdS[11] = 3.72485e-02
dXdS[12] = 4.06780e-02
dXdS[13] = 4.86603e-02
dXdS[14] = 7.50629e-02
dXdS[15] = 7.74300e-02
dXdS[16] = 1.07037e-01
dXdS[17] = 1.06371e-01
dXdS[18] = 1.17265e-01
dXdS[19] = 3.63738e-02
dXdS[20] = 6.50131e-02
dXdS[21] = 9.36586e-02
dXdS[22] = 1.19910e-01
dXdS[23] = 1.39129e-01
dXdS[24] = 1.72151e-01
dXdS[25] = 1.90305e-01
dXdS[26] = 2.15415e-01
dXdS[27] = 2.32545e-01
dXdS[28] = 2.51852e-01
dXdS[29] = 2.68971e-01
dXdS[30] = 2.86344e-01
dXdS[31] = 3.03952e-01
dXdS[32] = 3.21774e-01
dXdS[33] = 3.60723e-01
dXdS[34] = 4.03705e-01
dXdS[35] = 4.32655e-01
dXdS[36] = 4.62840e-01
dXdS[37] = 4.94110e-01
dXdS[38] = 5.21443e-01
dXdS[39] = 5.51766e-01
dXdS[40] = 5.82676e-01
dXdS[41] = 6.14285e-01
dXdS[42] = 6.49274e-01
dXdS[43] = 6.85200e-01
dXdS[44] = 7.22129e-01
dXdS[45] = 7.62796e-01
dXdS[46] = 8.08693e-01
dXdS[47] = 8.57385e-01
dXdS[48] = 1.00000e+00
dXdS[49] = -8.59140e-02
dXdS[50] = 3.69188e-01


Iteration: 39
Index of specified variable before Newton's method: 48
Temperature before Newton's method: 7.36383e+02 K
Pressure before Newton's method: 2.64364e+07 Pa
Interpolation Scheme: Polynomial (Cubic)
Mixed error in Newton's method (should be < 1): 3.20852e-06
Nº of Newton iterations: 3
Delta of specified variable for the next iteration: 2.00000e-01
Next Iteration variable updated index: 48
lnK[0]		lnK[1]		lnK[2]		lnK[3]		lnK[4]		lnK[5]		lnK[6]		lnK[7]		lnK[8]		lnK[9]		lnK[10]		lnK[11]		lnK[12]		lnK[13]		lnK[14]		lnK[15]		lnK[16]		lnK[17]		lnK[18]		lnK[19]		lnK[20]		lnK[21]		lnK[22]		lnK[23]		lnK[24]		lnK[25]		lnK[26]		lnK[27]		lnK[28]		lnK[29]		lnK[30]		lnK[31]		lnK[32]		lnK[33]		lnK[34]		lnK[35]		lnK[36]		lnK[37]		lnK[38]		lnK[39]		lnK[40]		lnK[41]		lnK[42]		lnK[43]		lnK[44]		lnK[45]		lnK[46]		lnK[47]		lnK[48]		lnT(K)		lnP(Pa)		
7.86584e-02	8.97618e-02	5.72334e-02	6.80006e-02	4.34817e-02	8.06290e-02	1.26888e-02	8.17895e-03	-6.26964e-03	-7.20272e-03	-2.16927e-02	-3.53146e-02	-3.81354e-02	-4.09300e-02	-5.21365e-02	-5.43979e-02	-6.74803e-02	-6.73123e-02	-7.22840e-02	-3.51627e-02	-4.77870e-02	-6.03493e-02	-7.19250e-02	-8.02859e-02	-9.45763e-02	-1.02788e-01	-1.13295e-01	-1.20663e-01	-1.28949e-01	-1.36010e-01	-1.43125e-01	-1.50279e-01	-1.57453e-01	-1.69458e-01	-2.00641e-01	-2.13380e-01	-2.26185e-01	-2.39764e-01	-2.51230e-01	-2.63867e-01	-2.76840e-01	-2.90259e-01	-3.05061e-01	-3.20155e-01	-3.35925e-01	-3.53250e-01	-3.73011e-01	-3.94112e-01	-4.68032e-01	6.60175e+00	1.70902e+01
Sensitivity vector: 
dXdS[0] = -1.92945e-01
dXdS[1] = -2.16942e-01
dXdS[2] = -1.47966e-01
dXdS[3] = -1.69242e-01
dXdS[4] = -1.16061e-01
dXdS[5] = -1.96776e-01
dXdS[6] = -4.81453e-02
dXdS[7] = -3.86464e-02
dXdS[8] = -6.63393e-03
dXdS[9] = -4.88343e-03
dXdS[10] = 2.69753e-02
dXdS[11] = 5.72864e-02
dXdS[12] = 6.18872e-02
dXdS[13] = 6.89367e-02
dXdS[14] = 9.41578e-02
dXdS[15] = 9.76342e-02
dXdS[16] = 1.26413e-01
dXdS[17] = 1.25880e-01
dXdS[18] = 1.36634e-01
dXdS[19] = 5.66036e-02
dXdS[20] = 8.44060e-02
dXdS[21] = 1.12153e-01
dXdS[22] = 1.37637e-01
dXdS[23] = 1.56186e-01
dXdS[24] = 1.87980e-01
dXdS[25] = 2.05812e-01
dXdS[26] = 2.29652e-01
dXdS[27] = 2.46107e-01
dXdS[28] = 2.64636e-01
dXdS[29] = 2.80793e-01
dXdS[30] = 2.97139e-01
dXdS[31] = 3.13651e-01
dXdS[32] = 3.30299e-01
dXdS[33] = 3.63035e-01
dXdS[34] = 4.16639e-01
dXdS[35] = 4.44723e-01
dXdS[36] = 4.73544e-01
dXdS[37] = 5.03702e-01
dXdS[38] = 5.29673e-01
dXdS[39] = 5.58406e-01
dXdS[40] = 5.87785e-01
dXdS[41] = 6.17977e-01
dXdS[42] = 6.51348e-01
dXdS[43] = 6.85513e-01
dXdS[44] = 7.20880e-01
dXdS[45] = 7.59787e-01
dXdS[46] = 8.03898e-01
dXdS[47] = 8.50824e-01
dXdS[48] = 1.00000e+00
dXdS[49] = -9.06222e-02
dXdS[50] = 3.36283e-01


Iteration: 40
Index of specified variable before Newton's method: 48
Temperature before Newton's method: 7.22841e+02 K
Pressure before Newton's method: 2.81893e+07 Pa
Interpolation Scheme: Polynomial (Cubic)
Mixed error in Newton's method (should be < 1): 1.83757e-04
Nº of Newton iterations: 3
Delta of specified variable for the next iteration: 2.00000e-01
Next Iteration variable updated index: 48
lnK[0]		lnK[1]		lnK[2]		lnK[3]		lnK[4]		lnK[5]		lnK[6]		lnK[7]		lnK[8]		lnK[9]		lnK[10]		lnK[11]		lnK[12]		lnK[13]		lnK[14]		lnK[15]		lnK[16]		lnK[17]		lnK[18]		lnK[19]		lnK[20]		lnK[21]		lnK[22]		lnK[23]		lnK[24]		lnK[25]		lnK[26]		lnK[27]		lnK[28]		lnK[29]		lnK[30]		lnK[31]		lnK[32]		lnK[33]		lnK[34]		lnK[35]		lnK[36]		lnK[37]		lnK[38]		lnK[39]		lnK[40]		lnK[41]		lnK[42]		lnK[43]		lnK[44]		lnK[45]		lnK[46]		lnK[47]		lnK[48]		lnT(K)		lnP(Pa)		
4.23599e-02	4.86895e-02	2.99913e-02	3.63609e-02	2.24038e-02	4.35313e-02	5.00469e-03	2.40488e-03	-5.74169e-03	-6.30530e-03	-1.45045e-02	-2.21678e-02	-2.39480e-02	-2.54252e-02	-3.16994e-02	-3.31512e-02	-4.05521e-02	-4.04763e-02	-4.33093e-02	-2.21254e-02	-2.92640e-02	-3.63581e-02	-4.29050e-02	-4.76172e-02	-5.56612e-02	-6.03335e-02	-6.61940e-02	-7.03333e-02	-7.49863e-02	-7.89091e-02	-8.28540e-02	-8.68116e-02	-9.07705e-02	-9.68387e-02	-1.16203e-01	-1.23404e-01	-1.30573e-01	-1.38222e-01	-1.44622e-01	-1.51664e-01	-1.58907e-01	-1.66421e-01	-1.74701e-01	-1.83130e-01	-1.91974e-01	-2.01684e-01	-2.12789e-01	-2.24668e-01	-2.68032e-01	6.58319e+00	1.71544e+01
Sensitivity vector: 
dXdS[0] = -1.70696e-01
dXdS[1] = -1.94446e-01
dXdS[2] = -1.25080e-01
dXdS[3] = -1.47802e-01
dXdS[4] = -9.53390e-02
dXdS[5] = -1.74855e-01
dXdS[6] = -2.92853e-02
dXdS[7] = -1.96779e-02
dXdS[8] = 1.13415e-02
dXdS[9] = 1.32913e-02
dXdS[10] = 4.43564e-02
dXdS[11] = 7.36338e-02
dXdS[12] = 7.94450e-02
dXdS[13] = 8.55706e-02
dXdS[14] = 1.09684e-01
dXdS[15] = 1.14310e-01
dXdS[16] = 1.42360e-01
dXdS[17] = 1.41973e-01
dXdS[18] = 1.52609e-01
dXdS[19] = 7.32360e-02
dXdS[20] = 1.00306e-01
dXdS[21] = 1.27256e-01
dXdS[22] = 1.52075e-01
dXdS[23] = 1.70023e-01
dXdS[24] = 2.00712e-01
dXdS[25] = 2.18286e-01
dXdS[26] = 2.40922e-01
dXdS[27] = 2.56755e-01
dXdS[28] = 2.74566e-01
dXdS[29] = 2.89800e-01
dXdS[30] = 3.05159e-01
dXdS[31] = 3.20614e-01
dXdS[32] = 3.36126e-01
dXdS[33] = 3.62776e-01
dXdS[34] = 4.27418e-01
dXdS[35] = 4.54739e-01
dXdS[36] = 4.82290e-01
dXdS[37] = 5.11444e-01
dXdS[38] = 5.36138e-01
dXdS[39] = 5.63370e-01
dXdS[40] = 5.91310e-01
dXdS[41] = 6.20181e-01
dXdS[42] = 6.52037e-01
dXdS[43] = 6.84543e-01
dXdS[44] = 7.18457e-01
dXdS[45] = 7.55722e-01
dXdS[46] = 7.98186e-01
dXdS[47] = 8.43503e-01
dXdS[48] = 1.00000e+00
dXdS[49] = -9.49148e-02
dXdS[50] = 3.06220e-01


Iteration: 41
Index of specified variable before Newton's method: 48
Temperature before Newton's method: 7.08969e+02 K
Pressure before Newton's method: 2.98854e+07 Pa
Interpolation Scheme: Polynomial (Cubic)
Mixed error in Newton's method (should be < 1): 2.63244e-01
Nº of Newton iterations: 3
Delta of specified variable for the next iteration: 6.05486e-02
Next Iteration variable updated index: 48
lnK[0]		lnK[1]		lnK[2]		lnK[3]		lnK[4]		lnK[5]		lnK[6]		lnK[7]		lnK[8]		lnK[9]		lnK[10]		lnK[11]		lnK[12]		lnK[13]		lnK[14]		lnK[15]		lnK[16]		lnK[17]		lnK[18]		lnK[19]		lnK[20]		lnK[21]		lnK[22]		lnK[23]		lnK[24]		lnK[25]		lnK[26]		lnK[27]		lnK[28]		lnK[29]		lnK[30]		lnK[31]		lnK[32]		lnK[33]		lnK[34]		lnK[35]		lnK[36]		lnK[37]		lnK[38]		lnK[39]		lnK[40]		lnK[41]		lnK[42]		lnK[43]		lnK[44]		lnK[45]		lnK[46]		lnK[47]		lnK[48]		lnT(K)		lnP(Pa)		
1.01446e-02	1.17449e-02	6.97673e-03	8.64753e-03	5.12334e-03	1.04525e-02	7.63211e-04	9.83421e-05	-1.93830e-03	-2.08943e-03	-4.14735e-03	-6.05768e-03	-6.55202e-03	-6.89585e-03	-8.45316e-03	-8.86211e-03	-1.07192e-02	-1.07053e-02	-1.14212e-02	-6.05987e-03	-7.85046e-03	-9.62741e-03	-1.12700e-02	-1.24480e-02	-1.44563e-02	-1.56355e-02	-1.70844e-02	-1.81157e-02	-1.92743e-02	-2.02400e-02	-2.12090e-02	-2.21789e-02	-2.31464e-02	-2.44842e-02	-2.97885e-02	-3.15938e-02	-3.33733e-02	-3.52844e-02	-3.68684e-02	-3.86078e-02	-4.04003e-02	-4.22659e-02	-4.43195e-02	-4.64060e-02	-4.86051e-02	-5.10176e-02	-5.37852e-02	-5.67509e-02	-6.80321e-02	6.56381e+00	1.72129e+01
Sensitivity vector: 
dXdS[0] = -1.51984e-01
dXdS[1] = -1.75535e-01
dXdS[2] = -1.05569e-01
dXdS[3] = -1.29853e-01
dXdS[4] = -7.79656e-02
dXdS[5] = -1.56458e-01
dXdS[6] = -1.36037e-02
dXdS[7] = -3.85715e-03
dXdS[8] = 2.62320e-02
dXdS[9] = 2.84117e-02
dXdS[10] = 5.87727e-02
dXdS[11] = 8.70259e-02
dXdS[12] = 9.40782e-02
dXdS[13] = 9.92874e-02
dXdS[14] = 1.22351e-01
dXdS[15] = 1.28159e-01
dXdS[16] = 1.55559e-01
dXdS[17] = 1.55328e-01
dXdS[18] = 1.65866e-01
dXdS[19] = 8.69897e-02
dXdS[20] = 1.13412e-01
dXdS[21] = 1.39646e-01
dXdS[22] = 1.63883e-01
dXdS[23] = 1.81285e-01
dXdS[24] = 2.10968e-01
dXdS[25] = 2.28332e-01
dXdS[26] = 2.49820e-01
dXdS[27] = 2.65074e-01
dXdS[28] = 2.82213e-01
dXdS[29] = 2.96557e-01
dXdS[30] = 3.10960e-01
dXdS[31] = 3.25388e-01
dXdS[32] = 3.39795e-01
dXdS[33] = 3.60466e-01
dXdS[34] = 4.36473e-01
dXdS[35] = 4.63116e-01
dXdS[36] = 4.89470e-01
dXdS[37] = 5.17709e-01
dXdS[38] = 5.41192e-01
dXdS[39] = 5.66996e-01
dXdS[40] = 5.93570e-01
dXdS[41] = 6.21197e-01
dXdS[42] = 6.51619e-01
dXdS[43] = 6.82549e-01
dXdS[44] = 7.15098e-01
dXdS[45] = 7.50814e-01
dXdS[46] = 7.91745e-01
dXdS[47] = 8.35580e-01
dXdS[48] = 1.00000e+00
dXdS[49] = -9.88146e-02
dXdS[50] = 2.78556e-01


Iteration: 42
Index of specified variable before Newton's method: 48
Temperature before Newton's method: 7.04716e+02 K
Pressure before Newton's method: 3.03860e+07 Pa
Interpolation Scheme: Polynomial (Cubic)
Mixed error in Newton's method (should be < 1): 2.77109e-01
Nº of Newton iterations: 3
Delta of specified variable for the next iteration: 6.66034e-03
Next Iteration variable updated index: 48
lnK[0]		lnK[1]		lnK[2]		lnK[3]		lnK[4]		lnK[5]		lnK[6]		lnK[7]		lnK[8]		lnK[9]		lnK[10]		lnK[11]		lnK[12]		lnK[13]		lnK[14]		lnK[15]		lnK[16]		lnK[17]		lnK[18]		lnK[19]		lnK[20]		lnK[21]		lnK[22]		lnK[23]		lnK[24]		lnK[25]		lnK[26]		lnK[27]		lnK[28]		lnK[29]		lnK[30]		lnK[31]		lnK[32]		lnK[33]		lnK[34]		lnK[35]		lnK[36]		lnK[37]		lnK[38]		lnK[39]		lnK[40]		lnK[41]		lnK[42]		lnK[43]		lnK[44]		lnK[45]		lnK[46]		lnK[47]		lnK[48]		lnT(K)		lnP(Pa)		
1.09712e-03	1.27295e-03	7.47634e-04	9.33269e-04	5.46164e-04	1.13133e-03	6.83499e-05	-4.96382e-06	-2.27984e-04	-2.44890e-04	-4.70524e-04	-6.79507e-04	-7.35309e-04	-7.72098e-04	-9.42254e-04	-9.88597e-04	-1.19219e-03	-1.19085e-03	-1.26950e-03	-6.80209e-04	-8.76497e-04	-1.07121e-03	-1.25129e-03	-1.38029e-03	-1.60013e-03	-1.72964e-03	-1.88776e-03	-2.00057e-03	-2.12728e-03	-2.23252e-03	-2.33806e-03	-2.44360e-03	-2.54880e-03	-2.68926e-03	-3.28582e-03	-3.48369e-03	-3.67813e-03	-3.88737e-03	-4.06029e-03	-4.25006e-03	-4.44574e-03	-4.64960e-03	-4.87393e-03	-5.10172e-03	-5.34213e-03	-5.60581e-03	-5.90859e-03	-6.23322e-03	-7.48353e-03	6.55780e+00	1.72295e+01
Sensitivity vector: 
dXdS[0] = -1.46910e-01
dXdS[1] = -1.70408e-01
dXdS[2] = -1.00227e-01
dXdS[3] = -1.25002e-01
dXdS[4] = -7.32653e-02
dXdS[5] = -1.51476e-01
dXdS[6] = -9.38693e-03
dXdS[7] = 4.06601e-04
dXdS[8] = 3.02246e-02
dXdS[9] = 3.24791e-02
dXdS[10] = 6.26420e-02
dXdS[11] = 9.05863e-02
dXdS[12] = 9.80187e-02
dXdS[13] = 1.02952e-01
dXdS[14] = 1.25709e-01
dXdS[15] = 1.31878e-01
dXdS[16] = 1.59095e-01
dXdS[17] = 1.58913e-01
dXdS[18] = 1.69424e-01
dXdS[19] = 9.06730e-02
dXdS[20] = 1.16914e-01
dXdS[21] = 1.42944e-01
dXdS[22] = 1.67019e-01
dXdS[23] = 1.84265e-01
dXdS[24] = 2.13660e-01
dXdS[25] = 2.30970e-01
dXdS[26] = 2.52119e-01
dXdS[27] = 2.67205e-01
dXdS[28] = 2.84149e-01
dXdS[29] = 2.98228e-01
dXdS[30] = 3.12349e-01
dXdS[31] = 3.26471e-01
dXdS[32] = 3.40548e-01
dXdS[33] = 3.59432e-01
dXdS[34] = 4.38926e-01
dXdS[35] = 4.65378e-01
dXdS[36] = 4.91383e-01
dXdS[37] = 5.19359e-01
dXdS[38] = 5.42488e-01
dXdS[39] = 5.67872e-01
dXdS[40] = 5.94046e-01
dXdS[41] = 6.21309e-01
dXdS[42] = 6.51312e-01
dXdS[43] = 6.81779e-01
dXdS[44] = 7.13929e-01
dXdS[45] = 7.49193e-01
dXdS[46] = 7.89679e-01
dXdS[47] = 8.33086e-01
dXdS[48] = 1.00000e+00
dXdS[49] = -1.00998e-01
dXdS[50] = 2.73519e-01


Iteration: 43
Index of specified variable before Newton's method: 48
Temperature before Newton's method: 7.04242e+02 K
Pressure before Newton's method: 3.04413e+07 Pa
Interpolation Scheme: Linear
Mixed error in Newton's method (should be < 1): 2.49440e-01
Nº of Newton iterations: 45
Delta of specified variable for the next iteration: 1.66509e-03
Next Iteration variable updated index: 50
lnK[0]		lnK[1]		lnK[2]		lnK[3]		lnK[4]		lnK[5]		lnK[6]		lnK[7]		lnK[8]		lnK[9]		lnK[10]		lnK[11]		lnK[12]		lnK[13]		lnK[14]		lnK[15]		lnK[16]		lnK[17]		lnK[18]		lnK[19]		lnK[20]		lnK[21]		lnK[22]		lnK[23]		lnK[24]		lnK[25]		lnK[26]		lnK[27]		lnK[28]		lnK[29]		lnK[30]		lnK[31]		lnK[32]		lnK[33]		lnK[34]		lnK[35]		lnK[36]		lnK[37]		lnK[38]		lnK[39]		lnK[40]		lnK[41]		lnK[42]		lnK[43]		lnK[44]		lnK[45]		lnK[46]		lnK[47]		lnK[48]		lnT(K)		lnP(Pa)		
1.20457e-04	1.39799e-04	8.19952e-05	1.02444e-04	5.98660e-05	1.24230e-04	7.32900e-06	-7.39157e-07	-2.52596e-05	-2.71218e-05	-5.19319e-05	-7.49102e-05	-8.10719e-05	-8.51028e-05	-1.03804e-04	-1.08923e-04	-1.31310e-04	-1.31164e-04	-1.39816e-04	-7.49880e-05	-9.65701e-05	-1.17977e-04	-1.37778e-04	-1.51959e-04	-1.76125e-04	-1.90370e-04	-2.07744e-04	-2.20145e-04	-2.34073e-04	-2.45635e-04	-2.57228e-04	-2.68822e-04	-2.80375e-04	-2.95711e-04	-3.61548e-04	-3.83304e-04	-4.04673e-04	-4.27676e-04	-4.46677e-04	-4.67528e-04	-4.89031e-04	-5.11435e-04	-5.36089e-04	-5.61120e-04	-5.87544e-04	-6.16525e-04	-6.49807e-04	-6.85495e-04	-8.23188e-04	6.55703e+00	1.72316e+01
Sensitivity vector: 
dXdS[0] = -1.46374e-01
dXdS[1] = -1.69859e-01
dXdS[2] = -9.96779e-02
dXdS[3] = -1.24490e-01
dXdS[4] = -7.27773e-02
dXdS[5] = -1.50938e-01
dXdS[6] = -8.94871e-03
dXdS[7] = 8.46166e-04
dXdS[8] = 3.06336e-02
dXdS[9] = 3.28987e-02
dXdS[10] = 6.30424e-02
dXdS[11] = 9.09416e-02
dXdS[12] = 9.83992e-02
dXdS[13] = 1.03312e-01
dXdS[14] = 1.26042e-01
dXdS[15] = 1.32237e-01
dXdS[16] = 1.59436e-01
dXdS[17] = 1.59260e-01
dXdS[18] = 1.69763e-01
dXdS[19] = 9.10563e-02
dXdS[20] = 1.17281e-01
dXdS[21] = 1.43295e-01
dXdS[22] = 1.67356e-01
dXdS[23] = 1.84590e-01
dXdS[24] = 2.13964e-01
dXdS[25] = 2.31265e-01
dXdS[26] = 2.52386e-01
dXdS[27] = 2.67457e-01
dXdS[28] = 2.84385e-01
dXdS[29] = 2.98441e-01
dXdS[30] = 3.12538e-01
dXdS[31] = 3.26635e-01
dXdS[32] = 3.40685e-01
dXdS[33] = 3.59462e-01
dXdS[34] = 4.39188e-01
dXdS[35] = 4.65624e-01
dXdS[36] = 4.91599e-01
dXdS[37] = 5.19554e-01
dXdS[38] = 5.42655e-01
dXdS[39] = 5.68006e-01
dXdS[40] = 5.94147e-01
dXdS[41] = 6.21380e-01
dXdS[42] = 6.51348e-01
dXdS[43] = 6.81777e-01
dXdS[44] = 7.13892e-01
dXdS[45] = 7.49116e-01
dXdS[46] = 7.89564e-01
dXdS[47] = 8.32933e-01
dXdS[48] = 1.00000e+00
dXdS[49] = -4.97231e-01
dXdS[50] = 1.33932e+00


Iteration: 44
Index of specified variable before Newton's method: 50
Temperature before Newton's method: 7.03596e+02 K
Pressure before Newton's method: 3.05166e+07 Pa
Interpolation Scheme: Linear
Mixed error in Newton's method (should be < 1): 1.90940e+03
Nº of Newton iterations: 500
Delta of specified variable for the next iteration: 4.16271e-04
Next Iteration variable updated index: 48
lnK[0]		lnK[1]		lnK[2]		lnK[3]		lnK[4]		lnK[5]		lnK[6]		lnK[7]		lnK[8]		lnK[9]		lnK[10]		lnK[11]		lnK[12]		lnK[13]		lnK[14]		lnK[15]		lnK[16]		lnK[17]		lnK[18]		lnK[19]		lnK[20]		lnK[21]		lnK[22]		lnK[23]		lnK[24]		lnK[25]		lnK[26]		lnK[27]		lnK[28]		lnK[29]		lnK[30]		lnK[31]		lnK[32]		lnK[33]		lnK[34]		lnK[35]		lnK[36]		lnK[37]		lnK[38]		lnK[39]		lnK[40]		lnK[41]		lnK[42]		lnK[43]		lnK[44]		lnK[45]		lnK[46]		lnK[47]		lnK[48]		lnT(K)		lnP(Pa)		
-9.27064e-04	-1.07618e-03	-6.30414e-04	-7.88239e-04	-4.59982e-04	-9.56155e-04	-5.50203e-05	7.20330e-06	1.96186e-04	2.10581e-04	4.01835e-04	5.78881e-04	6.26493e-04	6.57500e-04	8.01613e-04	8.41188e-04	1.01376e-03	1.01266e-03	1.07935e-03	5.79569e-04	7.45941e-04	9.10959e-04	1.06360e-03	1.17291e-03	1.35919e-03	1.46901e-03	1.60288e-03	1.69846e-03	1.80580e-03	1.89488e-03	1.98420e-03	2.07351e-03	2.16250e-03	2.28035e-03	2.78893e-03	2.95663e-03	3.12132e-03	3.29862e-03	3.44504e-03	3.60571e-03	3.77141e-03	3.94407e-03	4.13406e-03	4.32695e-03	4.53059e-03	4.75393e-03	5.01044e-03	5.28551e-03	6.34791e-03	6.55641e+00	1.72332e+01
Sensitivity vector: 
dXdS[0] = -5.41839e-01
dXdS[1] = -6.29135e-01
dXdS[2] = -3.68097e-01
dXdS[3] = -4.60600e-01
dXdS[4] = -2.68434e-01
dXdS[5] = -5.58890e-01
dXdS[6] = -3.14212e-02
dXdS[7] = 5.02023e-03
dXdS[8] = 1.15617e-01
dXdS[9] = 1.24061e-01
dXdS[10] = 2.36002e-01
dXdS[11] = 3.39603e-01
dXdS[12] = 3.67554e-01
dXdS[13] = 3.85654e-01
dXdS[14] = 4.69974e-01
dXdS[15] = 4.93216e-01
dXdS[16] = 5.94220e-01
dXdS[17] = 5.93585e-01
dXdS[18] = 6.32628e-01
dXdS[19] = 3.40030e-01
dXdS[20] = 4.37406e-01
dXdS[21] = 5.33985e-01
dXdS[22] = 6.23327e-01
dXdS[23] = 6.87297e-01
dXdS[24] = 7.96307e-01
dXdS[25] = 8.60596e-01
dXdS[26] = 9.38916e-01
dXdS[27] = 9.94842e-01
dXdS[28] = 1.05765e+00
dXdS[29] = 1.10976e+00
dXdS[30] = 1.16200e+00
dXdS[31] = 1.21423e+00
dXdS[32] = 1.26627e+00
dXdS[33] = 1.33492e+00
dXdS[34] = 1.63338e+00
dXdS[35] = 1.73154e+00
dXdS[36] = 1.82789e+00
dXdS[37] = 1.93165e+00
dXdS[38] = 2.01732e+00
dXdS[39] = 2.11130e+00
dXdS[40] = 2.20824e+00
dXdS[41] = 2.30926e+00
dXdS[42] = 2.42042e+00
dXdS[43] = 2.53327e+00
dXdS[44] = 2.65242e+00
dXdS[45] = 2.78310e+00
dXdS[46] = 2.93321e+00
dXdS[47] = 3.09418e+00
dXdS[48] = 3.71671e+00
dXdS[49] = -3.72639e-01
dXdS[50] = 1.00000e+00


Iteration: 45
Index of specified variable before Newton's method: 48
Temperature before Newton's method: 7.03634e+02 K
Pressure before Newton's method: 3.05121e+07 Pa
Interpolation Scheme: Polynomial (Cubic)
Mixed error in Newton's method (should be < 1): 9.23438e-01
Nº of Newton iterations: 4
Delta of specified variable for the next iteration: 2.08136e-04
Next Iteration variable updated index: 48
lnK[0]		lnK[1]		lnK[2]		lnK[3]		lnK[4]		lnK[5]		lnK[6]		lnK[7]		lnK[8]		lnK[9]		lnK[10]		lnK[11]		lnK[12]		lnK[13]		lnK[14]		lnK[15]		lnK[16]		lnK[17]		lnK[18]		lnK[19]		lnK[20]		lnK[21]		lnK[22]		lnK[23]		lnK[24]		lnK[25]		lnK[26]		lnK[27]		lnK[28]		lnK[29]		lnK[30]		lnK[31]		lnK[32]		lnK[33]		lnK[34]		lnK[35]		lnK[36]		lnK[37]		lnK[38]		lnK[39]		lnK[40]		lnK[41]		lnK[42]		lnK[43]		lnK[44]		lnK[45]		lnK[46]		lnK[47]		lnK[48]		lnT(K)		lnP(Pa)		
-9.87743e-04	-1.14663e-03	-6.71634e-04	-8.39820e-04	-4.90040e-04	-1.01874e-03	-5.85339e-05	7.77113e-06	2.09140e-04	2.24481e-04	4.28272e-04	6.16921e-04	6.67664e-04	7.00698e-04	8.54255e-04	8.96433e-04	1.08031e-03	1.07914e-03	1.15021e-03	6.17657e-04	7.94935e-04	9.70770e-04	1.13342e-03	1.24989e-03	1.44838e-03	1.56540e-03	1.70805e-03	1.80988e-03	1.92426e-03	2.01918e-03	2.11434e-03	2.20950e-03	2.30432e-03	2.42986e-03	2.97187e-03	3.15057e-03	3.32604e-03	3.51497e-03	3.67099e-03	3.84218e-03	4.01873e-03	4.20271e-03	4.40514e-03	4.61067e-03	4.82766e-03	5.06564e-03	5.33896e-03	5.63206e-03	6.76418e-03	6.55637e+00	1.72333e+01
Sensitivity vector: 
dXdS[0] = -1.45750e-01
dXdS[1] = -1.69239e-01
dXdS[2] = -9.89988e-02
dXdS[3] = -1.23894e-01
dXdS[4] = -7.21901e-02
dXdS[5] = -1.50341e-01
dXdS[6] = -8.42434e-03
dXdS[7] = 1.38152e-03
dXdS[8] = 3.11366e-02
dXdS[9] = 3.34084e-02
dXdS[10] = 6.35251e-02
dXdS[11] = 9.13995e-02
dXdS[12] = 9.89257e-02
dXdS[13] = 1.03792e-01
dXdS[14] = 1.26475e-01
dXdS[15] = 1.32734e-01
dXdS[16] = 1.59908e-01
dXdS[17] = 1.59738e-01
dXdS[18] = 1.70243e-01
dXdS[19] = 9.15125e-02
dXdS[20] = 1.17710e-01
dXdS[21] = 1.43693e-01
dXdS[22] = 1.67729e-01
dXdS[23] = 1.84939e-01
dXdS[24] = 2.14264e-01
dXdS[25] = 2.31562e-01
dXdS[26] = 2.52630e-01
dXdS[27] = 2.67676e-01
dXdS[28] = 2.84574e-01
dXdS[29] = 2.98590e-01
dXdS[30] = 3.12642e-01
dXdS[31] = 3.26691e-01
dXdS[32] = 3.40689e-01
dXdS[33] = 3.59131e-01
dXdS[34] = 4.39486e-01
dXdS[35] = 4.65893e-01
dXdS[36] = 4.91814e-01
dXdS[37] = 5.19728e-01
dXdS[38] = 5.42772e-01
dXdS[39] = 5.68055e-01
dXdS[40] = 5.94132e-01
dXdS[41] = 6.21308e-01
dXdS[42] = 6.51211e-01
dXdS[43] = 6.81567e-01
dXdS[44] = 7.13622e-01
dXdS[45] = 7.48778e-01
dXdS[46] = 7.89159e-01
dXdS[47] = 8.32464e-01
dXdS[48] = 1.00000e+00
dXdS[49] = -1.06574e-01
dXdS[50] = 2.85922e-01


Iteration: 46
Index of specified variable before Newton's method: 48
Temperature before Newton's method: 7.03698e+02 K
Pressure before Newton's method: 3.05046e+07 Pa
Interpolation Scheme: Polynomial (Cubic)
Mixed error in Newton's method (should be < 1): 5.78117e-01
Nº of Newton iterations: 2
Delta of specified variable for the next iteration: 4.16271e-04
Next Iteration variable updated index: 48
lnK[0]		lnK[1]		lnK[2]		lnK[3]		lnK[4]		lnK[5]		lnK[6]		lnK[7]		lnK[8]		lnK[9]		lnK[10]		lnK[11]		lnK[12]		lnK[13]		lnK[14]		lnK[15]		lnK[16]		lnK[17]		lnK[18]		lnK[19]		lnK[20]		lnK[21]		lnK[22]		lnK[23]		lnK[24]		lnK[25]		lnK[26]		lnK[27]		lnK[28]		lnK[29]		lnK[30]		lnK[31]		lnK[32]		lnK[33]		lnK[34]		lnK[35]		lnK[36]		lnK[37]		lnK[38]		lnK[39]		lnK[40]		lnK[41]		lnK[42]		lnK[43]		lnK[44]		lnK[45]		lnK[46]		lnK[47]		lnK[48]		lnT(K)		lnP(Pa)		
-1.01808e-03	-1.18186e-03	-6.92238e-04	-8.65605e-04	-5.05064e-04	-1.05003e-03	-6.02864e-05	8.05948e-06	2.15621e-04	2.31436e-04	4.41495e-04	6.35945e-04	6.88253e-04	7.22300e-04	8.80579e-04	9.24059e-04	1.11360e-03	1.11239e-03	1.18564e-03	6.36705e-04	8.19436e-04	1.00068e-03	1.16833e-03	1.28838e-03	1.49297e-03	1.61359e-03	1.76063e-03	1.86560e-03	1.98349e-03	2.08133e-03	2.17942e-03	2.27750e-03	2.37523e-03	2.50461e-03	3.06334e-03	3.24754e-03	3.42841e-03	3.62314e-03	3.78396e-03	3.96041e-03	4.14240e-03	4.33202e-03	4.54069e-03	4.75253e-03	4.97619e-03	5.22149e-03	5.50322e-03	5.80533e-03	6.97232e-03	6.55635e+00	1.72334e+01
Sensitivity vector: 
dXdS[0] = -1.45735e-01
dXdS[1] = -1.69222e-01
dXdS[2] = -9.89856e-02
dXdS[3] = -1.23879e-01
dXdS[4] = -7.21773e-02
dXdS[5] = -1.50323e-01
dXdS[6] = -8.41270e-03
dXdS[7] = 1.39256e-03
dXdS[8] = 3.11465e-02
dXdS[9] = 3.34191e-02
dXdS[10] = 6.35355e-02
dXdS[11] = 9.14067e-02
dXdS[12] = 9.89309e-02
dXdS[13] = 1.03798e-01
dXdS[14] = 1.26482e-01
dXdS[15] = 1.32739e-01
dXdS[16] = 1.59913e-01
dXdS[17] = 1.59742e-01
dXdS[18] = 1.70247e-01
dXdS[19] = 9.15228e-02
dXdS[20] = 1.17721e-01
dXdS[21] = 1.43704e-01
dXdS[22] = 1.67740e-01
dXdS[23] = 1.84950e-01
dXdS[24] = 2.14277e-01
dXdS[25] = 2.31573e-01
dXdS[26] = 2.52643e-01
dXdS[27] = 2.67688e-01
dXdS[28] = 2.84586e-01
dXdS[29] = 2.98602e-01
dXdS[30] = 3.12655e-01
dXdS[31] = 3.26705e-01
dXdS[32] = 3.40703e-01
dXdS[33] = 3.59157e-01
dXdS[34] = 4.39494e-01
dXdS[35] = 4.65901e-01
dXdS[36] = 4.91823e-01
dXdS[37] = 5.19737e-01
dXdS[38] = 5.42782e-01
dXdS[39] = 5.68066e-01
dXdS[40] = 5.94144e-01
dXdS[41] = 6.21320e-01
dXdS[42] = 6.51224e-01
dXdS[43] = 6.81581e-01
dXdS[44] = 7.13636e-01
dXdS[45] = 7.48792e-01
dXdS[46] = 7.89173e-01
dXdS[47] = 8.32479e-01
dXdS[48] = 1.00000e+00
dXdS[49] = -1.00264e-01
dXdS[50] = 2.68955e-01


Iteration: 47
Index of specified variable before Newton's method: 48
Temperature before Newton's method: 7.03658e+02 K
Pressure before Newton's method: 3.05093e+07 Pa
Interpolation Scheme: Polynomial (Cubic)
Mixed error in Newton's method (should be < 1): 5.56200e-01
Nº of Newton iterations: 2
Delta of specified variable for the next iteration: 8.32543e-04
Next Iteration variable updated index: 48
lnK[0]		lnK[1]		lnK[2]		lnK[3]		lnK[4]		lnK[5]		lnK[6]		lnK[7]		lnK[8]		lnK[9]		lnK[10]		lnK[11]		lnK[12]		lnK[13]		lnK[14]		lnK[15]		lnK[16]		lnK[17]		lnK[18]		lnK[19]		lnK[20]		lnK[21]		lnK[22]		lnK[23]		lnK[24]		lnK[25]		lnK[26]		lnK[27]		lnK[28]		lnK[29]		lnK[30]		lnK[31]		lnK[32]		lnK[33]		lnK[34]		lnK[35]		lnK[36]		lnK[37]		lnK[38]		lnK[39]		lnK[40]		lnK[41]		lnK[42]		lnK[43]		lnK[44]		lnK[45]		lnK[46]		lnK[47]		lnK[48]		lnT(K)		lnP(Pa)		
-1.07874e-03	-1.25229e-03	-7.33436e-04	-9.17166e-04	-5.35103e-04	-1.11260e-03	-6.37827e-05	8.64488e-06	2.28592e-04	2.45352e-04	4.67948e-04	6.74000e-04	7.29440e-04	7.65513e-04	9.33234e-04	9.79319e-04	1.18017e-03	1.17889e-03	1.25651e-03	6.74808e-04	8.68444e-04	1.06050e-03	1.23816e-03	1.36538e-03	1.58218e-03	1.70999e-03	1.86580e-03	1.97703e-03	2.10196e-03	2.20563e-03	2.30957e-03	2.41350e-03	2.51706e-03	2.65412e-03	3.24629e-03	3.44148e-03	3.63314e-03	3.83950e-03	4.00990e-03	4.19688e-03	4.38972e-03	4.59066e-03	4.81177e-03	5.03625e-03	5.27326e-03	5.53319e-03	5.83172e-03	6.15186e-03	7.38859e-03	6.55631e+00	1.72335e+01
Sensitivity vector: 
dXdS[0] = -1.45701e-01
dXdS[1] = -1.69188e-01
dXdS[2] = -9.89501e-02
dXdS[3] = -1.23847e-01
dXdS[4] = -7.21462e-02
dXdS[5] = -1.50290e-01
dXdS[6] = -8.38486e-03
dXdS[7] = 1.42074e-03
dXdS[8] = 3.11729e-02
dXdS[9] = 3.34459e-02
dXdS[10] = 6.35610e-02
dXdS[11] = 9.14301e-02
dXdS[12] = 9.89570e-02
dXdS[13] = 1.03822e-01
dXdS[14] = 1.26504e-01
dXdS[15] = 1.32763e-01
dXdS[16] = 1.59936e-01
dXdS[17] = 1.59766e-01
dXdS[18] = 1.70270e-01
dXdS[19] = 9.15471e-02
dXdS[20] = 1.17744e-01
dXdS[21] = 1.43726e-01
dXdS[22] = 1.67761e-01
dXdS[23] = 1.84969e-01
dXdS[24] = 2.14294e-01
dXdS[25] = 2.31591e-01
dXdS[26] = 2.52658e-01
dXdS[27] = 2.67702e-01
dXdS[28] = 2.84599e-01
dXdS[29] = 2.98613e-01
dXdS[30] = 3.12664e-01
dXdS[31] = 3.26711e-01
dXdS[32] = 3.40708e-01
dXdS[33] = 3.59149e-01
dXdS[34] = 4.39510e-01
dXdS[35] = 4.65916e-01
dXdS[36] = 4.91835e-01
dXdS[37] = 5.19748e-01
dXdS[38] = 5.42790e-01
dXdS[39] = 5.68071e-01
dXdS[40] = 5.94147e-01
dXdS[41] = 6.21321e-01
dXdS[42] = 6.51221e-01
dXdS[43] = 6.81576e-01
dXdS[44] = 7.13628e-01
dXdS[45] = 7.48781e-01
dXdS[46] = 7.89159e-01
dXdS[47] = 8.32462e-01
dXdS[48] = 1.00000e+00
dXdS[49] = -1.00140e-01
dXdS[50] = 2.68546e-01


Iteration: 48
Index of specified variable before Newton's method: 48
Temperature before Newton's method: 7.03606e+02 K
Pressure before Newton's method: 3.05153e+07 Pa
Interpolation Scheme: Polynomial (Cubic)
Mixed error in Newton's method (should be < 1): 1.92800e-02
Nº of Newton iterations: 2
Delta of specified variable for the next iteration: 1.66509e-03
Next Iteration variable updated index: 48
lnK[0]		lnK[1]		lnK[2]		lnK[3]		lnK[4]		lnK[5]		lnK[6]		lnK[7]		lnK[8]		lnK[9]		lnK[10]		lnK[11]		lnK[12]		lnK[13]		lnK[14]		lnK[15]		lnK[16]		lnK[17]		lnK[18]		lnK[19]		lnK[20]		lnK[21]		lnK[22]		lnK[23]		lnK[24]		lnK[25]		lnK[26]		lnK[27]		lnK[28]		lnK[29]		lnK[30]		lnK[31]		lnK[32]		lnK[33]		lnK[34]		lnK[35]		lnK[36]		lnK[37]		lnK[38]		lnK[39]		lnK[40]		lnK[41]		lnK[42]		lnK[43]		lnK[44]		lnK[45]		lnK[46]		lnK[47]		lnK[48]		lnT(K)		lnP(Pa)		
-1.20001e-03	-1.39312e-03	-8.15786e-04	-1.02025e-03	-5.95142e-04	-1.23770e-03	-7.07402e-05	9.85120e-06	2.54567e-04	2.73220e-04	5.20886e-04	7.50139e-04	8.11848e-04	8.51970e-04	1.03857e-03	1.08987e-03	1.31334e-03	1.31192e-03	1.39829e-03	7.51045e-04	9.66490e-04	1.18018e-03	1.37785e-03	1.51939e-03	1.76060e-03	1.90282e-03	2.07616e-03	2.19992e-03	2.33891e-03	2.45424e-03	2.56988e-03	2.68551e-03	2.80072e-03	2.95312e-03	3.61222e-03	3.82939e-03	4.04263e-03	4.27222e-03	4.46181e-03	4.66983e-03	4.88438e-03	5.10794e-03	5.35394e-03	5.60369e-03	5.86738e-03	6.15657e-03	6.48872e-03	6.84491e-03	8.22113e-03	6.55623e+00	1.72337e+01
Sensitivity vector: 
dXdS[0] = -1.45634e-01
dXdS[1] = -1.69120e-01
dXdS[2] = -9.88792e-02
dXdS[3] = -1.23783e-01
dXdS[4] = -7.20840e-02
dXdS[5] = -1.50225e-01
dXdS[6] = -8.32919e-03
dXdS[7] = 1.47707e-03
dXdS[8] = 3.12255e-02
dXdS[9] = 3.34996e-02
dXdS[10] = 6.36121e-02
dXdS[11] = 9.14769e-02
dXdS[12] = 9.90090e-02
dXdS[13] = 1.03871e-01
dXdS[14] = 1.26548e-01
dXdS[15] = 1.32812e-01
dXdS[16] = 1.59983e-01
dXdS[17] = 1.59813e-01
dXdS[18] = 1.70317e-01
dXdS[19] = 9.15957e-02
dXdS[20] = 1.17790e-01
dXdS[21] = 1.43769e-01
dXdS[22] = 1.67802e-01
dXdS[23] = 1.85009e-01
dXdS[24] = 2.14330e-01
dXdS[25] = 2.31625e-01
dXdS[26] = 2.52688e-01
dXdS[27] = 2.67730e-01
dXdS[28] = 2.84624e-01
dXdS[29] = 2.98635e-01
dXdS[30] = 3.12681e-01
dXdS[31] = 3.26725e-01
dXdS[32] = 3.40717e-01
dXdS[33] = 3.59133e-01
dXdS[34] = 4.39543e-01
dXdS[35] = 4.65946e-01
dXdS[36] = 4.91860e-01
dXdS[37] = 5.19770e-01
dXdS[38] = 5.42807e-01
dXdS[39] = 5.68082e-01
dXdS[40] = 5.94152e-01
dXdS[41] = 6.21322e-01
dXdS[42] = 6.51216e-01
dXdS[43] = 6.81564e-01
dXdS[44] = 7.13612e-01
dXdS[45] = 7.48758e-01
dXdS[46] = 7.89130e-01
dXdS[47] = 8.32427e-01
dXdS[48] = 1.00000e+00
dXdS[49] = -1.00161e-01
dXdS[50] = 2.68459e-01


Iteration: 49
Index of specified variable before Newton's method: 48
Temperature before Newton's method: 7.03496e+02 K
Pressure before Newton's method: 3.05281e+07 Pa
Interpolation Scheme: Polynomial (Cubic)
Mixed error in Newton's method (should be < 1): 2.38596e-01
Nº of Newton iterations: 2
Delta of specified variable for the next iteration: 3.33017e-03
Next Iteration variable updated index: 48
lnK[0]		lnK[1]		lnK[2]		lnK[3]		lnK[4]		lnK[5]		lnK[6]		lnK[7]		lnK[8]		lnK[9]		lnK[10]		lnK[11]		lnK[12]		lnK[13]		lnK[14]		lnK[15]		lnK[16]		lnK[17]		lnK[18]		lnK[19]		lnK[20]		lnK[21]		lnK[22]		lnK[23]		lnK[24]		lnK[25]		lnK[26]		lnK[27]		lnK[28]		lnK[29]		lnK[30]		lnK[31]		lnK[32]		lnK[33]		lnK[34]		lnK[35]		lnK[36]		lnK[37]		lnK[38]		lnK[39]		lnK[40]		lnK[41]		lnK[42]		lnK[43]		lnK[44]		lnK[45]		lnK[46]		lnK[47]		lnK[48]		lnT(K)		lnP(Pa)		
-1.44239e-03	-1.67460e-03	-9.80311e-04	-1.22625e-03	-7.15065e-04	-1.48772e-03	-8.45165e-05	1.24043e-05	3.06647e-04	3.29089e-04	6.26891e-04	9.02533e-04	9.76793e-04	1.02500e-03	1.24936e-03	1.31110e-03	1.57980e-03	1.57810e-03	1.68196e-03	9.03640e-04	1.16270e-03	1.41964e-03	1.65732e-03	1.82751e-03	2.11753e-03	2.28855e-03	2.49696e-03	2.64576e-03	2.81288e-03	2.95153e-03	3.09055e-03	3.22955e-03	3.36805e-03	3.55108e-03	4.34415e-03	4.60528e-03	4.86166e-03	5.13771e-03	5.36566e-03	5.61575e-03	5.87370e-03	6.14249e-03	6.43826e-03	6.73853e-03	7.05557e-03	7.40328e-03	7.80264e-03	8.23091e-03	9.88622e-03	6.55606e+00	1.72342e+01
Sensitivity vector: 
dXdS[0] = -1.45500e-01
dXdS[1] = -1.68984e-01
dXdS[2] = -9.87373e-02
dXdS[3] = -1.23655e-01
dXdS[4] = -7.19597e-02
dXdS[5] = -1.50093e-01
dXdS[6] = -8.21796e-03
dXdS[7] = 1.58963e-03
dXdS[8] = 3.13307e-02
dXdS[9] = 3.36069e-02
dXdS[10] = 6.37141e-02
dXdS[11] = 9.15704e-02
dXdS[12] = 9.91130e-02
dXdS[13] = 1.03967e-01
dXdS[14] = 1.26636e-01
dXdS[15] = 1.32910e-01
dXdS[16] = 1.60076e-01
dXdS[17] = 1.59908e-01
dXdS[18] = 1.70411e-01
dXdS[19] = 9.16927e-02
dXdS[20] = 1.17882e-01
dXdS[21] = 1.43856e-01
dXdS[22] = 1.67884e-01
dXdS[23] = 1.85087e-01
dXdS[24] = 2.14400e-01
dXdS[25] = 2.31694e-01
dXdS[26] = 2.52747e-01
dXdS[27] = 2.67785e-01
dXdS[28] = 2.84674e-01
dXdS[29] = 2.98677e-01
dXdS[30] = 3.12716e-01
dXdS[31] = 3.26751e-01
dXdS[32] = 3.40734e-01
dXdS[33] = 3.59102e-01
dXdS[34] = 4.39608e-01
dXdS[35] = 4.66006e-01
dXdS[36] = 4.91911e-01
dXdS[37] = 5.19813e-01
dXdS[38] = 5.42841e-01
dXdS[39] = 5.68104e-01
dXdS[40] = 5.94164e-01
dXdS[41] = 6.21323e-01
dXdS[42] = 6.51206e-01
dXdS[43] = 6.81542e-01
dXdS[44] = 7.13578e-01
dXdS[45] = 7.48712e-01
dXdS[46] = 7.89072e-01
dXdS[47] = 8.32358e-01
dXdS[48] = 1.00000e+00
dXdS[49] = -1.00167e-01
dXdS[50] = 2.68180e-01


Iteration: 50
Index of specified variable before Newton's method: 48
Temperature before Newton's method: 7.03257e+02 K
Pressure before Newton's method: 3.05558e+07 Pa
Interpolation Scheme: Polynomial (Cubic)
Mixed error in Newton's method (should be < 1): 2.10355e-02
Nº of Newton iterations: 2
Delta of specified variable for the next iteration: 6.66034e-03
Next Iteration variable updated index: 48
lnK[0]		lnK[1]		lnK[2]		lnK[3]		lnK[4]		lnK[5]		lnK[6]		lnK[7]		lnK[8]		lnK[9]		lnK[10]		lnK[11]		lnK[12]		lnK[13]		lnK[14]		lnK[15]		lnK[16]		lnK[17]		lnK[18]		lnK[19]		lnK[20]		lnK[21]		lnK[22]		lnK[23]		lnK[24]		lnK[25]		lnK[26]		lnK[27]		lnK[28]		lnK[29]		lnK[30]		lnK[31]		lnK[32]		lnK[33]		lnK[34]		lnK[35]		lnK[36]		lnK[37]		lnK[38]		lnK[39]		lnK[40]		lnK[41]		lnK[42]		lnK[43]		lnK[44]		lnK[45]		lnK[46]		lnK[47]		lnK[48]		lnT(K)		lnP(Pa)		
-1.92648e-03	-2.23690e-03	-1.30865e-03	-1.63762e-03	-9.54290e-04	-1.98712e-03	-1.11514e-04	1.80724e-05	4.11334e-04	4.41363e-04	8.39409e-04	1.20779e-03	1.30720e-03	1.37155e-03	1.67137e-03	1.75404e-03	2.11319e-03	2.11094e-03	2.24977e-03	1.20932e-03	1.55557e-03	1.89899e-03	2.21668e-03	2.44414e-03	2.83176e-03	3.06036e-03	3.33885e-03	3.53771e-03	3.76106e-03	3.94632e-03	4.13207e-03	4.31778e-03	4.50281e-03	4.74685e-03	5.80833e-03	6.15736e-03	6.49997e-03	6.86892e-03	7.17352e-03	7.50771e-03	7.85240e-03	8.21161e-03	8.60686e-03	9.00811e-03	9.43180e-03	9.89647e-03	1.04302e-02	1.10026e-02	1.32164e-02	6.55573e+00	1.72351e+01
Sensitivity vector: 
dXdS[0] = -1.45232e-01
dXdS[1] = -1.68713e-01
dXdS[2] = -9.84540e-02
dXdS[3] = -1.23399e-01
dXdS[4] = -7.17117e-02
dXdS[5] = -1.49830e-01
dXdS[6] = -7.99596e-03
dXdS[7] = 1.81432e-03
dXdS[8] = 3.15407e-02
dXdS[9] = 3.38211e-02
dXdS[10] = 6.39176e-02
dXdS[11] = 9.17570e-02
dXdS[12] = 9.93206e-02
dXdS[13] = 1.04160e-01
dXdS[14] = 1.26812e-01
dXdS[15] = 1.33106e-01
dXdS[16] = 1.60262e-01
dXdS[17] = 1.60097e-01
dXdS[18] = 1.70598e-01
dXdS[19] = 9.18863e-02
dXdS[20] = 1.18066e-01
dXdS[21] = 1.44029e-01
dXdS[22] = 1.68049e-01
dXdS[23] = 1.85243e-01
dXdS[24] = 2.14540e-01
dXdS[25] = 2.31832e-01
dXdS[26] = 2.52866e-01
dXdS[27] = 2.67895e-01
dXdS[28] = 2.84773e-01
dXdS[29] = 2.98762e-01
dXdS[30] = 3.12786e-01
dXdS[31] = 3.26804e-01
dXdS[32] = 3.40769e-01
dXdS[33] = 3.59038e-01
dXdS[34] = 4.39737e-01
dXdS[35] = 4.66125e-01
dXdS[36] = 4.92011e-01
dXdS[37] = 5.19899e-01
dXdS[38] = 5.42908e-01
dXdS[39] = 5.68148e-01
dXdS[40] = 5.94186e-01
dXdS[41] = 6.21325e-01
dXdS[42] = 6.51186e-01
dXdS[43] = 6.81496e-01
dXdS[44] = 7.13511e-01
dXdS[45] = 7.48620e-01
dXdS[46] = 7.88956e-01
dXdS[47] = 8.32219e-01
dXdS[48] = 1.00000e+00
dXdS[49] = -1.00248e-01
dXdS[50] = 2.67807e-01


Iteration: 51
Index of specified variable before Newton's method: 48
Temperature before Newton's method: 7.02792e+02 K
Pressure before Newton's method: 3.06098e+07 Pa
Interpolation Scheme: Polynomial (Cubic)
Mixed error in Newton's method (should be < 1): 4.24292e-03
Nº of Newton iterations: 2
Delta of specified variable for the next iteration: 1.33207e-02
Next Iteration variable updated index: 48
lnK[0]		lnK[1]		lnK[2]		lnK[3]		lnK[4]		lnK[5]		lnK[6]		lnK[7]		lnK[8]		lnK[9]		lnK[10]		lnK[11]		lnK[12]		lnK[13]		lnK[14]		lnK[15]		lnK[16]		lnK[17]		lnK[18]		lnK[19]		lnK[20]		lnK[21]		lnK[22]		lnK[23]		lnK[24]		lnK[25]		lnK[26]		lnK[27]		lnK[28]		lnK[29]		lnK[30]		lnK[31]		lnK[32]		lnK[33]		lnK[34]		lnK[35]		lnK[36]		lnK[37]		lnK[38]		lnK[39]		lnK[40]		lnK[41]		lnK[42]		lnK[43]		lnK[44]		lnK[45]		lnK[46]		lnK[47]		lnK[48]		lnT(K)		lnP(Pa)		
-2.89200e-03	-3.35879e-03	-1.96251e-03	-2.45780e-03	-1.43027e-03	-2.98329e-03	-1.63296e-04	3.16478e-05	6.22799e-04	6.68044e-04	1.26647e-03	1.82016e-03	1.97009e-03	2.06657e-03	2.51714e-03	2.64187e-03	3.18183e-03	3.17849e-03	3.38726e-03	1.82259e-03	2.34315e-03	2.85942e-03	3.33703e-03	3.67895e-03	4.26160e-03	4.60535e-03	5.02381e-03	5.32271e-03	5.65840e-03	5.93674e-03	6.21579e-03	6.49475e-03	6.77268e-03	7.13774e-03	8.73799e-03	9.26270e-03	9.77760e-03	1.03322e-02	1.07899e-02	1.12921e-02	1.18100e-02	1.23499e-02	1.29438e-02	1.35468e-02	1.41836e-02	1.48819e-02	1.56841e-02	1.65445e-02	1.98767e-02	6.55506e+00	1.72368e+01
Sensitivity vector: 
dXdS[0] = -1.44698e-01
dXdS[1] = -1.68174e-01
dXdS[2] = -9.78895e-02
dXdS[3] = -1.22889e-01
dXdS[4] = -7.12176e-02
dXdS[5] = -1.49306e-01
dXdS[6] = -7.55393e-03
dXdS[7] = 2.26174e-03
dXdS[8] = 3.19587e-02
dXdS[9] = 3.42476e-02
dXdS[10] = 6.43229e-02
dXdS[11] = 9.21284e-02
dXdS[12] = 9.97341e-02
dXdS[13] = 1.04543e-01
dXdS[14] = 1.27161e-01
dXdS[15] = 1.33496e-01
dXdS[16] = 1.60632e-01
dXdS[17] = 1.60472e-01
dXdS[18] = 1.70971e-01
dXdS[19] = 9.22717e-02
dXdS[20] = 1.18432e-01
dXdS[21] = 1.44373e-01
dXdS[22] = 1.68376e-01
dXdS[23] = 1.85553e-01
dXdS[24] = 2.14819e-01
dXdS[25] = 2.32105e-01
dXdS[26] = 2.53103e-01
dXdS[27] = 2.68113e-01
dXdS[28] = 2.84970e-01
dXdS[29] = 2.98930e-01
dXdS[30] = 3.12923e-01
dXdS[31] = 3.26908e-01
dXdS[32] = 3.40837e-01
dXdS[33] = 3.58910e-01
dXdS[34] = 4.39995e-01
dXdS[35] = 4.66363e-01
dXdS[36] = 4.92211e-01
dXdS[37] = 5.20071e-01
dXdS[38] = 5.43040e-01
dXdS[39] = 5.68236e-01
dXdS[40] = 5.94229e-01
dXdS[41] = 6.21329e-01
dXdS[42] = 6.51144e-01
dXdS[43] = 6.81404e-01
dXdS[44] = 7.13376e-01
dXdS[45] = 7.48436e-01
dXdS[46] = 7.88724e-01
dXdS[47] = 8.31940e-01
dXdS[48] = 1.00000e+00
dXdS[49] = -1.00364e-01
dXdS[50] = 2.66945e-01


Iteration: 52
Index of specified variable before Newton's method: 48
Temperature before Newton's method: 7.01849e+02 K
Pressure before Newton's method: 3.07188e+07 Pa
Interpolation Scheme: Polynomial (Cubic)
Mixed error in Newton's method (should be < 1): 2.73359e-02
Nº of Newton iterations: 2
Delta of specified variable for the next iteration: 2.66414e-02
Next Iteration variable updated index: 48
lnK[0]		lnK[1]		lnK[2]		lnK[3]		lnK[4]		lnK[5]		lnK[6]		lnK[7]		lnK[8]		lnK[9]		lnK[10]		lnK[11]		lnK[12]		lnK[13]		lnK[14]		lnK[15]		lnK[16]		lnK[17]		lnK[18]		lnK[19]		lnK[20]		lnK[21]		lnK[22]		lnK[23]		lnK[24]		lnK[25]		lnK[26]		lnK[27]		lnK[28]		lnK[29]		lnK[30]		lnK[31]		lnK[32]		lnK[33]		lnK[34]		lnK[35]		lnK[36]		lnK[37]		lnK[38]		lnK[39]		lnK[40]		lnK[41]		lnK[42]		lnK[43]		lnK[44]		lnK[45]		lnK[46]		lnK[47]		lnK[48]		lnT(K)		lnP(Pa)		
-4.81240e-03	-5.59185e-03	-3.25898e-03	-4.08802e-03	-2.37240e-03	-4.96522e-03	-2.58072e-04	6.76958e-05	1.05404e-03	1.12989e-03	2.12866e-03	3.05228e-03	3.30409e-03	3.46422e-03	4.21564e-03	4.42529e-03	5.32645e-03	5.32106e-03	5.66964e-03	3.05681e-03	3.92558e-03	4.78711e-03	5.58423e-03	6.15474e-03	7.12683e-03	7.70076e-03	8.39844e-03	8.89704e-03	9.45699e-03	9.92091e-03	1.03859e-02	1.08507e-02	1.13137e-02	1.19169e-02	1.46024e-02	1.54781e-02	1.63368e-02	1.72622e-02	1.80253e-02	1.88625e-02	1.97261e-02	2.06264e-02	2.16170e-02	2.26223e-02	2.36844e-02	2.48491e-02	2.61874e-02	2.76228e-02	3.31974e-02	6.55372e+00	1.72404e+01
Sensitivity vector: 
dXdS[0] = -1.43639e-01
dXdS[1] = -1.67104e-01
dXdS[2] = -9.67687e-02
dXdS[3] = -1.21879e-01
dXdS[4] = -7.02377e-02
dXdS[5] = -1.48267e-01
dXdS[6] = -6.67763e-03
dXdS[7] = 3.14889e-03
dXdS[8] = 3.27873e-02
dXdS[9] = 3.50930e-02
dXdS[10] = 6.51262e-02
dXdS[11] = 9.28640e-02
dXdS[12] = 1.00554e-01
dXdS[13] = 1.05302e-01
dXdS[14] = 1.27854e-01
dXdS[15] = 1.34269e-01
dXdS[16] = 1.61366e-01
dXdS[17] = 1.61217e-01
dXdS[18] = 1.71710e-01
dXdS[19] = 9.30355e-02
dXdS[20] = 1.19157e-01
dXdS[21] = 1.45054e-01
dXdS[22] = 1.69023e-01
dXdS[23] = 1.86167e-01
dXdS[24] = 2.15372e-01
dXdS[25] = 2.32646e-01
dXdS[26] = 2.53570e-01
dXdS[27] = 2.68544e-01
dXdS[28] = 2.85359e-01
dXdS[29] = 2.99262e-01
dXdS[30] = 3.13193e-01
dXdS[31] = 3.27111e-01
dXdS[32] = 3.40968e-01
dXdS[33] = 3.58649e-01
dXdS[34] = 4.40507e-01
dXdS[35] = 4.66834e-01
dXdS[36] = 4.92606e-01
dXdS[37] = 5.20410e-01
dXdS[38] = 5.43303e-01
dXdS[39] = 5.68407e-01
dXdS[40] = 5.94313e-01
dXdS[41] = 6.21335e-01
dXdS[42] = 6.51059e-01
dXdS[43] = 6.81218e-01
dXdS[44] = 7.13103e-01
dXdS[45] = 7.48066e-01
dXdS[46] = 7.88257e-01
dXdS[47] = 8.31381e-01
dXdS[48] = 1.00000e+00
dXdS[49] = -1.00593e-01
dXdS[50] = 2.65221e-01


Iteration: 53
Index of specified variable before Newton's method: 48
Temperature before Newton's method: 6.99967e+02 K
Pressure before Newton's method: 3.09351e+07 Pa
Interpolation Scheme: Polynomial (Cubic)
Mixed error in Newton's method (should be < 1): 1.83953e-03
Nº of Newton iterations: 2
Delta of specified variable for the next iteration: 5.32565e-02
Next Iteration variable updated index: 48
lnK[0]		lnK[1]		lnK[2]		lnK[3]		lnK[4]		lnK[5]		lnK[6]		lnK[7]		lnK[8]		lnK[9]		lnK[10]		lnK[11]		lnK[12]		lnK[13]		lnK[14]		lnK[15]		lnK[16]		lnK[17]		lnK[18]		lnK[19]		lnK[20]		lnK[21]		lnK[22]		lnK[23]		lnK[24]		lnK[25]		lnK[26]		lnK[27]		lnK[28]		lnK[29]		lnK[30]		lnK[31]		lnK[32]		lnK[33]		lnK[34]		lnK[35]		lnK[36]		lnK[37]		lnK[38]		lnK[39]		lnK[40]		lnK[41]		lnK[42]		lnK[43]		lnK[44]		lnK[45]		lnK[46]		lnK[47]		lnK[48]		lnT(K)		lnP(Pa)		
-8.61127e-03	-1.00156e-02	-5.80752e-03	-7.30845e-03	-4.21785e-03	-8.88793e-03	-4.12944e-04	1.74908e-04	1.94930e-03	2.08703e-03	3.88482e-03	5.54561e-03	6.00452e-03	6.28954e-03	7.64001e-03	8.02269e-03	9.64473e-03	9.63566e-03	1.02636e-02	5.55547e-03	7.11912e-03	8.66945e-03	1.01042e-02	1.11306e-02	1.28791e-02	1.39129e-02	1.51661e-02	1.60627e-02	1.70695e-02	1.79023e-02	1.87368e-02	1.95706e-02	2.04009e-02	2.14647e-02	2.63516e-02	2.79276e-02	2.94709e-02	3.11355e-02	3.25065e-02	3.40100e-02	3.55616e-02	3.71797e-02	3.89597e-02	4.07659e-02	4.26751e-02	4.47687e-02	4.71751e-02	4.97570e-02	5.98388e-02	6.55103e+00	1.72474e+01
Sensitivity vector: 
dXdS[0] = -1.41554e-01
dXdS[1] = -1.64999e-01
dXdS[2] = -9.45598e-02
dXdS[3] = -1.19891e-01
dXdS[4] = -6.83101e-02
dXdS[5] = -1.46223e-01
dXdS[6] = -4.95553e-03
dXdS[7] = 4.89298e-03
dXdS[8] = 3.44148e-02
dXdS[9] = 3.67547e-02
dXdS[10] = 6.67044e-02
dXdS[11] = 9.43069e-02
dXdS[12] = 1.02165e-01
dXdS[13] = 1.06792e-01
dXdS[14] = 1.29211e-01
dXdS[15] = 1.35787e-01
dXdS[16] = 1.62807e-01
dXdS[17] = 1.62680e-01
dXdS[18] = 1.73162e-01
dXdS[19] = 9.45354e-02
dXdS[20] = 1.20580e-01
dXdS[21] = 1.46392e-01
dXdS[22] = 1.70293e-01
dXdS[23] = 1.87370e-01
dXdS[24] = 2.16453e-01
dXdS[25] = 2.33705e-01
dXdS[26] = 2.54483e-01
dXdS[27] = 2.69384e-01
dXdS[28] = 2.86115e-01
dXdS[29] = 2.99903e-01
dXdS[30] = 3.13710e-01
dXdS[31] = 3.27496e-01
dXdS[32] = 3.41209e-01
dXdS[33] = 3.58108e-01
dXdS[34] = 4.41514e-01
dXdS[35] = 4.67761e-01
dXdS[36] = 4.93382e-01
dXdS[37] = 5.21074e-01
dXdS[38] = 5.43814e-01
dXdS[39] = 5.68736e-01
dXdS[40] = 5.94470e-01
dXdS[41] = 6.21334e-01
dXdS[42] = 6.50877e-01
dXdS[43] = 6.80836e-01
dXdS[44] = 7.12550e-01
dXdS[45] = 7.47317e-01
dXdS[46] = 7.87318e-01
dXdS[47] = 8.30259e-01
dXdS[48] = 1.00000e+00
dXdS[49] = -1.01049e-01
dXdS[50] = 2.61809e-01


Iteration: 54
Index of specified variable before Newton's method: 48
Temperature before Newton's method: 6.96194e+02 K
Pressure before Newton's method: 3.13638e+07 Pa
Interpolation Scheme: Polynomial (Cubic)
Mixed error in Newton's method (should be < 1): 4.19038e-03
Nº of Newton iterations: 2
Delta of specified variable for the next iteration: 1.00655e-01
Next Iteration variable updated index: 48
lnK[0]		lnK[1]		lnK[2]		lnK[3]		lnK[4]		lnK[5]		lnK[6]		lnK[7]		lnK[8]		lnK[9]		lnK[10]		lnK[11]		lnK[12]		lnK[13]		lnK[14]		lnK[15]		lnK[16]		lnK[17]		lnK[18]		lnK[19]		lnK[20]		lnK[21]		lnK[22]		lnK[23]		lnK[24]		lnK[25]		lnK[26]		lnK[27]		lnK[28]		lnK[29]		lnK[30]		lnK[31]		lnK[32]		lnK[33]		lnK[34]		lnK[35]		lnK[36]		lnK[37]		lnK[38]		lnK[39]		lnK[40]		lnK[41]		lnK[42]		lnK[43]		lnK[44]		lnK[45]		lnK[46]		lnK[47]		lnK[48]		lnT(K)		lnP(Pa)		
-1.60418e-02	-1.86936e-02	-1.07285e-02	-1.35903e-02	-7.75579e-03	-1.65692e-02	-5.87650e-04	5.25891e-04	3.86636e-03	4.13054e-03	7.51898e-03	1.06426e-02	1.15290e-02	1.20540e-02	1.45914e-02	1.53329e-02	1.83898e-02	1.83752e-02	1.95608e-02	1.06677e-02	1.36144e-02	1.65349e-02	1.92390e-02	2.11713e-02	2.44622e-02	2.64137e-02	2.87657e-02	3.04521e-02	3.23455e-02	3.39065e-02	3.54698e-02	3.70307e-02	3.85837e-02	4.05059e-02	4.99174e-02	5.28870e-02	5.57868e-02	5.89203e-02	6.14943e-02	6.43155e-02	6.72283e-02	7.02688e-02	7.36126e-02	7.70037e-02	8.05929e-02	8.45277e-02	8.90544e-02	9.39135e-02	1.13095e-01	6.54563e+00	1.72612e+01
Sensitivity vector: 
dXdS[0] = -1.37520e-01
dXdS[1] = -1.60924e-01
dXdS[2] = -9.02699e-02
dXdS[3] = -1.16046e-01
dXdS[4] = -6.45813e-02
dXdS[5] = -1.42268e-01
dXdS[6] = -1.63119e-03
dXdS[7] = 8.26233e-03
dXdS[8] = 3.75534e-02
dXdS[9] = 3.99627e-02
dXdS[10] = 6.97491e-02
dXdS[11] = 9.70814e-02
dXdS[12] = 1.05277e-01
dXdS[13] = 1.09663e-01
dXdS[14] = 1.31819e-01
dXdS[15] = 1.38717e-01
dXdS[16] = 1.65585e-01
dXdS[17] = 1.65502e-01
dXdS[18] = 1.75963e-01
dXdS[19] = 9.74269e-02
dXdS[20] = 1.23322e-01
dXdS[21] = 1.48965e-01
dXdS[22] = 1.72733e-01
dXdS[23] = 1.89680e-01
dXdS[24] = 2.18522e-01
dXdS[25] = 2.35731e-01
dXdS[26] = 2.56218e-01
dXdS[27] = 2.70978e-01
dXdS[28] = 2.87542e-01
dXdS[29] = 3.01102e-01
dXdS[30] = 3.14664e-01
dXdS[31] = 3.28185e-01
dXdS[32] = 3.41612e-01
dXdS[33] = 3.56953e-01
dXdS[34] = 4.43464e-01
dXdS[35] = 4.69552e-01
dXdS[36] = 4.94875e-01
dXdS[37] = 5.22347e-01
dXdS[38] = 5.44784e-01
dXdS[39] = 5.69345e-01
dXdS[40] = 5.94736e-01
dXdS[41] = 6.21290e-01
dXdS[42] = 6.50474e-01
dXdS[43] = 6.80037e-01
dXdS[44] = 7.11411e-01
dXdS[45] = 7.45791e-01
dXdS[46] = 7.85415e-01
dXdS[47] = 8.27995e-01
dXdS[48] = 1.00000e+00
dXdS[49] = -1.01938e-01
dXdS[50] = 2.55082e-01


Iteration: 55
Index of specified variable before Newton's method: 48
Temperature before Newton's method: 6.89031e+02 K
Pressure before Newton's method: 3.21594e+07 Pa
Interpolation Scheme: Polynomial (Cubic)
Mixed error in Newton's method (should be < 1): 9.81134e-03
Nº of Newton iterations: 2
Delta of specified variable for the next iteration: 1.90238e-01
Next Iteration variable updated index: 48
lnK[0]		lnK[1]		lnK[2]		lnK[3]		lnK[4]		lnK[5]		lnK[6]		lnK[7]		lnK[8]		lnK[9]		lnK[10]		lnK[11]		lnK[12]		lnK[13]		lnK[14]		lnK[15]		lnK[16]		lnK[17]		lnK[18]		lnK[19]		lnK[20]		lnK[21]		lnK[22]		lnK[23]		lnK[24]		lnK[25]		lnK[26]		lnK[27]		lnK[28]		lnK[29]		lnK[30]		lnK[31]		lnK[32]		lnK[33]		lnK[34]		lnK[35]		lnK[36]		lnK[37]		lnK[38]		lnK[39]		lnK[40]		lnK[41]		lnK[42]		lnK[43]		lnK[44]		lnK[45]		lnK[46]		lnK[47]		lnK[48]		lnT(K)		lnP(Pa)		
-2.95179e-02	-3.45219e-02	-1.94237e-02	-2.49229e-02	-1.39185e-02	-3.05308e-02	-4.51723e-04	1.66208e-03	7.92922e-03	8.44265e-03	1.48141e-02	2.06633e-02	2.24069e-02	2.33504e-02	2.80932e-02	2.95598e-02	3.53071e-02	3.52884e-02	3.75249e-02	2.07347e-02	2.62740e-02	3.17600e-02	3.68442e-02	4.04703e-02	4.66419e-02	5.03218e-02	5.47085e-02	5.78672e-02	6.14123e-02	6.43167e-02	6.72219e-02	7.01188e-02	7.29963e-02	7.63151e-02	9.47309e-02	1.00312e-01	1.05733e-01	1.11611e-01	1.16415e-01	1.21674e-01	1.27110e-01	1.32795e-01	1.39042e-01	1.45372e-01	1.52087e-01	1.59446e-01	1.67926e-01	1.77037e-01	2.13750e-01	6.53529e+00	1.72862e+01
Sensitivity vector: 
dXdS[0] = -1.30345e-01
dXdS[1] = -1.53679e-01
dXdS[2] = -8.25942e-02
dXdS[3] = -1.09226e-01
dXdS[4] = -5.79612e-02
dXdS[5] = -1.35243e-01
dXdS[6] = 4.24680e-03
dXdS[7] = 1.42290e-02
dXdS[8] = 4.30924e-02
dXdS[9] = 4.56365e-02
dXdS[10] = 7.51257e-02
dXdS[11] = 1.01949e-01
dXdS[12] = 1.10786e-01
dXdS[13] = 1.14717e-01
dXdS[14] = 1.36384e-01
dXdS[15] = 1.43894e-01
dXdS[16] = 1.70485e-01
dXdS[17] = 1.70488e-01
dXdS[18] = 1.80909e-01
dXdS[19] = 1.02525e-01
dXdS[20] = 1.28148e-01
dXdS[21] = 1.53484e-01
dXdS[22] = 1.77011e-01
dXdS[23] = 1.93719e-01
dXdS[24] = 2.22119e-01
dXdS[25] = 2.39254e-01
dXdS[26] = 2.59200e-01
dXdS[27] = 2.73695e-01
dXdS[28] = 2.89952e-01
dXdS[29] = 3.03086e-01
dXdS[30] = 3.16189e-01
dXdS[31] = 3.29214e-01
dXdS[32] = 3.42106e-01
dXdS[33] = 3.54520e-01
dXdS[34] = 4.46928e-01
dXdS[35] = 4.72729e-01
dXdS[36] = 4.97499e-01
dXdS[37] = 5.24567e-01
dXdS[38] = 5.46439e-01
dXdS[39] = 5.70330e-01
dXdS[40] = 5.95082e-01
dXdS[41] = 6.21061e-01
dXdS[42] = 6.49578e-01
dXdS[43] = 6.78402e-01
dXdS[44] = 7.09146e-01
dXdS[45] = 7.42809e-01
dXdS[46] = 7.81734e-01
dXdS[47] = 8.23650e-01
dXdS[48] = 1.00000e+00
dXdS[49] = -1.03537e-01
dXdS[50] = 2.42697e-01


Iteration: 56
Index of specified variable before Newton's method: 48
Temperature before Newton's method: 6.75413e+02 K
Pressure before Newton's method: 3.36070e+07 Pa
Interpolation Scheme: Polynomial (Cubic)
Mixed error in Newton's method (should be < 1): 1.90184e-01
Nº of Newton iterations: 2
Delta of specified variable for the next iteration: 2.00000e-01
Next Iteration variable updated index: 48
lnK[0]		lnK[1]		lnK[2]		lnK[3]		lnK[4]		lnK[5]		lnK[6]		lnK[7]		lnK[8]		lnK[9]		lnK[10]		lnK[11]		lnK[12]		lnK[13]		lnK[14]		lnK[15]		lnK[16]		lnK[17]		lnK[18]		lnK[19]		lnK[20]		lnK[21]		lnK[22]		lnK[23]		lnK[24]		lnK[25]		lnK[26]		lnK[27]		lnK[28]		lnK[29]		lnK[30]		lnK[31]		lnK[32]		lnK[33]		lnK[34]		lnK[35]		lnK[36]		lnK[37]		lnK[38]		lnK[39]		lnK[40]		lnK[41]		lnK[42]		lnK[43]		lnK[44]		lnK[45]		lnK[46]		lnK[47]		lnK[48]		lnT(K)		lnP(Pa)		
-5.31337e-02	-6.25654e-02	-3.38610e-02	-4.45833e-02	-2.38581e-02	-5.51046e-02	1.31506e-03	5.34463e-03	1.70279e-02	1.80504e-02	2.99813e-02	4.08421e-02	4.43825e-02	4.59928e-02	5.47715e-02	5.77772e-02	6.85361e-02	6.85334e-02	7.27459e-02	4.10669e-02	5.14345e-02	6.16875e-02	7.12070e-02	7.79704e-02	8.94683e-02	9.63962e-02	1.04482e-01	1.10352e-01	1.16936e-01	1.22264e-01	1.27580e-01	1.32867e-01	1.38102e-01	1.43262e-01	1.80323e-01	1.90763e-01	2.00799e-01	2.11757e-01	2.20623e-01	2.30309e-01	2.40342e-01	2.50868e-01	2.62423e-01	2.74106e-01	2.86560e-01	3.00197e-01	3.15960e-01	3.32930e-01	4.03988e-01	6.51532e+00	1.73302e+01
Sensitivity vector: 
dXdS[0] = -1.18227e-01
dXdS[1] = -1.41447e-01
dXdS[2] = -6.94713e-02
dXdS[3] = -9.77570e-02
dXdS[4] = -4.68143e-02
dXdS[5] = -1.23399e-01
dXdS[6] = 1.40637e-02
dXdS[7] = 2.42245e-02
dXdS[8] = 5.23073e-02
dXdS[9] = 5.51175e-02
dXdS[10] = 8.40826e-02
dXdS[11] = 1.09950e-01
dXdS[12] = 1.20004e-01
dXdS[13] = 1.23083e-01
dXdS[14] = 1.43853e-01
dXdS[15] = 1.52525e-01
dXdS[16] = 1.78629e-01
dXdS[17] = 1.78795e-01
dXdS[18] = 1.89149e-01
dXdS[19] = 1.10993e-01
dXdS[20] = 1.36137e-01
dXdS[21] = 1.60925e-01
dXdS[22] = 1.84033e-01
dXdS[23] = 2.00313e-01
dXdS[24] = 2.27920e-01
dXdS[25] = 2.44935e-01
dXdS[26] = 2.63883e-01
dXdS[27] = 2.77899e-01
dXdS[28] = 2.93596e-01
dXdS[29] = 3.05940e-01
dXdS[30] = 3.18192e-01
dXdS[31] = 3.30298e-01
dXdS[32] = 3.42195e-01
dXdS[33] = 3.49150e-01
dXdS[34] = 4.52773e-01
dXdS[35] = 4.78067e-01
dXdS[36] = 5.01825e-01
dXdS[37] = 5.28167e-01
dXdS[38] = 5.49005e-01
dXdS[39] = 5.71662e-01
dXdS[40] = 5.95243e-01
dXdS[41] = 6.20168e-01
dXdS[42] = 6.47463e-01
dXdS[43] = 6.74932e-01
dXdS[44] = 7.04525e-01
dXdS[45] = 7.36874e-01
dXdS[46] = 7.74530e-01
dXdS[47] = 8.15245e-01
dXdS[48] = 1.00000e+00
dXdS[49] = -1.06262e-01
dXdS[50] = 2.20394e-01


Iteration: 57
Index of specified variable before Newton's method: 48
Temperature before Newton's method: 6.61044e+02 K
Pressure before Newton's method: 3.50435e+07 Pa
Interpolation Scheme: Polynomial (Cubic)
Mixed error in Newton's method (should be < 1): 1.75422e-01
Nº of Newton iterations: 2
Delta of specified variable for the next iteration: 2.00000e-01
Next Iteration variable updated index: 48
lnK[0]		lnK[1]		lnK[2]		lnK[3]		lnK[4]		lnK[5]		lnK[6]		lnK[7]		lnK[8]		lnK[9]		lnK[10]		lnK[11]		lnK[12]		lnK[13]		lnK[14]		lnK[15]		lnK[16]		lnK[17]		lnK[18]		lnK[19]		lnK[20]		lnK[21]		lnK[22]		lnK[23]		lnK[24]		lnK[25]		lnK[26]		lnK[27]		lnK[28]		lnK[29]		lnK[30]		lnK[31]		lnK[32]		lnK[33]		lnK[34]		lnK[35]		lnK[36]		lnK[37]		lnK[38]		lnK[39]		lnK[40]		lnK[41]		lnK[42]		lnK[43]		lnK[44]		lnK[45]		lnK[46]		lnK[47]		lnK[48]		lnT(K)		lnP(Pa)		
-7.56522e-02	-8.97177e-02	-4.65173e-02	-6.30737e-02	-3.21881e-02	-7.86854e-02	5.02842e-03	1.11099e-02	2.83307e-02	2.99442e-02	4.76169e-02	6.35516e-02	6.92309e-02	7.13685e-02	8.42098e-02	8.90725e-02	1.05004e-01	1.05052e-01	1.11329e-01	6.40369e-02	7.93866e-02	9.45432e-02	1.08644e-01	1.18621e-01	1.35562e-01	1.45882e-01	1.57655e-01	1.66280e-01	1.75947e-01	1.83662e-01	1.91342e-01	1.98955e-01	2.06467e-01	2.12453e-01	2.71421e-01	2.86870e-01	3.01555e-01	3.17709e-01	3.30637e-01	3.44729e-01	3.59359e-01	3.74763e-01	3.91653e-01	4.08692e-01	4.26947e-01	4.46921e-01	4.70087e-01	4.95080e-01	6.03988e-01	6.49382e+00	1.73721e+01
Sensitivity vector: 
dXdS[0] = -1.07228e-01
dXdS[1] = -1.30350e-01
dXdS[2] = -5.73531e-02
dXdS[3] = -8.74140e-02
dXdS[4] = -3.67425e-02
dXdS[5] = -1.12678e-01
dXdS[6] = 2.28279e-02
dXdS[7] = 3.31883e-02
dXdS[8] = 6.04860e-02
dXdS[9] = 6.35883e-02
dXdS[10] = 9.20487e-02
dXdS[11] = 1.16922e-01
dXdS[12] = 1.28256e-01
dXdS[13] = 1.30452e-01
dXdS[14] = 1.50314e-01
dXdS[15] = 1.60212e-01
dXdS[16] = 1.85843e-01
dXdS[17] = 1.86184e-01
dXdS[18] = 1.96476e-01
dXdS[19] = 1.18489e-01
dXdS[20] = 1.43173e-01
dXdS[21] = 1.67429e-01
dXdS[22] = 1.90140e-01
dXdS[23] = 2.06000e-01
dXdS[24] = 2.32828e-01
dXdS[25] = 2.49739e-01
dXdS[26] = 2.67674e-01
dXdS[27] = 2.81211e-01
dXdS[28] = 2.96346e-01
dXdS[29] = 3.07883e-01
dXdS[30] = 3.19263e-01
dXdS[31] = 3.30427e-01
dXdS[32] = 3.41302e-01
dXdS[33] = 3.42630e-01
dXdS[34] = 4.58071e-01
dXdS[35] = 4.82875e-01
dXdS[36] = 5.05614e-01
dXdS[37] = 5.31241e-01
dXdS[38] = 5.51034e-01
dXdS[39] = 5.72440e-01
dXdS[40] = 5.94836e-01
dXdS[41] = 6.18701e-01
dXdS[42] = 6.44761e-01
dXdS[43] = 6.70856e-01
dXdS[44] = 6.99291e-01
dXdS[45] = 7.30316e-01
dXdS[46] = 7.66703e-01
dXdS[47] = 8.06224e-01
dXdS[48] = 1.00000e+00
dXdS[49] = -1.08708e-01
dXdS[50] = 1.98377e-01


Iteration: 58
Index of specified variable before Newton's method: 48
Temperature before Newton's method: 6.46691e+02 K
Pressure before Newton's method: 3.63857e+07 Pa
Interpolation Scheme: Polynomial (Cubic)
Mixed error in Newton's method (should be < 1): 5.78945e-02
Nº of Newton iterations: 2
Delta of specified variable for the next iteration: 2.00000e-01
Next Iteration variable updated index: 48
lnK[0]		lnK[1]		lnK[2]		lnK[3]		lnK[4]		lnK[5]		lnK[6]		lnK[7]		lnK[8]		lnK[9]		lnK[10]		lnK[11]		lnK[12]		lnK[13]		lnK[14]		lnK[15]		lnK[16]		lnK[17]		lnK[18]		lnK[19]		lnK[20]		lnK[21]		lnK[22]		lnK[23]		lnK[24]		lnK[25]		lnK[26]		lnK[27]		lnK[28]		lnK[29]		lnK[30]		lnK[31]		lnK[32]		lnK[33]		lnK[34]		lnK[35]		lnK[36]		lnK[37]		lnK[38]		lnK[39]		lnK[40]		lnK[41]		lnK[42]		lnK[43]		lnK[44]		lnK[45]		lnK[46]		lnK[47]		lnK[48]		lnT(K)		lnP(Pa)		
-9.61241e-02	-1.14806e-01	-5.68984e-02	-7.96462e-02	-3.86487e-02	-1.00274e-01	1.03581e-02	1.85324e-02	4.11370e-02	4.34010e-02	6.67187e-02	8.75297e-02	9.56032e-02	9.80931e-02	1.14819e-01	1.21783e-01	1.42797e-01	1.42931e-01	1.51261e-01	8.83829e-02	1.08627e-01	1.28585e-01	1.47191e-01	1.60300e-01	1.82533e-01	1.96227e-01	2.11489e-01	2.22775e-01	2.35415e-01	2.45359e-01	2.55229e-01	2.64983e-01	2.74570e-01	2.80270e-01	3.63503e-01	3.83868e-01	4.03002e-01	4.24214e-01	4.40999e-01	4.59251e-01	4.78246e-01	4.98320e-01	5.20303e-01	5.42428e-01	5.66259e-01	5.92310e-01	6.22631e-01	6.55414e-01	8.03988e-01	6.47187e+00	1.74097e+01
Sensitivity vector: 
dXdS[0] = -9.77173e-02
dXdS[1] = -1.20758e-01
dXdS[2] = -4.66784e-02
dXdS[3] = -7.85328e-02
dXdS[4] = -2.80765e-02
dXdS[5] = -1.03434e-01
dXdS[6] = 3.02684e-02
dXdS[7] = 4.08367e-02
dXdS[8] = 6.73829e-02
dXdS[9] = 7.07858e-02
dXdS[10] = 9.87824e-02
dXdS[11] = 1.22675e-01
dXdS[12] = 1.35281e-01
dXdS[13] = 1.36611e-01
dXdS[14] = 1.55601e-01
dXdS[15] = 1.66716e-01
dXdS[16] = 1.91911e-01
dXdS[17] = 1.92431e-01
dXdS[18] = 2.02667e-01
dXdS[19] = 1.24791e-01
dXdS[20] = 1.49055e-01
dXdS[21] = 1.72817e-01
dXdS[22] = 1.95168e-01
dXdS[23] = 2.10635e-01
dXdS[24] = 2.36734e-01
dXdS[25] = 2.53562e-01
dXdS[26] = 2.70519e-01
dXdS[27] = 2.83600e-01
dXdS[28] = 2.98199e-01
dXdS[29] = 3.08952e-01
dXdS[30] = 3.19485e-01
dXdS[31] = 3.29731e-01
dXdS[32] = 3.39611e-01
dXdS[33] = 3.35445e-01
dXdS[34] = 4.62645e-01
dXdS[35] = 4.86998e-01
dXdS[36] = 5.08761e-01
dXdS[37] = 5.33718e-01
dXdS[38] = 5.52506e-01
dXdS[39] = 5.72708e-01
dXdS[40] = 5.93965e-01
dXdS[41] = 6.16813e-01
dXdS[42] = 6.41688e-01
dXdS[43] = 6.66461e-01
dXdS[44] = 6.93788e-01
dXdS[45] = 7.23543e-01
dXdS[46] = 7.58721e-01
dXdS[47] = 7.97115e-01
dXdS[48] = 1.00000e+00
dXdS[49] = -1.10729e-01
dXdS[50] = 1.77710e-01


Iteration: 59
Index of specified variable before Newton's method: 48
Temperature before Newton's method: 6.32422e+02 K
Pressure before Newton's method: 3.76283e+07 Pa
Interpolation Scheme: Polynomial (Cubic)
Mixed error in Newton's method (should be < 1): 2.09317e-02
Nº of Newton iterations: 2
Delta of specified variable for the next iteration: 2.00000e-01
Next Iteration variable updated index: 48
lnK[0]		lnK[1]		lnK[2]		lnK[3]		lnK[4]		lnK[5]		lnK[6]		lnK[7]		lnK[8]		lnK[9]		lnK[10]		lnK[11]		lnK[12]		lnK[13]		lnK[14]		lnK[15]		lnK[16]		lnK[17]		lnK[18]		lnK[19]		lnK[20]		lnK[21]		lnK[22]		lnK[23]		lnK[24]		lnK[25]		lnK[26]		lnK[27]		lnK[28]		lnK[29]		lnK[30]		lnK[31]		lnK[32]		lnK[33]		lnK[34]		lnK[35]		lnK[36]		lnK[37]		lnK[38]		lnK[39]		lnK[40]		lnK[41]		lnK[42]		lnK[43]		lnK[44]		lnK[45]		lnK[46]		lnK[47]		lnK[48]		lnT(K)		lnP(Pa)		
-1.14822e-01	-1.38105e-01	-6.52697e-02	-9.45680e-02	-4.34969e-02	-1.20141e-01	1.70625e-02	2.73717e-02	5.52130e-02	5.81881e-02	8.70618e-02	1.12555e-01	1.23275e-01	1.25946e-01	1.46386e-01	1.55693e-01	1.81705e-01	1.81961e-01	1.92333e-01	1.13888e-01	1.38945e-01	1.63609e-01	1.86652e-01	2.02818e-01	2.30201e-01	2.47253e-01	2.65812e-01	2.79671e-01	2.95179e-01	3.07197e-01	3.19091e-01	3.30805e-01	3.42271e-01	3.46600e-01	4.56438e-01	4.81631e-01	5.05024e-01	5.31164e-01	5.51610e-01	5.73785e-01	5.96921e-01	6.21467e-01	6.48310e-01	6.75262e-01	7.04451e-01	7.36331e-01	7.73572e-01	8.13926e-01	1.00399e+00	6.44956e+00	1.74433e+01
Sensitivity vector: 
dXdS[0] = -8.94498e-02
dXdS[1] = -1.12424e-01
dXdS[2] = -3.72221e-02
dXdS[3] = -7.08705e-02
dXdS[4] = -2.05841e-02
dXdS[5] = -9.54216e-02
dXdS[6] = 3.66089e-02
dXdS[7] = 4.73899e-02
dXdS[8] = 7.32164e-02
dXdS[9] = 7.69246e-02
dXdS[10] = 1.04493e-01
dXdS[11] = 1.27422e-01
dXdS[12] = 1.41283e-01
dXdS[13] = 1.41766e-01
dXdS[14] = 1.59918e-01
dXdS[15] = 1.72237e-01
dXdS[16] = 1.97029e-01
dXdS[17] = 1.97726e-01
dXdS[18] = 2.07912e-01
dXdS[19] = 1.30106e-01
dXdS[20] = 1.53982e-01
dXdS[21] = 1.77285e-01
dXdS[22] = 1.99309e-01
dXdS[23] = 2.14407e-01
dXdS[24] = 2.39822e-01
dXdS[25] = 2.56583e-01
dXdS[26] = 2.72597e-01
dXdS[27] = 2.85244e-01
dXdS[28] = 2.99331e-01
dXdS[29] = 3.09325e-01
dXdS[30] = 3.19037e-01
dXdS[31] = 3.28394e-01
dXdS[32] = 3.37307e-01
dXdS[33] = 3.27794e-01
dXdS[34] = 4.66615e-01
dXdS[35] = 4.90552e-01
dXdS[36] = 5.11381e-01
dXdS[37] = 5.35707e-01
dXdS[38] = 5.53531e-01
dXdS[39] = 5.72574e-01
dXdS[40] = 5.92736e-01
dXdS[41] = 6.14610e-01
dXdS[42] = 6.38348e-01
dXdS[43] = 6.61851e-01
dXdS[44] = 6.88117e-01
dXdS[45] = 7.16655e-01
dXdS[46] = 7.50682e-01
dXdS[47] = 7.88008e-01
dXdS[48] = 1.00000e+00
dXdS[49] = -1.12331e-01
dXdS[50] = 1.58305e-01


Iteration: 60
Index of specified variable before Newton's method: 48
Temperature before Newton's method: 6.18294e+02 K
Pressure before Newton's method: 3.87672e+07 Pa
Interpolation Scheme: Polynomial (Cubic)
Mixed error in Newton's method (should be < 1): 8.63238e-03
Nº of Newton iterations: 2
Delta of specified variable for the next iteration: 2.00000e-01
Next Iteration variable updated index: 48
lnK[0]		lnK[1]		lnK[2]		lnK[3]		lnK[4]		lnK[5]		lnK[6]		lnK[7]		lnK[8]		lnK[9]		lnK[10]		lnK[11]		lnK[12]		lnK[13]		lnK[14]		lnK[15]		lnK[16]		lnK[17]		lnK[18]		lnK[19]		lnK[20]		lnK[21]		lnK[22]		lnK[23]		lnK[24]		lnK[25]		lnK[26]		lnK[27]		lnK[28]		lnK[29]		lnK[30]		lnK[31]		lnK[32]		lnK[33]		lnK[34]		lnK[35]		lnK[36]		lnK[37]		lnK[38]		lnK[39]		lnK[40]		lnK[41]		lnK[42]		lnK[43]		lnK[44]		lnK[45]		lnK[46]		lnK[47]		lnK[48]		lnT(K)		lnP(Pa)		
-1.31974e-01	-1.59846e-01	-7.18563e-02	-1.08062e-01	-4.69479e-02	-1.38512e-01	2.49406e-02	3.74273e-02	7.03646e-02	7.41119e-02	1.08459e-01	1.38443e-01	1.52059e-01	1.54744e-01	1.78733e-01	1.90623e-01	2.21556e-01	2.21968e-01	2.34373e-01	1.40371e-01	1.70167e-01	1.99448e-01	2.26866e-01	2.46016e-01	2.78417e-01	2.98816e-01	3.20486e-01	3.36833e-01	3.55109e-01	3.69052e-01	3.82809e-01	3.96308e-01	4.09462e-01	4.11368e-01	5.50115e-01	5.80057e-01	6.07525e-01	6.38470e-01	6.62388e-01	6.88260e-01	7.15322e-01	7.44149e-01	7.75630e-01	8.07160e-01	8.41500e-01	8.78970e-01	9.22906e-01	9.70623e-01	1.20399e+00	6.42696e+00	1.74731e+01
Sensitivity vector: 
dXdS[0] = -8.22283e-02
dXdS[1] = -1.05147e-01
dXdS[2] = -2.88027e-02
dXdS[3] = -6.42299e-02
dXdS[4] = -1.40769e-02
dXdS[5] = -8.84436e-02
dXdS[6] = 4.20315e-02
dXdS[7] = 5.30269e-02
dXdS[8] = 7.81644e-02
dXdS[9] = 8.21795e-02
dXdS[10] = 1.09352e-01
dXdS[11] = 1.31337e-01
dXdS[12] = 1.46430e-01
dXdS[13] = 1.46088e-01
dXdS[14] = 1.63437e-01
dXdS[15] = 1.76937e-01
dXdS[16] = 2.01354e-01
dXdS[17] = 2.02227e-01
dXdS[18] = 2.12367e-01
dXdS[19] = 1.34599e-01
dXdS[20] = 1.58118e-01
dXdS[21] = 1.80993e-01
dXdS[22] = 2.02718e-01
dXdS[23] = 2.17471e-01
dXdS[24] = 2.42242e-01
dXdS[25] = 2.58949e-01
dXdS[26] = 2.74057e-01
dXdS[27] = 2.86290e-01
dXdS[28] = 2.99890e-01
dXdS[29] = 3.09151e-01
dXdS[30] = 3.18069e-01
dXdS[31] = 3.26565e-01
dXdS[32] = 3.34542e-01
dXdS[33] = 3.19850e-01
dXdS[34] = 4.70077e-01
dXdS[35] = 4.93629e-01
dXdS[36] = 5.13564e-01
dXdS[37] = 5.37296e-01
dXdS[38] = 5.54197e-01
dXdS[39] = 5.72127e-01
dXdS[40] = 5.91239e-01
dXdS[41] = 6.12183e-01
dXdS[42] = 6.34831e-01
dXdS[43] = 6.57114e-01
dXdS[44] = 6.82366e-01
dXdS[45] = 7.09740e-01
dXdS[46] = 7.42670e-01
dXdS[47] = 7.78984e-01
dXdS[48] = 1.00000e+00
dXdS[49] = -1.13528e-01
dXdS[50] = 1.40092e-01


Iteration: 61
Index of specified variable before Newton's method: 48
Temperature before Newton's method: 6.04361e+02 K
Pressure before Newton's method: 3.98000e+07 Pa
Interpolation Scheme: Polynomial (Cubic)
Mixed error in Newton's method (should be < 1): 3.90098e-03
Nº of Newton iterations: 2
Delta of specified variable for the next iteration: 2.00000e-01
Next Iteration variable updated index: 48
lnK[0]		lnK[1]		lnK[2]		lnK[3]		lnK[4]		lnK[5]		lnK[6]		lnK[7]		lnK[8]		lnK[9]		lnK[10]		lnK[11]		lnK[12]		lnK[13]		lnK[14]		lnK[15]		lnK[16]		lnK[17]		lnK[18]		lnK[19]		lnK[20]		lnK[21]		lnK[22]		lnK[23]		lnK[24]		lnK[25]		lnK[26]		lnK[27]		lnK[28]		lnK[29]		lnK[30]		lnK[31]		lnK[32]		lnK[33]		lnK[34]		lnK[35]		lnK[36]		lnK[37]		lnK[38]		lnK[39]		lnK[40]		lnK[41]		lnK[42]		lnK[43]		lnK[44]		lnK[45]		lnK[46]		lnK[47]		lnK[48]		lnT(K)		lnP(Pa)		
-1.47772e-01	-1.80223e-01	-7.68500e-02	-1.20317e-01	-4.91830e-02	-1.55576e-01	3.38240e-02	4.85312e-02	8.64295e-02	9.10105e-02	1.30755e-01	1.65044e-01	1.81799e-01	1.84335e-01	2.11716e-01	2.26422e-01	2.62203e-01	2.62808e-01	2.77236e-01	1.67682e-01	2.02148e-01	2.35964e-01	2.67699e-01	2.89767e-01	3.27061e-01	3.50797e-01	3.75402e-01	3.94155e-01	4.15105e-01	4.30829e-01	4.46292e-01	4.61407e-01	4.76066e-01	4.74530e-01	6.44441e-01	6.79056e-01	7.10426e-01	7.46061e-01	7.73270e-01	8.02620e-01	8.33404e-01	8.66330e-01	9.02236e-01	9.38104e-01	9.77397e-01	1.02023e+00	1.07065e+00	1.12553e+00	1.40399e+00	6.40417e+00	1.74994e+01
Sensitivity vector: 
dXdS[0] = -7.58914e-02
dXdS[1] = -9.87633e-02
dXdS[2] = -2.12726e-02
dXdS[3] = -5.84498e-02
dXdS[4] = -8.40114e-03
dXdS[5] = -8.23376e-02
dXdS[6] = 4.66854e-02
dXdS[7] = 5.78944e-02
dXdS[8] = 8.23729e-02
dXdS[9] = 8.66935e-02
dXdS[10] = 1.13498e-01
dXdS[11] = 1.34563e-01
dXdS[12] = 1.50855e-01
dXdS[13] = 1.49715e-01
dXdS[14] = 1.66296e-01
dXdS[15] = 1.80948e-01
dXdS[16] = 2.05015e-01
dXdS[17] = 2.06063e-01
dXdS[18] = 2.16160e-01
dXdS[19] = 1.38407e-01
dXdS[20] = 1.61596e-01
dXdS[21] = 1.84072e-01
dXdS[22] = 2.05523e-01
dXdS[23] = 2.19951e-01
dXdS[24] = 2.44119e-01
dXdS[25] = 2.60782e-01
dXdS[26] = 2.75021e-01
dXdS[27] = 2.86861e-01
dXdS[28] = 2.99996e-01
dXdS[29] = 3.08551e-01
dXdS[30] = 3.16706e-01
dXdS[31] = 3.24371e-01
dXdS[32] = 3.31445e-01
dXdS[33] = 3.11758e-01
dXdS[34] = 4.73110e-01
dXdS[35] = 4.96304e-01
dXdS[36] = 5.15387e-01
dXdS[37] = 5.38560e-01
dXdS[38] = 5.54578e-01
dXdS[39] = 5.71442e-01
dXdS[40] = 5.89550e-01
dXdS[41] = 6.09605e-01
dXdS[42] = 6.31212e-01
dXdS[43] = 6.52327e-01
dXdS[44] = 6.76612e-01
dXdS[45] = 7.02873e-01
dXdS[46] = 7.34761e-01
dXdS[47] = 7.70117e-01
dXdS[48] = 1.00000e+00
dXdS[49] = -1.14338e-01
dXdS[50] = 1.23017e-01


Iteration: 62
Index of specified variable before Newton's method: 48
Temperature before Newton's method: 5.90668e+02 K
Pressure before Newton's method: 4.07255e+07 Pa
Interpolation Scheme: Polynomial (Cubic)
Mixed error in Newton's method (should be < 1): 1.87639e-03
Nº of Newton iterations: 2
Delta of specified variable for the next iteration: 2.00000e-01
Next Iteration variable updated index: 48
lnK[0]		lnK[1]		lnK[2]		lnK[3]		lnK[4]		lnK[5]		lnK[6]		lnK[7]		lnK[8]		lnK[9]		lnK[10]		lnK[11]		lnK[12]		lnK[13]		lnK[14]		lnK[15]		lnK[16]		lnK[17]		lnK[18]		lnK[19]		lnK[20]		lnK[21]		lnK[22]		lnK[23]		lnK[24]		lnK[25]		lnK[26]		lnK[27]		lnK[28]		lnK[29]		lnK[30]		lnK[31]		lnK[32]		lnK[33]		lnK[34]		lnK[35]		lnK[36]		lnK[37]		lnK[38]		lnK[39]		lnK[40]		lnK[41]		lnK[42]		lnK[43]		lnK[44]		lnK[45]		lnK[46]		lnK[47]		lnK[48]		lnT(K)		lnP(Pa)		
-1.62380e-01	-1.99402e-01	-8.04165e-02	-1.31491e-01	-5.03553e-02	-1.71496e-01	4.35717e-02	6.05419e-02	1.03272e-01	1.08748e-01	1.53819e-01	1.92230e-01	2.12361e-01	2.14591e-01	2.45215e-01	2.62964e-01	3.03525e-01	3.04357e-01	3.20800e-01	1.95695e-01	2.34769e-01	2.73042e-01	3.09042e-01	3.33965e-01	3.76035e-01	4.03100e-01	4.30469e-01	4.51552e-01	4.75084e-01	4.92451e-01	5.09472e-01	5.26039e-01	5.42026e-01	5.36069e-01	7.39335e-01	7.78556e-01	8.13660e-01	8.53876e-01	8.84204e-01	9.16825e-01	9.51134e-01	9.87985e-01	1.02811e+00	1.06809e+00	1.11215e+00	1.16013e+00	1.21682e+00	1.27868e+00	1.60399e+00	6.38125e+00	1.75224e+01
Sensitivity vector: 
dXdS[0] = -7.03065e-02
dXdS[1] = -9.31374e-02
dXdS[2] = -1.45111e-02
dXdS[3] = -5.33975e-02
dXdS[4] = -3.43012e-03
dXdS[5] = -7.69704e-02
dXdS[6] = 5.06932e-02
dXdS[7] = 6.21129e-02
dXdS[8] = 8.59620e-02
dXdS[9] = 9.05844e-02
dXdS[10] = 1.17048e-01
dXdS[11] = 1.37217e-01
dXdS[12] = 1.54672e-01
dXdS[13] = 1.52762e-01
dXdS[14] = 1.68609e-01
dXdS[15] = 1.84379e-01
dXdS[16] = 2.08121e-01
dXdS[17] = 2.09340e-01
dXdS[18] = 2.19395e-01
dXdS[19] = 1.41642e-01
dXdS[20] = 1.64526e-01
dXdS[21] = 1.86629e-01
dXdS[22] = 2.07830e-01
dXdS[23] = 2.21953e-01
dXdS[24] = 2.45555e-01
dXdS[25] = 2.62183e-01
dXdS[26] = 2.75591e-01
dXdS[27] = 2.87057e-01
dXdS[28] = 2.99750e-01
dXdS[29] = 3.07629e-01
dXdS[30] = 3.15050e-01
dXdS[31] = 3.21918e-01
dXdS[32] = 3.28124e-01
dXdS[33] = 3.03642e-01
dXdS[34] = 4.75780e-01
dXdS[35] = 4.98642e-01
dXdS[36] = 5.16913e-01
dXdS[37] = 5.39560e-01
dXdS[38] = 5.54736e-01
dXdS[39] = 5.70583e-01
dXdS[40] = 5.87733e-01
dXdS[41] = 6.06941e-01
dXdS[42] = 6.27554e-01
dXdS[43] = 6.47554e-01
dXdS[44] = 6.70918e-01
dXdS[45] = 6.96117e-01
dXdS[46] = 7.27015e-01
dXdS[47] = 7.61466e-01
dXdS[48] = 1.00000e+00
dXdS[49] = -1.14782e-01
dXdS[50] = 1.07032e-01


Iteration: 63
Index of specified variable before Newton's method: 48
Temperature before Newton's method: 5.77254e+02 K
Pressure before Newton's method: 4.15438e+07 Pa
Interpolation Scheme: Polynomial (Cubic)
Mixed error in Newton's method (should be < 1): 9.43212e-04
Nº of Newton iterations: 2
Delta of specified variable for the next iteration: 2.00000e-01
Next Iteration variable updated index: 48
lnK[0]		lnK[1]		lnK[2]		lnK[3]		lnK[4]		lnK[5]		lnK[6]		lnK[7]		lnK[8]		lnK[9]		lnK[10]		lnK[11]		lnK[12]		lnK[13]		lnK[14]		lnK[15]		lnK[16]		lnK[17]		lnK[18]		lnK[19]		lnK[20]		lnK[21]		lnK[22]		lnK[23]		lnK[24]		lnK[25]		lnK[26]		lnK[27]		lnK[28]		lnK[29]		lnK[30]		lnK[31]		lnK[32]		lnK[33]		lnK[34]		lnK[35]		lnK[36]		lnK[37]		lnK[38]		lnK[39]		lnK[40]		lnK[41]		lnK[42]		lnK[43]		lnK[44]		lnK[45]		lnK[46]		lnK[47]		lnK[48]		lnT(K)		lnP(Pa)		
-1.75937e-01	-2.17521e-01	-8.26990e-02	-1.41717e-01	-5.05950e-02	-1.86406e-01	5.40650e-02	7.33398e-02	1.20780e-01	1.27209e-01	1.77541e-01	2.19899e-01	2.43633e-01	2.45407e-01	2.79130e-01	3.00141e-01	3.45420e-01	3.46512e-01	3.64962e-01	2.24307e-01	2.67929e-01	3.10587e-01	3.50804e-01	3.78522e-01	4.25260e-01	4.55647e-01	4.85617e-01	5.08958e-01	5.34987e-01	5.53864e-01	5.72298e-01	5.90163e-01	6.07306e-01	5.95992e-01	8.34732e-01	8.78494e-01	9.17174e-01	9.61870e-01	9.95153e-01	1.03085e+00	1.06849e+00	1.10910e+00	1.15326e+00	1.19713e+00	1.24577e+00	1.29869e+00	1.36147e+00	1.43013e+00	1.80399e+00	6.35828e+00	1.75423e+01
Sensitivity vector: 
dXdS[0] = -6.53637e-02
dXdS[1] = -8.81581e-02
dXdS[2] = -8.41788e-03
dXdS[3] = -4.89631e-02
dXdS[4] = 9.40862e-04
dXdS[5] = -7.22319e-02
dXdS[6] = 5.41568e-02
dXdS[7] = 6.57822e-02
dXdS[8] = 8.90310e-02
dXdS[9] = 9.39497e-02
dXdS[10] = 1.20095e-01
dXdS[11] = 1.39398e-01
dXdS[12] = 1.57973e-01
dXdS[13] = 1.55324e-01
dXdS[14] = 1.70472e-01
dXdS[15] = 1.87319e-01
dXdS[16] = 2.10758e-01
dXdS[17] = 2.12144e-01
dXdS[18] = 2.22161e-01
dXdS[19] = 1.44399e-01
dXdS[20] = 1.67000e-01
dXdS[21] = 1.88755e-01
dXdS[22] = 2.09726e-01
dXdS[23] = 2.23564e-01
dXdS[24] = 2.46635e-01
dXdS[25] = 2.63234e-01
dXdS[26] = 2.75850e-01
dXdS[27] = 2.86962e-01
dXdS[28] = 2.99236e-01
dXdS[29] = 3.06468e-01
dXdS[30] = 3.13186e-01
dXdS[31] = 3.19292e-01
dXdS[32] = 3.24668e-01
dXdS[33] = 2.95601e-01
dXdS[34] = 4.78139e-01
dXdS[35] = 5.00693e-01
dXdS[36] = 5.18192e-01
dXdS[37] = 5.40345e-01
dXdS[38] = 5.54722e-01
dXdS[39] = 5.69599e-01
dXdS[40] = 5.85837e-01
dXdS[41] = 6.04241e-01
dXdS[42] = 6.23910e-01
dXdS[43] = 6.42848e-01
dXdS[44] = 6.65336e-01
dXdS[45] = 6.89527e-01
dXdS[46] = 7.19486e-01
dXdS[47] = 7.53081e-01
dXdS[48] = 1.00000e+00
dXdS[49] = -1.14886e-01
dXdS[50] = 9.20912e-02


Iteration: 64
Index of specified variable before Newton's method: 48
Temperature before Newton's method: 5.64150e+02 K
Pressure before Newton's method: 4.22564e+07 Pa
Interpolation Scheme: Polynomial (Cubic)
Mixed error in Newton's method (should be < 1): 4.85879e-04
Nº of Newton iterations: 2
Delta of specified variable for the next iteration: 2.00000e-01
Next Iteration variable updated index: 48
lnK[0]		lnK[1]		lnK[2]		lnK[3]		lnK[4]		lnK[5]		lnK[6]		lnK[7]		lnK[8]		lnK[9]		lnK[10]		lnK[11]		lnK[12]		lnK[13]		lnK[14]		lnK[15]		lnK[16]		lnK[17]		lnK[18]		lnK[19]		lnK[20]		lnK[21]		lnK[22]		lnK[23]		lnK[24]		lnK[25]		lnK[26]		lnK[27]		lnK[28]		lnK[29]		lnK[30]		lnK[31]		lnK[32]		lnK[33]		lnK[34]		lnK[35]		lnK[36]		lnK[37]		lnK[38]		lnK[39]		lnK[40]		lnK[41]		lnK[42]		lnK[43]		lnK[44]		lnK[45]		lnK[46]		lnK[47]		lnK[48]		lnT(K)		lnP(Pa)		
-1.88563e-01	-2.34702e-01	-8.38226e-02	-1.51111e-01	-5.00131e-02	-2.00424e-01	6.52037e-02	8.68237e-02	1.38856e-01	1.46298e-01	2.01829e-01	2.47963e-01	2.75521e-01	2.76694e-01	3.13379e-01	3.37864e-01	3.87802e-01	3.89187e-01	4.09637e-01	2.53428e-01	3.01544e-01	3.48520e-01	3.92910e-01	4.23369e-01	4.74670e-01	5.08375e-01	5.40793e-01	5.66322e-01	5.94766e-01	6.15027e-01	6.34737e-01	6.53749e-01	6.71889e-01	6.54321e-01	9.30573e-01	9.78817e-01	1.02092e+00	1.07000e+00	1.10608e+00	1.14466e+00	1.18547e+00	1.22968e+00	1.27768e+00	1.32524e+00	1.37829e+00	1.43595e+00	1.50463e+00	1.57994e+00	2.00399e+00	6.33532e+00	1.75593e+01
Sensitivity vector: 
dXdS[0] = -6.09718e-02
dXdS[1] = -8.37326e-02
dXdS[2] = -2.90950e-03
dXdS[3] = -4.50556e-02
dXdS[4] = 4.79891e-03
dXdS[5] = -6.80303e-02
dXdS[6] = 5.71602e-02
dXdS[7] = 6.89852e-02
dXdS[8] = 9.16626e-02
dXdS[9] = 9.68703e-02
dXdS[10] = 1.22720e-01
dXdS[11] = 1.41185e-01
dXdS[12] = 1.60834e-01
dXdS[13] = 1.57479e-01
dXdS[14] = 1.71964e-01
dXdS[15] = 1.89845e-01
dXdS[16] = 2.13001e-01
dXdS[17] = 2.14548e-01
dXdS[18] = 2.24528e-01
dXdS[19] = 1.46754e-01
dXdS[20] = 1.69094e-01
dXdS[21] = 1.90523e-01
dXdS[22] = 2.11284e-01
dXdS[23] = 2.24855e-01
dXdS[24] = 2.47429e-01
dXdS[25] = 2.64005e-01
dXdS[26] = 2.75867e-01
dXdS[27] = 2.86645e-01
dXdS[28] = 2.98522e-01
dXdS[29] = 3.05137e-01
dXdS[30] = 3.11186e-01
dXdS[31] = 3.16565e-01
dXdS[32] = 3.21148e-01
dXdS[33] = 2.87719e-01
dXdS[34] = 4.80233e-01
dXdS[35] = 5.02500e-01
dXdS[36] = 5.19269e-01
dXdS[37] = 5.40959e-01
dXdS[38] = 5.54576e-01
dXdS[39] = 5.68534e-01
dXdS[40] = 5.83907e-01
dXdS[41] = 6.01549e-01
dXdS[42] = 6.20321e-01
dXdS[43] = 6.38251e-01
dXdS[44] = 6.59910e-01
dXdS[45] = 6.83143e-01
dXdS[46] = 7.12215e-01
dXdS[47] = 7.45004e-01
dXdS[48] = 1.00000e+00
dXdS[49] = -1.14679e-01
dXdS[50] = 7.81510e-02


Iteration: 65
Index of specified variable before Newton's method: 48
Temperature before Newton's method: 5.51382e+02 K
Pressure before Newton's method: 4.28658e+07 Pa
Interpolation Scheme: Polynomial (Cubic)
Mixed error in Newton's method (should be < 1): 2.55477e-04
Nº of Newton iterations: 2
Delta of specified variable for the next iteration: 2.00000e-01
Next Iteration variable updated index: 48
lnK[0]		lnK[1]		lnK[2]		lnK[3]		lnK[4]		lnK[5]		lnK[6]		lnK[7]		lnK[8]		lnK[9]		lnK[10]		lnK[11]		lnK[12]		lnK[13]		lnK[14]		lnK[15]		lnK[16]		lnK[17]		lnK[18]		lnK[19]		lnK[20]		lnK[21]		lnK[22]		lnK[23]		lnK[24]		lnK[25]		lnK[26]		lnK[27]		lnK[28]		lnK[29]		lnK[30]		lnK[31]		lnK[32]		lnK[33]		lnK[34]		lnK[35]		lnK[36]		lnK[37]		lnK[38]		lnK[39]		lnK[40]		lnK[41]		lnK[42]		lnK[43]		lnK[44]		lnK[45]		lnK[46]		lnK[47]		lnK[48]		lnT(K)		lnP(Pa)		
-2.00358e-01	-2.51046e-01	-8.38971e-02	-1.59770e-01	-4.87048e-02	-2.13649e-01	7.69031e-02	1.00907e-01	1.57420e-01	1.65932e-01	2.26605e-01	2.76351e-01	3.07942e-01	3.08376e-01	3.47895e-01	3.76056e-01	4.30598e-01	4.32309e-01	4.54751e-01	2.82986e-01	3.35545e-01	3.86777e-01	4.35299e-01	4.68447e-01	5.24216e-01	5.61234e-01	5.95952e-01	6.23605e-01	6.54386e-01	6.75912e-01	6.96768e-01	7.16786e-01	7.35765e-01	7.11094e-01	1.02681e+00	1.07948e+00	1.12487e+00	1.17824e+00	1.21698e+00	1.25826e+00	1.30205e+00	1.34973e+00	1.40139e+00	1.45244e+00	1.50975e+00	1.57196e+00	1.64637e+00	1.72816e+00	2.20399e+00	6.31243e+00	1.75736e+01
Sensitivity vector: 
dXdS[0] = -5.70544e-02
dXdS[1] = -7.97832e-02
dXdS[2] = 2.08449e-03
dXdS[3] = -4.15987e-02
dXdS[4] = 8.21682e-03
dXdS[5] = -6.42891e-02
dXdS[6] = 5.97740e-02
dXdS[7] = 7.17910e-02
dXdS[8] = 9.39253e-02
dXdS[9] = 9.94135e-02
dXdS[10] = 1.24988e-01
dXdS[11] = 1.42646e-01
dXdS[12] = 1.63321e-01
dXdS[13] = 1.59293e-01
dXdS[14] = 1.73150e-01
dXdS[15] = 1.92019e-01
dXdS[16] = 2.14911e-01
dXdS[17] = 2.16613e-01
dXdS[18] = 2.26557e-01
dXdS[19] = 1.48772e-01
dXdS[20] = 1.70869e-01
dXdS[21] = 1.91995e-01
dXdS[22] = 2.12563e-01
dXdS[23] = 2.25884e-01
dXdS[24] = 2.47994e-01
dXdS[25] = 2.64551e-01
dXdS[26] = 2.75699e-01
dXdS[27] = 2.86161e-01
dXdS[28] = 2.97664e-01
dXdS[29] = 3.03693e-01
dXdS[30] = 3.09106e-01
dXdS[31] = 3.13793e-01
dXdS[32] = 3.17623e-01
dXdS[33] = 2.80058e-01
dXdS[34] = 4.82099e-01
dXdS[35] = 5.04100e-01
dXdS[36] = 5.20179e-01
dXdS[37] = 5.41434e-01
dXdS[38] = 5.54334e-01
dXdS[39] = 5.67421e-01
dXdS[40] = 5.81976e-01
dXdS[41] = 5.98897e-01
dXdS[42] = 6.16821e-01
dXdS[43] = 6.33797e-01
dXdS[44] = 6.54671e-01
dXdS[45] = 6.76999e-01
dXdS[46] = 7.05233e-01
dXdS[47] = 7.37262e-01
dXdS[48] = 1.00000e+00
dXdS[49] = -1.14192e-01
dXdS[50] = 6.51666e-02


Iteration: 66
Index of specified variable before Newton's method: 48
Temperature before Newton's method: 5.38970e+02 K
Pressure before Newton's method: 4.33750e+07 Pa
Interpolation Scheme: Polynomial (Cubic)
Mixed error in Newton's method (should be < 1): 1.34619e-04
Nº of Newton iterations: 2
Delta of specified variable for the next iteration: 2.00000e-01
Next Iteration variable updated index: 48
lnK[0]		lnK[1]		lnK[2]		lnK[3]		lnK[4]		lnK[5]		lnK[6]		lnK[7]		lnK[8]		lnK[9]		lnK[10]		lnK[11]		lnK[12]		lnK[13]		lnK[14]		lnK[15]		lnK[16]		lnK[17]		lnK[18]		lnK[19]		lnK[20]		lnK[21]		lnK[22]		lnK[23]		lnK[24]		lnK[25]		lnK[26]		lnK[27]		lnK[28]		lnK[29]		lnK[30]		lnK[31]		lnK[32]		lnK[33]		lnK[34]		lnK[35]		lnK[36]		lnK[37]		lnK[38]		lnK[39]		lnK[40]		lnK[41]		lnK[42]		lnK[43]		lnK[44]		lnK[45]		lnK[46]		lnK[47]		lnK[48]		lnT(K)		lnP(Pa)		
-2.11412e-01	-2.66642e-01	-8.30191e-02	-1.67776e-01	-4.67517e-02	-2.26166e-01	8.90913e-02	1.15517e-01	1.76405e-01	1.86042e-01	2.51804e-01	3.05004e-01	3.40828e-01	3.40392e-01	3.82622e-01	4.14652e-01	4.73747e-01	4.75813e-01	5.00241e-01	3.12918e-01	3.69874e-01	4.25302e-01	4.77920e-01	5.13708e-01	5.73856e-01	6.14184e-01	6.51063e-01	6.80779e-01	7.13825e-01	7.36500e-01	7.58378e-01	7.79267e-01	7.98940e-01	7.66362e-01	1.12340e+00	1.18045e+00	1.22899e+00	1.28657e+00	1.32781e+00	1.37163e+00	1.41826e+00	1.46925e+00	1.52442e+00	1.57877e+00	1.64018e+00	1.70677e+00	1.78675e+00	1.87487e+00	2.40399e+00	6.28966e+00	1.75854e+01
Sensitivity vector: 
dXdS[0] = -5.35471e-02
dXdS[1] = -7.62450e-02
dXdS[2] = 6.62393e-03
dXdS[3] = -3.85287e-02
dXdS[4] = 1.12557e-02
dXdS[5] = -6.09442e-02
dXdS[6] = 6.20566e-02
dXdS[7] = 7.42575e-02
dXdS[8] = 9.58764e-02
dXdS[9] = 1.01636e-01
dXdS[10] = 1.26954e-01
dXdS[11] = 1.43837e-01
dXdS[12] = 1.65485e-01
dXdS[13] = 1.60820e-01
dXdS[14] = 1.74083e-01
dXdS[15] = 1.93892e-01
dXdS[16] = 2.16538e-01
dXdS[17] = 2.18390e-01
dXdS[18] = 2.28299e-01
dXdS[19] = 1.50506e-01
dXdS[20] = 1.72379e-01
dXdS[21] = 1.93223e-01
dXdS[22] = 2.13614e-01
dXdS[23] = 2.26701e-01
dXdS[24] = 2.48379e-01
dXdS[25] = 2.64920e-01
dXdS[26] = 2.75392e-01
dXdS[27] = 2.85557e-01
dXdS[28] = 2.96707e-01
dXdS[29] = 3.02181e-01
dXdS[30] = 3.06992e-01
dXdS[31] = 3.11023e-01
dXdS[32] = 3.14138e-01
dXdS[33] = 2.72669e-01
dXdS[34] = 4.83769e-01
dXdS[35] = 5.05523e-01
dXdS[36] = 5.20950e-01
dXdS[37] = 5.41799e-01
dXdS[38] = 5.54023e-01
dXdS[39] = 5.66288e-01
dXdS[40] = 5.80070e-01
dXdS[41] = 5.96312e-01
dXdS[42] = 6.13436e-01
dXdS[43] = 6.29510e-01
dXdS[44] = 6.49645e-01
dXdS[45] = 6.71117e-01
dXdS[46] = 6.98562e-01
dXdS[47] = 7.29878e-01
dXdS[48] = 1.00000e+00
dXdS[49] = -1.13456e-01
dXdS[50] = 5.30918e-02


Iteration: 67
Index of specified variable before Newton's method: 48
Temperature before Newton's method: 5.26926e+02 K
Pressure before Newton's method: 4.37883e+07 Pa
Interpolation Scheme: Polynomial (Cubic)
Mixed error in Newton's method (should be < 1): 7.13562e-05
Nº of Newton iterations: 2
Delta of specified variable for the next iteration: 2.00000e-01
Next Iteration variable updated index: 48
lnK[0]		lnK[1]		lnK[2]		lnK[3]		lnK[4]		lnK[5]		lnK[6]		lnK[7]		lnK[8]		lnK[9]		lnK[10]		lnK[11]		lnK[12]		lnK[13]		lnK[14]		lnK[15]		lnK[16]		lnK[17]		lnK[18]		lnK[19]		lnK[20]		lnK[21]		lnK[22]		lnK[23]		lnK[24]		lnK[25]		lnK[26]		lnK[27]		lnK[28]		lnK[29]		lnK[30]		lnK[31]		lnK[32]		lnK[33]		lnK[34]		lnK[35]		lnK[36]		lnK[37]		lnK[38]		lnK[39]		lnK[40]		lnK[41]		lnK[42]		lnK[43]		lnK[44]		lnK[45]		lnK[46]		lnK[47]		lnK[48]		lnT(K)		lnP(Pa)		
-2.21800e-01	-2.81568e-01	-8.12744e-02	-1.75203e-01	-4.42243e-02	-2.38050e-01	1.01707e-01	1.30591e-01	1.95753e-01	2.06568e-01	2.77370e-01	3.33871e-01	3.74118e-01	3.72688e-01	4.17515e-01	4.53596e-01	5.17197e-01	5.19648e-01	5.46054e-01	3.43172e-01	4.04482e-01	4.64052e-01	5.20732e-01	5.59116e-01	6.23558e-01	6.67193e-01	7.06102e-01	7.37822e-01	7.73065e-01	7.96782e-01	8.19564e-01	8.41197e-01	8.61426e-01	8.20182e-01	1.22031e+00	1.28168e+00	1.33324e+00	1.39496e+00	1.43858e+00	1.48477e+00	1.53409e+00	1.58826e+00	1.64678e+00	1.70426e+00	1.76962e+00	1.84043e+00	1.92582e+00	2.02013e+00	2.60399e+00	6.26706e+00	1.75949e+01
Sensitivity vector: 
dXdS[0] = -5.03960e-02
dXdS[1] = -7.30630e-02
dXdS[2] = 1.07601e-02
dXdS[3] = -3.57917e-02
dXdS[4] = 1.39669e-02
dXdS[5] = -5.79415e-02
dXdS[6] = 6.40573e-02
dXdS[7] = 7.64332e-02
dXdS[8] = 9.75637e-02
dXdS[9] = 1.03584e-01
dXdS[10] = 1.28664e-01
dXdS[11] = 1.44803e-01
dXdS[12] = 1.67374e-01
dXdS[13] = 1.62106e-01
dXdS[14] = 1.74809e-01
dXdS[15] = 1.95509e-01
dXdS[16] = 2.17925e-01
dXdS[17] = 2.19921e-01
dXdS[18] = 2.29795e-01
dXdS[19] = 1.52001e-01
dXdS[20] = 1.73666e-01
dXdS[21] = 1.94247e-01
dXdS[22] = 2.14477e-01
dXdS[23] = 2.27346e-01
dXdS[24] = 2.48621e-01
dXdS[25] = 2.65149e-01
dXdS[26] = 2.74984e-01
dXdS[27] = 2.84870e-01
dXdS[28] = 2.95687e-01
dXdS[29] = 3.00637e-01
dXdS[30] = 3.04878e-01
dXdS[31] = 3.08289e-01
dXdS[32] = 3.10729e-01
dXdS[33] = 2.65584e-01
dXdS[34] = 4.85268e-01
dXdS[35] = 5.06793e-01
dXdS[36] = 5.21608e-01
dXdS[37] = 5.42077e-01
dXdS[38] = 5.53665e-01
dXdS[39] = 5.65156e-01
dXdS[40] = 5.78211e-01
dXdS[41] = 5.93814e-01
dXdS[42] = 6.10184e-01
dXdS[43] = 6.25409e-01
dXdS[44] = 6.44846e-01
dXdS[45] = 6.65513e-01
dXdS[46] = 6.92216e-01
dXdS[47] = 7.22863e-01
dXdS[48] = 1.00000e+00
dXdS[49] = -1.12503e-01
dXdS[50] = 4.18785e-02


Iteration: 68
Index of specified variable before Newton's method: 48
Temperature before Newton's method: 5.15260e+02 K
Pressure before Newton's method: 4.41102e+07 Pa
Interpolation Scheme: Polynomial (Cubic)
Mixed error in Newton's method (should be < 1): 3.93348e-05
Nº of Newton iterations: 2
Delta of specified variable for the next iteration: 2.00000e-01
Next Iteration variable updated index: 48
lnK[0]		lnK[1]		lnK[2]		lnK[3]		lnK[4]		lnK[5]		lnK[6]		lnK[7]		lnK[8]		lnK[9]		lnK[10]		lnK[11]		lnK[12]		lnK[13]		lnK[14]		lnK[15]		lnK[16]		lnK[17]		lnK[18]		lnK[19]		lnK[20]		lnK[21]		lnK[22]		lnK[23]		lnK[24]		lnK[25]		lnK[26]		lnK[27]		lnK[28]		lnK[29]		lnK[30]		lnK[31]		lnK[32]		lnK[33]		lnK[34]		lnK[35]		lnK[36]		lnK[37]		lnK[38]		lnK[39]		lnK[40]		lnK[41]		lnK[42]		lnK[43]		lnK[44]		lnK[45]		lnK[46]		lnK[47]		lnK[48]		lnT(K)		lnP(Pa)		
-2.31591e-01	-2.95888e-01	-7.87390e-02	-1.82112e-01	-4.11838e-02	-2.49363e-01	1.14698e-01	1.46074e-01	2.15416e-01	2.27460e-01	3.03255e-01	3.62913e-01	4.07762e-01	4.05221e-01	4.52534e-01	4.92840e-01	5.60904e-01	5.63768e-01	5.92145e-01	3.73705e-01	4.39328e-01	5.02990e-01	5.63700e-01	6.04638e-01	6.73297e-01	7.20236e-01	7.61052e-01	7.94723e-01	8.32097e-01	8.56754e-01	8.80331e-01	9.02587e-01	9.23239e-01	8.72618e-01	1.31750e+00	1.38315e+00	1.43762e+00	1.50340e+00	1.54928e+00	1.59769e+00	1.64955e+00	1.70678e+00	1.76850e+00	1.82894e+00	1.89813e+00	1.97299e+00	2.06366e+00	2.16404e+00	2.80399e+00	6.24467e+00	1.76022e+01
Sensitivity vector: 
dXdS[0] = -4.75549e-02
dXdS[1] = -7.01906e-02
dXdS[2] = 1.45373e-02
dXdS[3] = -3.33426e-02
dXdS[4] = 1.63942e-02
dXdS[5] = -5.52355e-02
dXdS[6] = 6.58173e-02
dXdS[7] = 7.83592e-02
dXdS[8] = 9.90272e-02
dXdS[9] = 1.05299e-01
dXdS[10] = 1.30157e-01
dXdS[11] = 1.45583e-01
dXdS[12] = 1.69025e-01
dXdS[13] = 1.63188e-01
dXdS[14] = 1.75364e-01
dXdS[15] = 1.96906e-01
dXdS[16] = 2.19108e-01
dXdS[17] = 2.21242e-01
dXdS[18] = 2.31081e-01
dXdS[19] = 1.53294e-01
dXdS[20] = 1.74767e-01
dXdS[21] = 1.95104e-01
dXdS[22] = 2.15185e-01
dXdS[23] = 2.27852e-01
dXdS[24] = 2.48752e-01
dXdS[25] = 2.65269e-01
dXdS[26] = 2.74504e-01
dXdS[27] = 2.84128e-01
dXdS[28] = 2.94633e-01
dXdS[29] = 2.99088e-01
dXdS[30] = 3.02792e-01
dXdS[31] = 3.05620e-01
dXdS[32] = 3.07423e-01
dXdS[33] = 2.58828e-01
dXdS[34] = 4.86619e-01
dXdS[35] = 5.07932e-01
dXdS[36] = 5.22172e-01
dXdS[37] = 5.42287e-01
dXdS[38] = 5.53277e-01
dXdS[39] = 5.64042e-01
dXdS[40] = 5.76414e-01
dXdS[41] = 5.91416e-01
dXdS[42] = 6.07077e-01
dXdS[43] = 6.21503e-01
dXdS[44] = 6.40286e-01
dXdS[45] = 6.60195e-01
dXdS[46] = 6.86202e-01
dXdS[47] = 7.16221e-01
dXdS[48] = 1.00000e+00
dXdS[49] = -1.11363e-01
dXdS[50] = 3.14775e-02


Iteration: 69
Index of specified variable before Newton's method: 48
Temperature before Newton's method: 5.03975e+02 K
Pressure before Newton's method: 4.43454e+07 Pa
Interpolation Scheme: Polynomial (Cubic)
Mixed error in Newton's method (should be < 1): 2.66685e-05
Nº of Newton iterations: 2
Delta of specified variable for the next iteration: 2.00000e-01
Next Iteration variable updated index: 48
lnK[0]		lnK[1]		lnK[2]		lnK[3]		lnK[4]		lnK[5]		lnK[6]		lnK[7]		lnK[8]		lnK[9]		lnK[10]		lnK[11]		lnK[12]		lnK[13]		lnK[14]		lnK[15]		lnK[16]		lnK[17]		lnK[18]		lnK[19]		lnK[20]		lnK[21]		lnK[22]		lnK[23]		lnK[24]		lnK[25]		lnK[26]		lnK[27]		lnK[28]		lnK[29]		lnK[30]		lnK[31]		lnK[32]		lnK[33]		lnK[34]		lnK[35]		lnK[36]		lnK[37]		lnK[38]		lnK[39]		lnK[40]		lnK[41]		lnK[42]		lnK[43]		lnK[44]		lnK[45]		lnK[46]		lnK[47]		lnK[48]		lnT(K)		lnP(Pa)		
-2.40840e-01	-3.09662e-01	-7.54808e-02	-1.88557e-01	-3.76831e-02	-2.60161e-01	1.28020e-01	1.61920e-01	2.35351e-01	2.48675e-01	3.29420e-01	3.92094e-01	4.41715e-01	4.37952e-01	4.87651e-01	5.32346e-01	6.04829e-01	6.08133e-01	6.38475e-01	4.04479e-01	4.74378e-01	5.42085e-01	6.06798e-01	6.50249e-01	7.23053e-01	7.73295e-01	8.15900e-01	8.51472e-01	8.90917e-01	9.16418e-01	9.40685e-01	9.63450e-01	9.84403e-01	9.23736e-01	1.41495e+00	1.48484e+00	1.54211e+00	1.61187e+00	1.65989e+00	1.71039e+00	1.76466e+00	1.82483e+00	1.88962e+00	1.95287e+00	2.02575e+00	2.10452e+00	2.20032e+00	2.30665e+00	3.00399e+00	6.22252e+00	1.76075e+01
Sensitivity vector: 
dXdS[0] = -4.49848e-02
dXdS[1] = -6.75886e-02
dXdS[2] = 1.79941e-02
dXdS[3] = -3.11430e-02
dXdS[4] = 1.85744e-02
dXdS[5] = -5.27875e-02
dXdS[6] = 6.73711e-02
dXdS[7] = 8.00699e-02
dXdS[8] = 1.00301e-01
dXdS[9] = 1.06813e-01
dXdS[10] = 1.31464e-01
dXdS[11] = 1.46208e-01
dXdS[12] = 1.70471e-01
dXdS[13] = 1.64099e-01
dXdS[14] = 1.75779e-01
dXdS[15] = 1.98116e-01
dXdS[16] = 2.20118e-01
dXdS[17] = 2.22383e-01
dXdS[18] = 2.32187e-01
dXdS[19] = 1.54416e-01
dXdS[20] = 1.75712e-01
dXdS[21] = 1.95822e-01
dXdS[22] = 2.15768e-01
dXdS[23] = 2.28246e-01
dXdS[24] = 2.48799e-01
dXdS[25] = 2.65306e-01
dXdS[26] = 2.73977e-01
dXdS[27] = 2.83356e-01
dXdS[28] = 2.93568e-01
dXdS[29] = 2.97557e-01
dXdS[30] = 3.00756e-01
dXdS[31] = 3.03033e-01
dXdS[32] = 3.04236e-01
dXdS[33] = 2.52413e-01
dXdS[34] = 4.87841e-01
dXdS[35] = 5.08957e-01
dXdS[36] = 5.22659e-01
dXdS[37] = 5.42443e-01
dXdS[38] = 5.52874e-01
dXdS[39] = 5.62957e-01
dXdS[40] = 5.74688e-01
dXdS[41] = 5.89127e-01
dXdS[42] = 6.04123e-01
dXdS[43] = 6.17800e-01
dXdS[44] = 6.35968e-01
dXdS[45] = 6.55165e-01
dXdS[46] = 6.80519e-01
dXdS[47] = 7.09951e-01
dXdS[48] = 1.00000e+00
dXdS[49] = -1.10065e-01
dXdS[50] = 2.18384e-02


Iteration: 70
Index of specified variable before Newton's method: 48
Temperature before Newton's method: 4.93071e+02 K
Pressure before Newton's method: 4.44993e+07 Pa
Interpolation Scheme: Polynomial (Cubic)
Mixed error in Newton's method (should be < 1): 2.26232e-05
Nº of Newton iterations: 2
Delta of specified variable for the next iteration: 2.00000e-01
Next Iteration variable updated index: 48
lnK[0]		lnK[1]		lnK[2]		lnK[3]		lnK[4]		lnK[5]		lnK[6]		lnK[7]		lnK[8]		lnK[9]		lnK[10]		lnK[11]		lnK[12]		lnK[13]		lnK[14]		lnK[15]		lnK[16]		lnK[17]		lnK[18]		lnK[19]		lnK[20]		lnK[21]		lnK[22]		lnK[23]		lnK[24]		lnK[25]		lnK[26]		lnK[27]		lnK[28]		lnK[29]		lnK[30]		lnK[31]		lnK[32]		lnK[33]		lnK[34]		lnK[35]		lnK[36]		lnK[37]		lnK[38]		lnK[39]		lnK[40]		lnK[41]		lnK[42]		lnK[43]		lnK[44]		lnK[45]		lnK[46]		lnK[47]		lnK[48]		lnT(K)		lnP(Pa)		
-2.49600e-01	-3.22939e-01	-7.15604e-02	-1.94584e-01	-3.37684e-02	-2.70493e-01	1.41635e-01	1.78090e-01	2.55525e-01	2.70174e-01	3.55830e-01	4.21387e-01	4.75938e-01	4.70851e-01	5.22838e-01	5.72076e-01	6.48941e-01	6.52711e-01	6.85010e-01	4.35462e-01	5.09604e-01	5.81311e-01	6.50000e-01	6.95930e-01	7.72812e-01	8.26354e-01	8.70640e-01	9.08064e-01	9.49525e-01	9.75779e-01	1.00064e+00	1.02381e+00	1.04494e+00	9.73606e-01	1.51263e+00	1.58673e+00	1.64668e+00	1.72037e+00	1.77043e+00	1.82288e+00	1.87943e+00	1.94244e+00	2.01016e+00	2.07608e+00	2.15253e+00	2.23508e+00	2.33588e+00	2.44804e+00	3.20399e+00	6.20065e+00	1.76110e+01
Sensitivity vector: 
dXdS[0] = -4.26523e-02
dXdS[1] = -6.52232e-02
dXdS[2] = 2.11640e-02
dXdS[3] = -2.91605e-02
dXdS[4] = 2.05391e-02
dXdS[5] = -5.05647e-02
dXdS[6] = 6.87480e-02
dXdS[7] = 8.15945e-02
dXdS[8] = 1.01412e-01
dXdS[9] = 1.08154e-01
dXdS[10] = 1.32613e-01
dXdS[11] = 1.46706e-01
dXdS[12] = 1.71740e-01
dXdS[13] = 1.64864e-01
dXdS[14] = 1.76080e-01
dXdS[15] = 1.99164e-01
dXdS[16] = 2.20980e-01
dXdS[17] = 2.23370e-01
dXdS[18] = 2.33140e-01
dXdS[19] = 1.55393e-01
dXdS[20] = 1.76525e-01
dXdS[21] = 1.96424e-01
dXdS[22] = 2.16246e-01
dXdS[23] = 2.28549e-01
dXdS[24] = 2.48780e-01
dXdS[25] = 2.65278e-01
dXdS[26] = 2.73421e-01
dXdS[27] = 2.82570e-01
dXdS[28] = 2.92507e-01
dXdS[29] = 2.96059e-01
dXdS[30] = 2.98782e-01
dXdS[31] = 3.00543e-01
dXdS[32] = 3.01183e-01
dXdS[33] = 2.46343e-01
dXdS[34] = 4.88950e-01
dXdS[35] = 5.09884e-01
dXdS[36] = 5.23082e-01
dXdS[37] = 5.42559e-01
dXdS[38] = 5.52466e-01
dXdS[39] = 5.61910e-01
dXdS[40] = 5.73041e-01
dXdS[41] = 5.86953e-01
dXdS[42] = 6.01326e-01
dXdS[43] = 6.14300e-01
dXdS[44] = 6.31892e-01
dXdS[45] = 6.50422e-01
dXdS[46] = 6.75164e-01
dXdS[47] = 7.04048e-01
dXdS[48] = 1.00000e+00
dXdS[49] = -1.08637e-01
dXdS[50] = 1.29105e-02


Iteration: 71
Index of specified variable before Newton's method: 48
Temperature before Newton's method: 4.82547e+02 K
Pressure before Newton's method: 4.45770e+07 Pa
Interpolation Scheme: Polynomial (Cubic)
Mixed error in Newton's method (should be < 1): 2.27504e-05
Nº of Newton iterations: 2
Delta of specified variable for the next iteration: 2.00000e-01
Next Iteration variable updated index: 48
lnK[0]		lnK[1]		lnK[2]		lnK[3]		lnK[4]		lnK[5]		lnK[6]		lnK[7]		lnK[8]		lnK[9]		lnK[10]		lnK[11]		lnK[12]		lnK[13]		lnK[14]		lnK[15]		lnK[16]		lnK[17]		lnK[18]		lnK[19]		lnK[20]		lnK[21]		lnK[22]		lnK[23]		lnK[24]		lnK[25]		lnK[26]		lnK[27]		lnK[28]		lnK[29]		lnK[30]		lnK[31]		lnK[32]		lnK[33]		lnK[34]		lnK[35]		lnK[36]		lnK[37]		lnK[38]		lnK[39]		lnK[40]		lnK[41]		lnK[42]		lnK[43]		lnK[44]		lnK[45]		lnK[46]		lnK[47]		lnK[48]		lnT(K)		lnP(Pa)		
-2.57915e-01	-3.35765e-01	-6.70323e-02	-2.00234e-01	-2.94800e-02	-2.80400e-01	1.55509e-01	1.94547e-01	2.75907e-01	2.91926e-01	3.82456e-01	4.50769e-01	5.10400e-01	5.03890e-01	5.58077e-01	6.12002e-01	6.93212e-01	6.97472e-01	7.31722e-01	4.66627e-01	5.44981e-01	6.20648e-01	6.93290e-01	7.41664e-01	8.22562e-01	8.79403e-01	9.25268e-01	9.64500e-01	1.00792e+00	1.03484e+00	1.06020e+00	1.08367e+00	1.10489e+00	1.02230e+00	1.61052e+00	1.68879e+00	1.75134e+00	1.82889e+00	1.88088e+00	1.93516e+00	1.99388e+00	2.05962e+00	2.13016e+00	2.19861e+00	2.27852e+00	2.36471e+00	2.47041e+00	2.58829e+00	3.40399e+00	6.17908e+00	1.76127e+01
Sensitivity vector: 
dXdS[0] = -4.05289e-02
dXdS[1] = -6.30658e-02
dXdS[2] = 2.40767e-02
dXdS[3] = -2.73673e-02
dXdS[4] = 2.23152e-02
dXdS[5] = -4.85393e-02
dXdS[6] = 6.99725e-02
dXdS[7] = 8.29578e-02
dXdS[8] = 1.02385e-01
dXdS[9] = 1.09346e-01
dXdS[10] = 1.33627e-01
dXdS[11] = 1.47097e-01
dXdS[12] = 1.72855e-01
dXdS[13] = 1.65507e-01
dXdS[14] = 1.76287e-01
dXdS[15] = 2.00073e-01
dXdS[16] = 2.21715e-01
dXdS[17] = 2.24224e-01
dXdS[18] = 2.33960e-01
dXdS[19] = 1.56247e-01
dXdS[20] = 1.77227e-01
dXdS[21] = 1.96931e-01
dXdS[22] = 2.16640e-01
dXdS[23] = 2.28780e-01
dXdS[24] = 2.48713e-01
dXdS[25] = 2.65203e-01
dXdS[26] = 2.72850e-01
dXdS[27] = 2.81784e-01
dXdS[28] = 2.91464e-01
dXdS[29] = 2.94605e-01
dXdS[30] = 2.96883e-01
dXdS[31] = 2.98158e-01
dXdS[32] = 2.98270e-01
dXdS[33] = 2.40618e-01
dXdS[34] = 4.89960e-01
dXdS[35] = 5.10726e-01
dXdS[36] = 5.23452e-01
dXdS[37] = 5.42643e-01
dXdS[38] = 5.52061e-01
dXdS[39] = 5.60908e-01
dXdS[40] = 5.71477e-01
dXdS[41] = 5.84895e-01
dXdS[42] = 5.98685e-01
dXdS[43] = 6.11002e-01
dXdS[44] = 6.28054e-01
dXdS[45] = 6.45958e-01
dXdS[46] = 6.70128e-01
dXdS[47] = 6.98499e-01
dXdS[48] = 1.00000e+00
dXdS[49] = -1.07104e-01
dXdS[50] = 4.64339e-03


Iteration: 72
Index of specified variable before Newton's method: 48
Temperature before Newton's method: 4.72396e+02 K
Pressure before Newton's method: 4.45838e+07 Pa
Interpolation Scheme: Polynomial (Cubic)
Mixed error in Newton's method (should be < 1): 2.32243e-05
Nº of Newton iterations: 2
Delta of specified variable for the next iteration: 2.00000e-01
Next Iteration variable updated index: 48
lnK[0]		lnK[1]		lnK[2]		lnK[3]		lnK[4]		lnK[5]		lnK[6]		lnK[7]		lnK[8]		lnK[9]		lnK[10]		lnK[11]		lnK[12]		lnK[13]		lnK[14]		lnK[15]		lnK[16]		lnK[17]		lnK[18]		lnK[19]		lnK[20]		lnK[21]		lnK[22]		lnK[23]		lnK[24]		lnK[25]		lnK[26]		lnK[27]		lnK[28]		lnK[29]		lnK[30]		lnK[31]		lnK[32]		lnK[33]		lnK[34]		lnK[35]		lnK[36]		lnK[37]		lnK[38]		lnK[39]		lnK[40]		lnK[41]		lnK[42]		lnK[43]		lnK[44]		lnK[45]		lnK[46]		lnK[47]		lnK[48]		lnT(K)		lnP(Pa)		
-2.65824e-01	-3.48178e-01	-6.19452e-02	-2.05542e-01	-2.48533e-02	-2.89920e-01	1.69615e-01	2.11263e-01	2.96471e-01	3.13904e-01	4.09273e-01	4.80220e-01	5.45071e-01	5.37047e-01	5.93348e-01	6.52097e-01	7.37620e-01	7.42393e-01	7.78586e-01	4.97953e-01	5.80489e-01	6.60078e-01	7.36652e-01	7.87438e-01	8.72295e-01	9.32433e-01	9.79780e-01	1.02078e+00	1.06611e+00	1.09362e+00	1.11940e+00	1.14308e+00	1.16426e+00	1.06988e+00	1.70860e+00	1.79102e+00	1.85606e+00	1.93743e+00	1.99125e+00	2.04724e+00	2.10802e+00	2.17640e+00	2.24964e+00	2.32049e+00	2.40377e+00	2.49348e+00	2.60396e+00	2.72746e+00	3.60399e+00	6.15782e+00	1.76129e+01
Sensitivity vector: 
dXdS[0] = -3.85899e-02
dXdS[1] = -6.10918e-02
dXdS[2] = 2.67580e-02
dXdS[3] = -2.57400e-02
dXdS[4] = 2.39256e-02
dXdS[5] = -4.66874e-02
dXdS[6] = 7.10653e-02
dXdS[7] = 8.41808e-02
dXdS[8] = 1.03239e-01
dXdS[9] = 1.10410e-01
dXdS[10] = 1.34524e-01
dXdS[11] = 1.47400e-01
dXdS[12] = 1.73835e-01
dXdS[13] = 1.66046e-01
dXdS[14] = 1.76418e-01
dXdS[15] = 2.00861e-01
dXdS[16] = 2.22341e-01
dXdS[17] = 2.24963e-01
dXdS[18] = 2.34665e-01
dXdS[19] = 1.56996e-01
dXdS[20] = 1.77837e-01
dXdS[21] = 1.97359e-01
dXdS[22] = 2.16965e-01
dXdS[23] = 2.28954e-01
dXdS[24] = 2.48610e-01
dXdS[25] = 2.65093e-01
dXdS[26] = 2.72275e-01
dXdS[27] = 2.81008e-01
dXdS[28] = 2.90449e-01
dXdS[29] = 2.93205e-01
dXdS[30] = 2.95064e-01
dXdS[31] = 2.95884e-01
dXdS[32] = 2.95500e-01
dXdS[33] = 2.35229e-01
dXdS[34] = 4.90883e-01
dXdS[35] = 5.11493e-01
dXdS[36] = 5.23778e-01
dXdS[37] = 5.42704e-01
dXdS[38] = 5.51664e-01
dXdS[39] = 5.59953e-01
dXdS[40] = 5.69998e-01
dXdS[41] = 5.82954e-01
dXdS[42] = 5.96199e-01
dXdS[43] = 6.07900e-01
dXdS[44] = 6.24447e-01
dXdS[45] = 6.41766e-01
dXdS[46] = 6.65400e-01
dXdS[47] = 6.93293e-01
dXdS[48] = 1.00000e+00
dXdS[49] = -1.05488e-01
dXdS[50] = -3.01251e-03


Iteration: 73
Index of specified variable before Newton's method: 48
Temperature before Newton's method: 4.62611e+02 K
Pressure before Newton's method: 4.45250e+07 Pa
Interpolation Scheme: Polynomial (Cubic)
Mixed error in Newton's method (should be < 1): 2.66804e-05
Nº of Newton iterations: 2
Delta of specified variable for the next iteration: 2.00000e-01
Next Iteration variable updated index: 48
lnK[0]		lnK[1]		lnK[2]		lnK[3]		lnK[4]		lnK[5]		lnK[6]		lnK[7]		lnK[8]		lnK[9]		lnK[10]		lnK[11]		lnK[12]		lnK[13]		lnK[14]		lnK[15]		lnK[16]		lnK[17]		lnK[18]		lnK[19]		lnK[20]		lnK[21]		lnK[22]		lnK[23]		lnK[24]		lnK[25]		lnK[26]		lnK[27]		lnK[28]		lnK[29]		lnK[30]		lnK[31]		lnK[32]		lnK[33]		lnK[34]		lnK[35]		lnK[36]		lnK[37]		lnK[38]		lnK[39]		lnK[40]		lnK[41]		lnK[42]		lnK[43]		lnK[44]		lnK[45]		lnK[46]		lnK[47]		lnK[48]		lnT(K)		lnP(Pa)		
-2.73362e-01	-3.60213e-01	-5.63430e-02	-2.10539e-01	-1.99195e-02	-2.99085e-01	1.83928e-01	2.28212e-01	3.17196e-01	3.36082e-01	4.36259e-01	5.09725e-01	5.79927e-01	5.70303e-01	6.28639e-01	6.92339e-01	7.82143e-01	7.87451e-01	8.25581e-01	5.29420e-01	6.16110e-01	6.99587e-01	7.80073e-01	8.33242e-01	9.22004e-01	9.85438e-01	1.03418e+00	1.07690e+00	1.12410e+00	1.15213e+00	1.17823e+00	1.20204e+00	1.22309e+00	1.11641e+00	1.80687e+00	1.89338e+00	1.96085e+00	2.04597e+00	2.10155e+00	2.15914e+00	2.22188e+00	2.29281e+00	2.36865e+00	2.44178e+00	2.52832e+00	2.62143e+00	2.73659e+00	2.86563e+00	3.80399e+00	6.13689e+00	1.76116e+01
Sensitivity vector: 
dXdS[0] = -3.68142e-02
dXdS[1] = -5.92800e-02
dXdS[2] = 2.92311e-02
dXdS[3] = -2.42582e-02
dXdS[4] = 2.53901e-02
dXdS[5] = -4.49885e-02
dXdS[6] = 7.20442e-02
dXdS[7] = 8.52815e-02
dXdS[8] = 1.03991e-01
dXdS[9] = 1.11361e-01
dXdS[10] = 1.35320e-01
dXdS[11] = 1.47631e-01
dXdS[12] = 1.74700e-01
dXdS[13] = 1.66497e-01
dXdS[14] = 1.76486e-01
dXdS[15] = 2.01546e-01
dXdS[16] = 2.22875e-01
dXdS[17] = 2.25604e-01
dXdS[18] = 2.35272e-01
dXdS[19] = 1.57655e-01
dXdS[20] = 1.78367e-01
dXdS[21] = 1.97721e-01
dXdS[22] = 2.17232e-01
dXdS[23] = 2.29081e-01
dXdS[24] = 2.48482e-01
dXdS[25] = 2.64957e-01
dXdS[26] = 2.71705e-01
dXdS[27] = 2.80251e-01
dXdS[28] = 2.89466e-01
dXdS[29] = 2.91861e-01
dXdS[30] = 2.93328e-01
dXdS[31] = 2.93723e-01
dXdS[32] = 2.92873e-01
dXdS[33] = 2.30167e-01
dXdS[34] = 4.91729e-01
dXdS[35] = 5.12194e-01
dXdS[36] = 5.24068e-01
dXdS[37] = 5.42747e-01
dXdS[38] = 5.51281e-01
dXdS[39] = 5.59048e-01
dXdS[40] = 5.68602e-01
dXdS[41] = 5.81128e-01
dXdS[42] = 5.93862e-01
dXdS[43] = 6.04987e-01
dXdS[44] = 6.21062e-01
dXdS[45] = 6.37833e-01
dXdS[46] = 6.60966e-01
dXdS[47] = 6.88413e-01
dXdS[48] = 1.00000e+00
dXdS[49] = -1.03811e-01
dXdS[50] = -1.01052e-02


Iteration: 74
Index of specified variable before Newton's method: 48
Temperature before Newton's method: 4.53183e+02 K
Pressure before Newton's method: 4.44055e+07 Pa
Interpolation Scheme: Polynomial (Cubic)
Mixed error in Newton's method (should be < 1): 4.30730e-05
Nº of Newton iterations: 2
Delta of specified variable for the next iteration: 2.00000e-01
Next Iteration variable updated index: 48
lnK[0]		lnK[1]		lnK[2]		lnK[3]		lnK[4]		lnK[5]		lnK[6]		lnK[7]		lnK[8]		lnK[9]		lnK[10]		lnK[11]		lnK[12]		lnK[13]		lnK[14]		lnK[15]		lnK[16]		lnK[17]		lnK[18]		lnK[19]		lnK[20]		lnK[21]		lnK[22]		lnK[23]		lnK[24]		lnK[25]		lnK[26]		lnK[27]		lnK[28]		lnK[29]		lnK[30]		lnK[31]		lnK[32]		lnK[33]		lnK[34]		lnK[35]		lnK[36]		lnK[37]		lnK[38]		lnK[39]		lnK[40]		lnK[41]		lnK[42]		lnK[43]		lnK[44]		lnK[45]		lnK[46]		lnK[47]		lnK[48]		lnT(K)		lnP(Pa)		
-2.80560e-01	-3.71899e-01	-5.02653e-02	-2.15254e-01	-1.47059e-02	-3.07925e-01	1.98426e-01	2.45369e-01	3.38062e-01	3.58442e-01	4.63396e-01	5.39269e-01	6.14944e-01	6.03641e-01	6.63939e-01	7.32710e-01	8.26764e-01	8.32629e-01	8.72689e-01	5.61010e-01	6.51831e-01	7.39163e-01	8.23542e-01	8.79068e-01	9.71686e-01	1.03841e+00	1.08846e+00	1.13288e+00	1.18190e+00	1.21037e+00	1.23673e+00	1.26057e+00	1.28142e+00	1.16196e+00	1.90529e+00	1.99589e+00	2.06569e+00	2.15452e+00	2.21177e+00	2.27086e+00	2.33547e+00	2.40886e+00	2.48720e+00	2.56250e+00	2.65221e+00	2.74863e+00	2.86836e+00	3.00285e+00	4.00399e+00	6.11630e+00	1.76089e+01
Sensitivity vector: 
dXdS[0] = -3.51834e-02
dXdS[1] = -5.76121e-02
dXdS[2] = 3.15163e-02
dXdS[3] = -2.29048e-02
dXdS[4] = 2.67258e-02
dXdS[5] = -4.34251e-02
dXdS[6] = 7.29239e-02
dXdS[7] = 8.62752e-02
dXdS[8] = 1.04655e-01
dXdS[9] = 1.12216e-01
dXdS[10] = 1.36030e-01
dXdS[11] = 1.47800e-01
dXdS[12] = 1.75462e-01
dXdS[13] = 1.66872e-01
dXdS[14] = 1.76503e-01
dXdS[15] = 2.02141e-01
dXdS[16] = 2.23329e-01
dXdS[17] = 2.26160e-01
dXdS[18] = 2.35794e-01
dXdS[19] = 1.58238e-01
dXdS[20] = 1.78830e-01
dXdS[21] = 1.98027e-01
dXdS[22] = 2.17453e-01
dXdS[23] = 2.29172e-01
dXdS[24] = 2.48336e-01
dXdS[25] = 2.64805e-01
dXdS[26] = 2.71146e-01
dXdS[27] = 2.79516e-01
dXdS[28] = 2.88522e-01
dXdS[29] = 2.90578e-01
dXdS[30] = 2.91678e-01
dXdS[31] = 2.91673e-01
dXdS[32] = 2.90388e-01
dXdS[33] = 2.25419e-01
dXdS[34] = 4.92507e-01
dXdS[35] = 5.12838e-01
dXdS[36] = 5.24327e-01
dXdS[37] = 5.42776e-01
dXdS[38] = 5.50912e-01
dXdS[39] = 5.58193e-01
dXdS[40] = 5.67290e-01
dXdS[41] = 5.79413e-01
dXdS[42] = 5.91670e-01
dXdS[43] = 6.02257e-01
dXdS[44] = 6.17890e-01
dXdS[45] = 6.34148e-01
dXdS[46] = 6.56813e-01
dXdS[47] = 6.83842e-01
dXdS[48] = 1.00000e+00
dXdS[49] = -1.02090e-01
dXdS[50] = -1.66810e-02


Iteration: 75
Index of specified variable before Newton's method: 48
Temperature before Newton's method: 4.44101e+02 K
Pressure before Newton's method: 4.42303e+07 Pa
Interpolation Scheme: Polynomial (Cubic)
Mixed error in Newton's method (should be < 1): 1.80049e-04
Nº of Newton iterations: 2
Delta of specified variable for the next iteration: 2.00000e-01
Next Iteration variable updated index: 48
lnK[0]		lnK[1]		lnK[2]		lnK[3]		lnK[4]		lnK[5]		lnK[6]		lnK[7]		lnK[8]		lnK[9]		lnK[10]		lnK[11]		lnK[12]		lnK[13]		lnK[14]		lnK[15]		lnK[16]		lnK[17]		lnK[18]		lnK[19]		lnK[20]		lnK[21]		lnK[22]		lnK[23]		lnK[24]		lnK[25]		lnK[26]		lnK[27]		lnK[28]		lnK[29]		lnK[30]		lnK[31]		lnK[32]		lnK[33]		lnK[34]		lnK[35]		lnK[36]		lnK[37]		lnK[38]		lnK[39]		lnK[40]		lnK[41]		lnK[42]		lnK[43]		lnK[44]		lnK[45]		lnK[46]		lnK[47]		lnK[48]		lnT(K)		lnP(Pa)		
-2.87444e-01	-3.83266e-01	-4.37478e-02	-2.19709e-01	-9.23677e-03	-3.16463e-01	2.13092e-01	2.62715e-01	3.59053e-01	3.80963e-01	4.90666e-01	5.68841e-01	6.50105e-01	6.37047e-01	6.99238e-01	7.73191e-01	8.71470e-01	8.77910e-01	9.19894e-01	5.92711e-01	6.87638e-01	7.78795e-01	8.67051e-01	9.24909e-01	1.02134e+00	1.09136e+00	1.14264e+00	1.18871e+00	1.23951e+00	1.26837e+00	1.29491e+00	1.31871e+00	1.33926e+00	1.20660e+00	2.00387e+00	2.09852e+00	2.17057e+00	2.26308e+00	2.32191e+00	2.38242e+00	2.44880e+00	2.52458e+00	2.60532e+00	2.68269e+00	2.77549e+00	2.87511e+00	2.99933e+00	3.13918e+00	4.20399e+00	6.09605e+00	1.76049e+01
Sensitivity vector: 
dXdS[0] = -3.36818e-02
dXdS[1] = -5.60724e-02
dXdS[2] = 3.36316e-02
dXdS[3] = -2.16649e-02
dXdS[4] = 2.79474e-02
dXdS[5] = -4.19821e-02
dXdS[6] = 7.37171e-02
dXdS[7] = 8.71749e-02
dXdS[8] = 1.05244e-01
dXdS[9] = 1.12986e-01
dXdS[10] = 1.36665e-01
dXdS[11] = 1.47920e-01
dXdS[12] = 1.76135e-01
dXdS[13] = 1.67183e-01
dXdS[14] = 1.76479e-01
dXdS[15] = 2.02658e-01
dXdS[16] = 2.23714e-01
dXdS[17] = 2.26642e-01
dXdS[18] = 2.36242e-01
dXdS[19] = 1.58755e-01
dXdS[20] = 1.79236e-01
dXdS[21] = 1.98288e-01
dXdS[22] = 2.17636e-01
dXdS[23] = 2.29234e-01
dXdS[24] = 2.48179e-01
dXdS[25] = 2.64641e-01
dXdS[26] = 2.70603e-01
dXdS[27] = 2.78809e-01
dXdS[28] = 2.87617e-01
dXdS[29] = 2.89357e-01
dXdS[30] = 2.90113e-01
dXdS[31] = 2.89733e-01
dXdS[32] = 2.88041e-01
dXdS[33] = 2.20970e-01
dXdS[34] = 4.93223e-01
dXdS[35] = 5.13431e-01
dXdS[36] = 5.24561e-01
dXdS[37] = 5.42797e-01
dXdS[38] = 5.50562e-01
dXdS[39] = 5.57388e-01
dXdS[40] = 5.66057e-01
dXdS[41] = 5.77804e-01
dXdS[42] = 5.89616e-01
dXdS[43] = 5.99700e-01
dXdS[44] = 6.14920e-01
dXdS[45] = 6.30698e-01
dXdS[46] = 6.52925e-01
dXdS[47] = 6.79565e-01
dXdS[48] = 1.00000e+00
dXdS[49] = -1.00339e-01
dXdS[50] = -2.27837e-02


Iteration: 76
Index of specified variable before Newton's method: 48
Temperature before Newton's method: 4.35355e+02 K
Pressure before Newton's method: 4.40039e+07 Pa
Interpolation Scheme: Polynomial (Cubic)
Mixed error in Newton's method (should be < 1): 3.03958e-05
Nº of Newton iterations: 2
Delta of specified variable for the next iteration: 2.00000e-01
Next Iteration variable updated index: 48
lnK[0]		lnK[1]		lnK[2]		lnK[3]		lnK[4]		lnK[5]		lnK[6]		lnK[7]		lnK[8]		lnK[9]		lnK[10]		lnK[11]		lnK[12]		lnK[13]		lnK[14]		lnK[15]		lnK[16]		lnK[17]		lnK[18]		lnK[19]		lnK[20]		lnK[21]		lnK[22]		lnK[23]		lnK[24]		lnK[25]		lnK[26]		lnK[27]		lnK[28]		lnK[29]		lnK[30]		lnK[31]		lnK[32]		lnK[33]		lnK[34]		lnK[35]		lnK[36]		lnK[37]		lnK[38]		lnK[39]		lnK[40]		lnK[41]		lnK[42]		lnK[43]		lnK[44]		lnK[45]		lnK[46]		lnK[47]		lnK[48]		lnT(K)		lnP(Pa)		
-2.94040e-01	-3.94336e-01	-3.68229e-02	-2.23926e-01	-3.53369e-03	-3.24725e-01	2.27908e-01	2.80233e-01	3.80155e-01	4.03631e-01	5.18057e-01	5.98434e-01	6.85393e-01	6.70510e-01	7.34528e-01	8.13768e-01	9.16246e-01	9.23281e-01	9.67182e-01	6.24508e-01	7.23522e-01	8.18475e-01	9.10594e-01	9.70760e-01	1.07096e+00	1.14427e+00	1.19671e+00	1.24441e+00	1.29695e+00	1.32612e+00	1.35278e+00	1.37647e+00	1.39664e+00	1.25037e+00	2.10258e+00	2.20126e+00	2.27551e+00	2.37164e+00	2.43199e+00	2.49382e+00	2.56190e+00	2.63999e+00	2.72305e+00	2.80239e+00	2.89819e+00	3.00092e+00	3.12955e+00	3.27469e+00	4.40399e+00	6.07616e+00	1.75998e+01
Sensitivity vector: 
dXdS[0] = -3.22955e-02
dXdS[1] = -5.46472e-02
dXdS[2] = 3.55931e-02
dXdS[3] = -2.05257e-02
dXdS[4] = 2.90675e-02
dXdS[5] = -4.06463e-02
dXdS[6] = 7.44347e-02
dXdS[7] = 8.79918e-02
dXdS[8] = 1.05767e-01
dXdS[9] = 1.13681e-01
dXdS[10] = 1.37235e-01
dXdS[11] = 1.47997e-01
dXdS[12] = 1.76730e-01
dXdS[13] = 1.67440e-01
dXdS[14] = 1.76422e-01
dXdS[15] = 2.03106e-01
dXdS[16] = 2.24039e-01
dXdS[17] = 2.27059e-01
dXdS[18] = 2.36625e-01
dXdS[19] = 1.59214e-01
dXdS[20] = 1.79593e-01
dXdS[21] = 1.98510e-01
dXdS[22] = 2.17787e-01
dXdS[23] = 2.29273e-01
dXdS[24] = 2.48016e-01
dXdS[25] = 2.64471e-01
dXdS[26] = 2.70077e-01
dXdS[27] = 2.78130e-01
dXdS[28] = 2.86755e-01
dXdS[29] = 2.88197e-01
dXdS[30] = 2.88631e-01
dXdS[31] = 2.87901e-01
dXdS[32] = 2.85827e-01
dXdS[33] = 2.16805e-01
dXdS[34] = 4.93886e-01
dXdS[35] = 5.13979e-01
dXdS[36] = 5.24774e-01
dXdS[37] = 5.42812e-01
dXdS[38] = 5.50230e-01
dXdS[39] = 5.56632e-01
dXdS[40] = 5.64902e-01
dXdS[41] = 5.76298e-01
dXdS[42] = 5.87692e-01
dXdS[43] = 5.97307e-01
dXdS[44] = 6.12140e-01
dXdS[45] = 6.27469e-01
dXdS[46] = 6.49287e-01
dXdS[47] = 6.75563e-01
dXdS[48] = 1.00000e+00
dXdS[49] = -9.85725e-02
dXdS[50] = -2.84547e-02


Iteration: 77
Index of specified variable before Newton's method: 48
Temperature before Newton's method: 4.26932e+02 K
Pressure before Newton's method: 4.37308e+07 Pa
Interpolation Scheme: Polynomial (Cubic)
Mixed error in Newton's method (should be < 1): 2.32907e-05
Nº of Newton iterations: 2
Delta of specified variable for the next iteration: 2.00000e-01
Next Iteration variable updated index: 48
lnK[0]		lnK[1]		lnK[2]		lnK[3]		lnK[4]		lnK[5]		lnK[6]		lnK[7]		lnK[8]		lnK[9]		lnK[10]		lnK[11]		lnK[12]		lnK[13]		lnK[14]		lnK[15]		lnK[16]		lnK[17]		lnK[18]		lnK[19]		lnK[20]		lnK[21]		lnK[22]		lnK[23]		lnK[24]		lnK[25]		lnK[26]		lnK[27]		lnK[28]		lnK[29]		lnK[30]		lnK[31]		lnK[32]		lnK[33]		lnK[34]		lnK[35]		lnK[36]		lnK[37]		lnK[38]		lnK[39]		lnK[40]		lnK[41]		lnK[42]		lnK[43]		lnK[44]		lnK[45]		lnK[46]		lnK[47]		lnK[48]		lnT(K)		lnP(Pa)		
-3.00369e-01	-4.05132e-01	-2.95199e-02	-2.27925e-01	2.38419e-03	-3.32728e-01	2.42861e-01	2.97907e-01	4.01356e-01	4.26431e-01	5.45556e-01	6.28038e-01	7.20793e-01	7.04020e-01	7.69805e-01	8.54429e-01	9.61082e-01	9.68730e-01	1.01454e+00	6.56393e-01	7.59473e-01	8.58197e-01	9.54164e-01	1.01662e+00	1.12054e+00	1.19715e+00	1.25067e+00	1.29997e+00	1.35422e+00	1.38365e+00	1.41037e+00	1.43388e+00	1.45360e+00	1.29334e+00	2.20142e+00	2.30411e+00	2.38048e+00	2.48021e+00	2.54201e+00	2.60508e+00	2.67477e+00	2.75511e+00	2.84041e+00	2.92163e+00	3.02036e+00	3.12611e+00	3.25906e+00	3.40943e+00	4.60399e+00	6.05662e+00	1.75936e+01
Sensitivity vector: 
dXdS[0] = -3.10126e-02
dXdS[1] = -5.33245e-02
dXdS[2] = 3.74148e-02
dXdS[3] = -1.94761e-02
dXdS[4] = 3.00971e-02
dXdS[5] = -3.94065e-02
dXdS[6] = 7.50858e-02
dXdS[7] = 8.87356e-02
dXdS[8] = 1.06233e-01
dXdS[9] = 1.14311e-01
dXdS[10] = 1.37747e-01
dXdS[11] = 1.48040e-01
dXdS[12] = 1.77256e-01
dXdS[13] = 1.67649e-01
dXdS[14] = 1.76337e-01
dXdS[15] = 2.03495e-01
dXdS[16] = 2.24312e-01
dXdS[17] = 2.27419e-01
dXdS[18] = 2.36952e-01
dXdS[19] = 1.59624e-01
dXdS[20] = 1.79909e-01
dXdS[21] = 1.98701e-01
dXdS[22] = 2.17912e-01
dXdS[23] = 2.29294e-01
dXdS[24] = 2.47851e-01
dXdS[25] = 2.64299e-01
dXdS[26] = 2.69572e-01
dXdS[27] = 2.77482e-01
dXdS[28] = 2.85935e-01
dXdS[29] = 2.87099e-01
dXdS[30] = 2.87230e-01
dXdS[31] = 2.86172e-01
dXdS[32] = 2.83741e-01
dXdS[33] = 2.12909e-01
dXdS[34] = 4.94500e-01
dXdS[35] = 5.14487e-01
dXdS[36] = 5.24969e-01
dXdS[37] = 5.42822e-01
dXdS[38] = 5.49917e-01
dXdS[39] = 5.55923e-01
dXdS[40] = 5.63821e-01
dXdS[41] = 5.74889e-01
dXdS[42] = 5.85894e-01
dXdS[43] = 5.95069e-01
dXdS[44] = 6.09541e-01
dXdS[45] = 6.24449e-01
dXdS[46] = 6.45884e-01
dXdS[47] = 6.71820e-01
dXdS[48] = 1.00000e+00
dXdS[49] = -9.68005e-02
dXdS[50] = -3.37327e-02


Iteration: 78
Index of specified variable before Newton's method: 48
Temperature before Newton's method: 4.18820e+02 K
Pressure before Newton's method: 4.34152e+07 Pa
Interpolation Scheme: Polynomial (Cubic)
Mixed error in Newton's method (should be < 1): 3.53782e-05
Nº of Newton iterations: 2
Delta of specified variable for the next iteration: 2.00000e-01
Next Iteration variable updated index: 48
lnK[0]		lnK[1]		lnK[2]		lnK[3]		lnK[4]		lnK[5]		lnK[6]		lnK[7]		lnK[8]		lnK[9]		lnK[10]		lnK[11]		lnK[12]		lnK[13]		lnK[14]		lnK[15]		lnK[16]		lnK[17]		lnK[18]		lnK[19]		lnK[20]		lnK[21]		lnK[22]		lnK[23]		lnK[24]		lnK[25]		lnK[26]		lnK[27]		lnK[28]		lnK[29]		lnK[30]		lnK[31]		lnK[32]		lnK[33]		lnK[34]		lnK[35]		lnK[36]		lnK[37]		lnK[38]		lnK[39]		lnK[40]		lnK[41]		lnK[42]		lnK[43]		lnK[44]		lnK[45]		lnK[46]		lnK[47]		lnK[48]		lnT(K)		lnP(Pa)		
-3.06451e-01	-4.15672e-01	-2.18654e-02	-2.31722e-01	8.49974e-03	-3.40493e-01	2.57938e-01	3.15723e-01	4.22645e-01	4.49352e-01	5.73153e-01	6.57648e-01	7.56292e-01	7.37567e-01	8.05062e-01	8.95163e-01	1.00597e+00	1.01425e+00	1.06196e+00	6.88355e-01	7.95483e-01	8.97954e-01	9.97757e-01	1.06248e+00	1.17010e+00	1.24999e+00	1.30454e+00	1.35540e+00	1.41133e+00	1.44096e+00	1.46768e+00	1.49095e+00	1.51015e+00	1.33555e+00	2.30037e+00	2.40705e+00	2.48549e+00	2.58877e+00	2.65196e+00	2.71619e+00	2.78743e+00	2.86995e+00	2.95742e+00	3.04043e+00	3.14202e+00	3.25072e+00	3.38792e+00	3.54344e+00	4.80399e+00	6.03744e+00	1.75863e+01
Sensitivity vector: 
dXdS[0] = -2.98226e-02
dXdS[1] = -5.20941e-02
dXdS[2] = 3.91096e-02
dXdS[3] = -1.85065e-02
dXdS[4] = 3.10457e-02
dXdS[5] = -3.82527e-02
dXdS[6] = 7.56783e-02
dXdS[7] = 8.94145e-02
dXdS[8] = 1.06649e-01
dXdS[9] = 1.14883e-01
dXdS[10] = 1.38209e-01
dXdS[11] = 1.48054e-01
dXdS[12] = 1.77722e-01
dXdS[13] = 1.67819e-01
dXdS[14] = 1.76231e-01
dXdS[15] = 2.03832e-01
dXdS[16] = 2.24541e-01
dXdS[17] = 2.27731e-01
dXdS[18] = 2.37231e-01
dXdS[19] = 1.59991e-01
dXdS[20] = 1.80189e-01
dXdS[21] = 1.98864e-01
dXdS[22] = 2.18016e-01
dXdS[23] = 2.29302e-01
dXdS[24] = 2.47686e-01
dXdS[25] = 2.64127e-01
dXdS[26] = 2.69088e-01
dXdS[27] = 2.76864e-01
dXdS[28] = 2.85156e-01
dXdS[29] = 2.86060e-01
dXdS[30] = 2.85908e-01
dXdS[31] = 2.84543e-01
dXdS[32] = 2.81777e-01
dXdS[33] = 2.09265e-01
dXdS[34] = 4.95070e-01
dXdS[35] = 5.14959e-01
dXdS[36] = 5.25148e-01
dXdS[37] = 5.42831e-01
dXdS[38] = 5.49624e-01
dXdS[39] = 5.55261e-01
dXdS[40] = 5.62811e-01
dXdS[41] = 5.73571e-01
dXdS[42] = 5.84212e-01
dXdS[43] = 5.92977e-01
dXdS[44] = 6.07110e-01
dXdS[45] = 6.21625e-01
dXdS[46] = 6.42701e-01
dXdS[47] = 6.68320e-01
dXdS[48] = 1.00000e+00
dXdS[49] = -9.50322e-02
dXdS[50] = -3.86536e-02


Iteration: 79
Index of specified variable before Newton's method: 48
Temperature before Newton's method: 4.11007e+02 K
Pressure before Newton's method: 4.30608e+07 Pa
Interpolation Scheme: Polynomial (Cubic)
Mixed error in Newton's method (should be < 1): 7.95007e-05
Nº of Newton iterations: 2
Delta of specified variable for the next iteration: 2.00000e-01
Next Iteration variable updated index: 48
lnK[0]		lnK[1]		lnK[2]		lnK[3]		lnK[4]		lnK[5]		lnK[6]		lnK[7]		lnK[8]		lnK[9]		lnK[10]		lnK[11]		lnK[12]		lnK[13]		lnK[14]		lnK[15]		lnK[16]		lnK[17]		lnK[18]		lnK[19]		lnK[20]		lnK[21]		lnK[22]		lnK[23]		lnK[24]		lnK[25]		lnK[26]		lnK[27]		lnK[28]		lnK[29]		lnK[30]		lnK[31]		lnK[32]		lnK[33]		lnK[34]		lnK[35]		lnK[36]		lnK[37]		lnK[38]		lnK[39]		lnK[40]		lnK[41]		lnK[42]		lnK[43]		lnK[44]		lnK[45]		lnK[46]		lnK[47]		lnK[48]		lnT(K)		lnP(Pa)		
-3.12304e-01	-4.25975e-01	-1.38838e-02	-2.35333e-01	1.47976e-02	-3.48035e-01	2.73129e-01	3.33669e-01	4.44012e-01	4.72381e-01	6.00837e-01	6.87258e-01	7.91878e-01	7.71145e-01	8.40296e-01	9.35959e-01	1.05090e+00	1.05982e+00	1.10943e+00	7.20387e-01	8.31546e-01	9.37741e-01	1.04137e+00	1.10834e+00	1.21962e+00	1.30280e+00	1.35831e+00	1.41071e+00	1.46828e+00	1.49808e+00	1.52474e+00	1.54770e+00	1.56632e+00	1.37706e+00	2.39944e+00	2.51009e+00	2.59054e+00	2.69734e+00	2.76186e+00	2.82718e+00	2.89990e+00	2.98454e+00	3.07410e+00	3.15883e+00	3.26321e+00	3.37477e+00	3.51616e+00	3.67677e+00	5.00399e+00	6.01861e+00	1.75781e+01
Sensitivity vector: 
dXdS[0] = -2.87164e-02
dXdS[1] = -5.09468e-02
dXdS[2] = 4.06884e-02
dXdS[3] = -1.76087e-02
dXdS[4] = 3.19218e-02
dXdS[5] = -3.71764e-02
dXdS[6] = 7.62189e-02
dXdS[7] = 9.00357e-02
dXdS[8] = 1.07021e-01
dXdS[9] = 1.15404e-01
dXdS[10] = 1.38627e-01
dXdS[11] = 1.48044e-01
dXdS[12] = 1.78133e-01
dXdS[13] = 1.67953e-01
dXdS[14] = 1.76108e-01
dXdS[15] = 2.04122e-01
dXdS[16] = 2.24730e-01
dXdS[17] = 2.27999e-01
dXdS[18] = 2.37466e-01
dXdS[19] = 1.60321e-01
dXdS[20] = 1.80438e-01
dXdS[21] = 1.99005e-01
dXdS[22] = 2.18102e-01
dXdS[23] = 2.29299e-01
dXdS[24] = 2.47524e-01
dXdS[25] = 2.63958e-01
dXdS[26] = 2.68627e-01
dXdS[27] = 2.76278e-01
dXdS[28] = 2.84420e-01
dXdS[29] = 2.85079e-01
dXdS[30] = 2.84662e-01
dXdS[31] = 2.83009e-01
dXdS[32] = 2.79929e-01
dXdS[33] = 2.05861e-01
dXdS[34] = 4.95602e-01
dXdS[35] = 5.15399e-01
dXdS[36] = 5.25315e-01
dXdS[37] = 5.42839e-01
dXdS[38] = 5.49351e-01
dXdS[39] = 5.54642e-01
dXdS[40] = 5.61867e-01
dXdS[41] = 5.72341e-01
dXdS[42] = 5.82642e-01
dXdS[43] = 5.91022e-01
dXdS[44] = 6.04839e-01
dXdS[45] = 6.18985e-01
dXdS[46] = 6.39726e-01
dXdS[47] = 6.65048e-01
dXdS[48] = 1.00000e+00
dXdS[49] = -9.32747e-02
dXdS[50] = -4.32504e-02


Iteration: 80
Index of specified variable before Newton's method: 48
Temperature before Newton's method: 4.03481e+02 K
Pressure before Newton's method: 4.26714e+07 Pa
Interpolation Scheme: Polynomial (Cubic)
Mixed error in Newton's method (should be < 1): 7.13881e-05
Nº of Newton iterations: 2
Delta of specified variable for the next iteration: 2.00000e-01
Next Iteration variable updated index: 48
lnK[0]		lnK[1]		lnK[2]		lnK[3]		lnK[4]		lnK[5]		lnK[6]		lnK[7]		lnK[8]		lnK[9]		lnK[10]		lnK[11]		lnK[12]		lnK[13]		lnK[14]		lnK[15]		lnK[16]		lnK[17]		lnK[18]		lnK[19]		lnK[20]		lnK[21]		lnK[22]		lnK[23]		lnK[24]		lnK[25]		lnK[26]		lnK[27]		lnK[28]		lnK[29]		lnK[30]		lnK[31]		lnK[32]		lnK[33]		lnK[34]		lnK[35]		lnK[36]		lnK[37]		lnK[38]		lnK[39]		lnK[40]		lnK[41]		lnK[42]		lnK[43]		lnK[44]		lnK[45]		lnK[46]		lnK[47]		lnK[48]		lnT(K)		lnP(Pa)		
-3.17943e-01	-4.36056e-01	-5.59711e-03	-2.38770e-01	2.12641e-02	-3.55368e-01	2.88423e-01	3.51734e-01	4.65450e-01	4.95510e-01	6.28601e-01	7.16864e-01	8.27542e-01	8.04747e-01	8.75504e-01	9.76809e-01	1.09586e+00	1.10544e+00	1.15694e+00	7.52481e-01	8.67657e-01	9.77554e-01	1.08500e+00	1.15420e+00	1.26911e+00	1.35557e+00	1.41199e+00	1.46591e+00	1.52510e+00	1.55500e+00	1.58155e+00	1.60416e+00	1.62213e+00	1.41791e+00	2.49861e+00	2.61321e+00	2.69562e+00	2.80591e+00	2.87170e+00	2.93805e+00	3.01218e+00	3.09889e+00	3.19048e+00	3.27685e+00	3.38396e+00	3.49832e+00	3.64382e+00	3.80947e+00	5.20399e+00	6.00013e+00	1.75690e+01
Sensitivity vector: 
dXdS[0] = -2.76858e-02
dXdS[1] = -4.98745e-02
dXdS[2] = 4.21613e-02
dXdS[3] = -1.67752e-02
dXdS[4] = 3.27324e-02
dXdS[5] = -3.61698e-02
dXdS[6] = 7.67136e-02
dXdS[7] = 9.06054e-02
dXdS[8] = 1.07354e-01
dXdS[9] = 1.15880e-01
dXdS[10] = 1.39007e-01
dXdS[11] = 1.48013e-01
dXdS[12] = 1.78496e-01
dXdS[13] = 1.68058e-01
dXdS[14] = 1.75970e-01
dXdS[15] = 2.04372e-01
dXdS[16] = 2.24885e-01
dXdS[17] = 2.28229e-01
dXdS[18] = 2.37663e-01
dXdS[19] = 1.60618e-01
dXdS[20] = 1.80660e-01
dXdS[21] = 1.99126e-01
dXdS[22] = 2.18175e-01
dXdS[23] = 2.29288e-01
dXdS[24] = 2.47366e-01
dXdS[25] = 2.63794e-01
dXdS[26] = 2.68190e-01
dXdS[27] = 2.75724e-01
dXdS[28] = 2.83724e-01
dXdS[29] = 2.84154e-01
dXdS[30] = 2.83489e-01
dXdS[31] = 2.81565e-01
dXdS[32] = 2.78192e-01
dXdS[33] = 2.02683e-01
dXdS[34] = 4.96097e-01
dXdS[35] = 5.15810e-01
dXdS[36] = 5.25472e-01
dXdS[37] = 5.42847e-01
dXdS[38] = 5.49097e-01
dXdS[39] = 5.54066e-01
dXdS[40] = 5.60988e-01
dXdS[41] = 5.71194e-01
dXdS[42] = 5.81176e-01
dXdS[43] = 5.89197e-01
dXdS[44] = 6.02717e-01
dXdS[45] = 6.16518e-01
dXdS[46] = 6.36946e-01
dXdS[47] = 6.61991e-01
dXdS[48] = 1.00000e+00
dXdS[49] = -9.15338e-02
dXdS[50] = -4.75536e-02


Iteration: 81
Index of specified variable before Newton's method: 48
Temperature before Newton's method: 3.96230e+02 K
Pressure before Newton's method: 4.22502e+07 Pa
Interpolation Scheme: Polynomial (Cubic)
Mixed error in Newton's method (should be < 1): 1.34600e-05
Nº of Newton iterations: 2
Delta of specified variable for the next iteration: 2.00000e-01
Next Iteration variable updated index: 48
lnK[0]		lnK[1]		lnK[2]		lnK[3]		lnK[4]		lnK[5]		lnK[6]		lnK[7]		lnK[8]		lnK[9]		lnK[10]		lnK[11]		lnK[12]		lnK[13]		lnK[14]		lnK[15]		lnK[16]		lnK[17]		lnK[18]		lnK[19]		lnK[20]		lnK[21]		lnK[22]		lnK[23]		lnK[24]		lnK[25]		lnK[26]		lnK[27]		lnK[28]		lnK[29]		lnK[30]		lnK[31]		lnK[32]		lnK[33]		lnK[34]		lnK[35]		lnK[36]		lnK[37]		lnK[38]		lnK[39]		lnK[40]		lnK[41]		lnK[42]		lnK[43]		lnK[44]		lnK[45]		lnK[46]		lnK[47]		lnK[48]		lnT(K)		lnP(Pa)		
-3.23383e-01	-4.45929e-01	2.97429e-03	-2.42047e-01	2.78867e-02	-3.62507e-01	3.03812e-01	3.69908e-01	4.86952e-01	5.18731e-01	6.56438e-01	7.46462e-01	8.63274e-01	8.38366e-01	9.10684e-01	1.01771e+00	1.14085e+00	1.15111e+00	1.20449e+00	7.84632e-01	9.03809e-01	1.01739e+00	1.12864e+00	1.20005e+00	1.31857e+00	1.40832e+00	1.46558e+00	1.52101e+00	1.58178e+00	1.61174e+00	1.63814e+00	1.66034e+00	1.67760e+00	1.45815e+00	2.59788e+00	2.71641e+00	2.80073e+00	2.91448e+00	2.98150e+00	3.04881e+00	3.12430e+00	3.21302e+00	3.30658e+00	3.39451e+00	3.50431e+00	3.62139e+00	3.77095e+00	3.94158e+00	5.40399e+00	5.98199e+00	1.75591e+01
Sensitivity vector: 
dXdS[0] = -2.67239e-02
dXdS[1] = -4.88703e-02
dXdS[2] = 4.35371e-02
dXdS[3] = -1.59999e-02
dXdS[4] = 3.34840e-02
dXdS[5] = -3.52263e-02
dXdS[6] = 7.71672e-02
dXdS[7] = 9.11289e-02
dXdS[8] = 1.07654e-01
dXdS[9] = 1.16315e-01
dXdS[10] = 1.39352e-01
dXdS[11] = 1.47966e-01
dXdS[12] = 1.78816e-01
dXdS[13] = 1.68136e-01
dXdS[14] = 1.75822e-01
dXdS[15] = 2.04586e-01
dXdS[16] = 2.25010e-01
dXdS[17] = 2.28424e-01
dXdS[18] = 2.37826e-01
dXdS[19] = 1.60886e-01
dXdS[20] = 1.80859e-01
dXdS[21] = 1.99232e-01
dXdS[22] = 2.18236e-01
dXdS[23] = 2.29272e-01
dXdS[24] = 2.47214e-01
dXdS[25] = 2.63635e-01
dXdS[26] = 2.67775e-01
dXdS[27] = 2.75200e-01
dXdS[28] = 2.83068e-01
dXdS[29] = 2.83283e-01
dXdS[30] = 2.82385e-01
dXdS[31] = 2.80209e-01
dXdS[32] = 2.76560e-01
dXdS[33] = 1.99717e-01
dXdS[34] = 4.96561e-01
dXdS[35] = 5.16195e-01
dXdS[36] = 5.25619e-01
dXdS[37] = 5.42856e-01
dXdS[38] = 5.48862e-01
dXdS[39] = 5.53531e-01
dXdS[40] = 5.60169e-01
dXdS[41] = 5.70125e-01
dXdS[42] = 5.79809e-01
dXdS[43] = 5.87495e-01
dXdS[44] = 6.00737e-01
dXdS[45] = 6.14215e-01
dXdS[46] = 6.34348e-01
dXdS[47] = 6.59134e-01
dXdS[48] = 1.00000e+00
dXdS[49] = -8.98138e-02
dXdS[50] = -5.15908e-02


Iteration: 82
Index of specified variable before Newton's method: 48
Temperature before Newton's method: 3.89242e+02 K
Pressure before Newton's method: 4.18005e+07 Pa
Interpolation Scheme: Polynomial (Cubic)
Mixed error in Newton's method (should be < 1): 1.02271e-05
Nº of Newton iterations: 2
Delta of specified variable for the next iteration: 2.00000e-01
Next Iteration variable updated index: 48
lnK[0]		lnK[1]		lnK[2]		lnK[3]		lnK[4]		lnK[5]		lnK[6]		lnK[7]		lnK[8]		lnK[9]		lnK[10]		lnK[11]		lnK[12]		lnK[13]		lnK[14]		lnK[15]		lnK[16]		lnK[17]		lnK[18]		lnK[19]		lnK[20]		lnK[21]		lnK[22]		lnK[23]		lnK[24]		lnK[25]		lnK[26]		lnK[27]		lnK[28]		lnK[29]		lnK[30]		lnK[31]		lnK[32]		lnK[33]		lnK[34]		lnK[35]		lnK[36]		lnK[37]		lnK[38]		lnK[39]		lnK[40]		lnK[41]		lnK[42]		lnK[43]		lnK[44]		lnK[45]		lnK[46]		lnK[47]		lnK[48]		lnT(K)		lnP(Pa)		
-3.28637e-01	-4.55608e-01	1.18118e-02	-2.45173e-01	3.46541e-02	-3.69462e-01	3.19287e-01	3.88183e-01	5.08510e-01	5.42034e-01	6.84340e-01	7.76049e-01	8.99065e-01	8.71999e-01	9.45832e-01	1.05864e+00	1.18586e+00	1.19681e+00	1.25207e+00	8.16834e-01	9.39999e-01	1.05725e+00	1.17229e+00	1.24590e+00	1.36799e+00	1.46103e+00	1.51910e+00	1.57600e+00	1.63833e+00	1.66832e+00	1.69451e+00	1.71625e+00	1.73276e+00	1.49781e+00	2.69723e+00	2.81968e+00	2.90587e+00	3.02305e+00	3.09125e+00	3.15947e+00	3.23625e+00	3.32695e+00	3.42241e+00	3.51185e+00	3.62427e+00	3.74402e+00	3.89757e+00	4.07314e+00	5.60399e+00	5.96420e+00	1.75484e+01
Sensitivity vector: 
dXdS[0] = -2.58244e-02
dXdS[1] = -4.79279e-02
dXdS[2] = 4.48236e-02
dXdS[3] = -1.52770e-02
dXdS[4] = 3.41821e-02
dXdS[5] = -3.43401e-02
dXdS[6] = 7.75843e-02
dXdS[7] = 9.16108e-02
dXdS[8] = 1.07924e-01
dXdS[9] = 1.16714e-01
dXdS[10] = 1.39667e-01
dXdS[11] = 1.47905e-01
dXdS[12] = 1.79097e-01
dXdS[13] = 1.68191e-01
dXdS[14] = 1.75665e-01
dXdS[15] = 2.04767e-01
dXdS[16] = 2.25108e-01
dXdS[17] = 2.28590e-01
dXdS[18] = 2.37958e-01
dXdS[19] = 1.61129e-01
dXdS[20] = 1.81038e-01
dXdS[21] = 1.99324e-01
dXdS[22] = 2.18288e-01
dXdS[23] = 2.29253e-01
dXdS[24] = 2.47070e-01
dXdS[25] = 2.63483e-01
dXdS[26] = 2.67384e-01
dXdS[27] = 2.74706e-01
dXdS[28] = 2.82451e-01
dXdS[29] = 2.82465e-01
dXdS[30] = 2.81349e-01
dXdS[31] = 2.78935e-01
dXdS[32] = 2.75029e-01
dXdS[33] = 1.96952e-01
dXdS[34] = 4.96996e-01
dXdS[35] = 5.16557e-01
dXdS[36] = 5.25758e-01
dXdS[37] = 5.42868e-01
dXdS[38] = 5.48646e-01
dXdS[39] = 5.53035e-01
dXdS[40] = 5.59408e-01
dXdS[41] = 5.69130e-01
dXdS[42] = 5.78536e-01
dXdS[43] = 5.85908e-01
dXdS[44] = 5.98890e-01
dXdS[45] = 6.12065e-01
dXdS[46] = 6.31924e-01
dXdS[47] = 6.56467e-01
dXdS[48] = 1.00000e+00
dXdS[49] = -8.81182e-02
dXdS[50] = -5.53873e-02


Iteration: 83
Index of specified variable before Newton's method: 48
Temperature before Newton's method: 3.82507e+02 K
Pressure before Newton's method: 4.13250e+07 Pa
Interpolation Scheme: Polynomial (Cubic)
Mixed error in Newton's method (should be < 1): 5.75641e-06
Nº of Newton iterations: 2
Delta of specified variable for the next iteration: 2.00000e-01
Next Iteration variable updated index: 48
lnK[0]		lnK[1]		lnK[2]		lnK[3]		lnK[4]		lnK[5]		lnK[6]		lnK[7]		lnK[8]		lnK[9]		lnK[10]		lnK[11]		lnK[12]		lnK[13]		lnK[14]		lnK[15]		lnK[16]		lnK[17]		lnK[18]		lnK[19]		lnK[20]		lnK[21]		lnK[22]		lnK[23]		lnK[24]		lnK[25]		lnK[26]		lnK[27]		lnK[28]		lnK[29]		lnK[30]		lnK[31]		lnK[32]		lnK[33]		lnK[34]		lnK[35]		lnK[36]		lnK[37]		lnK[38]		lnK[39]		lnK[40]		lnK[41]		lnK[42]		lnK[43]		lnK[44]		lnK[45]		lnK[46]		lnK[47]		lnK[48]		lnT(K)		lnP(Pa)		
-3.33716e-01	-4.65104e-01	2.08982e-02	-2.48161e-01	4.15563e-02	-3.76246e-01	3.34843e-01	4.06550e-01	5.30120e-01	5.65414e-01	7.12302e-01	8.05623e-01	9.34910e-01	9.05642e-01	9.80949e-01	1.09961e+00	1.23089e+00	1.24254e+00	1.29967e+00	8.49082e-01	9.76223e-01	1.09712e+00	1.21595e+00	1.29175e+00	1.41739e+00	1.51371e+00	1.57254e+00	1.63089e+00	1.69476e+00	1.72473e+00	1.75068e+00	1.77191e+00	1.78762e+00	1.53694e+00	2.79668e+00	2.92303e+00	3.01103e+00	3.13162e+00	3.20096e+00	3.27003e+00	3.34806e+00	3.44068e+00	3.53800e+00	3.62888e+00	3.74387e+00	3.86623e+00	4.02373e+00	4.20418e+00	5.80399e+00	5.94675e+00	1.75370e+01
Sensitivity vector: 
dXdS[0] = -2.49818e-02
dXdS[1] = -4.70419e-02
dXdS[2] = 4.60278e-02
dXdS[3] = -1.46018e-02
dXdS[4] = 3.48315e-02
dXdS[5] = -3.35059e-02
dXdS[6] = 7.79685e-02
dXdS[7] = 9.20553e-02
dXdS[8] = 1.08167e-01
dXdS[9] = 1.17081e-01
dXdS[10] = 1.39954e-01
dXdS[11] = 1.47832e-01
dXdS[12] = 1.79343e-01
dXdS[13] = 1.68227e-01
dXdS[14] = 1.75501e-01
dXdS[15] = 2.04919e-01
dXdS[16] = 2.25182e-01
dXdS[17] = 2.28728e-01
dXdS[18] = 2.38064e-01
dXdS[19] = 1.61349e-01
dXdS[20] = 1.81199e-01
dXdS[21] = 1.99405e-01
dXdS[22] = 2.18332e-01
dXdS[23] = 2.29231e-01
dXdS[24] = 2.46933e-01
dXdS[25] = 2.63339e-01
dXdS[26] = 2.67016e-01
dXdS[27] = 2.74243e-01
dXdS[28] = 2.81872e-01
dXdS[29] = 2.81697e-01
dXdS[30] = 2.80376e-01
dXdS[31] = 2.77741e-01
dXdS[32] = 2.73593e-01
dXdS[33] = 1.94379e-01
dXdS[34] = 4.97404e-01
dXdS[35] = 5.16897e-01
dXdS[36] = 5.25892e-01
dXdS[37] = 5.42883e-01
dXdS[38] = 5.48448e-01
dXdS[39] = 5.52576e-01
dXdS[40] = 5.58702e-01
dXdS[41] = 5.68206e-01
dXdS[42] = 5.77352e-01
dXdS[43] = 5.84431e-01
dXdS[44] = 5.97170e-01
dXdS[45] = 6.10061e-01
dXdS[46] = 6.29662e-01
dXdS[47] = 6.53980e-01
dXdS[48] = 1.00000e+00
dXdS[49] = -8.64493e-02
dXdS[50] = -5.89658e-02


Iteration: 84
Index of specified variable before Newton's method: 48
Temperature before Newton's method: 3.76012e+02 K
Pressure before Newton's method: 4.08266e+07 Pa
Interpolation Scheme: Polynomial (Cubic)
Mixed error in Newton's method (should be < 1): 1.55445e-06
Nº of Newton iterations: 2
Delta of specified variable for the next iteration: 2.00000e-01
Next Iteration variable updated index: 48
lnK[0]		lnK[1]		lnK[2]		lnK[3]		lnK[4]		lnK[5]		lnK[6]		lnK[7]		lnK[8]		lnK[9]		lnK[10]		lnK[11]		lnK[12]		lnK[13]		lnK[14]		lnK[15]		lnK[16]		lnK[17]		lnK[18]		lnK[19]		lnK[20]		lnK[21]		lnK[22]		lnK[23]		lnK[24]		lnK[25]		lnK[26]		lnK[27]		lnK[28]		lnK[29]		lnK[30]		lnK[31]		lnK[32]		lnK[33]		lnK[34]		lnK[35]		lnK[36]		lnK[37]		lnK[38]		lnK[39]		lnK[40]		lnK[41]		lnK[42]		lnK[43]		lnK[44]		lnK[45]		lnK[46]		lnK[47]		lnK[48]		lnT(K)		lnP(Pa)		
-3.38633e-01	-4.74428e-01	3.02178e-02	-2.51017e-01	4.85838e-02	-3.82868e-01	3.50473e-01	4.25003e-01	5.51775e-01	5.88865e-01	7.40320e-01	8.35182e-01	9.70800e-01	9.39289e-01	1.01603e+00	1.14061e+00	1.27593e+00	1.28830e+00	1.34730e+00	8.81372e-01	1.01248e+00	1.13701e+00	1.25962e+00	1.33760e+00	1.46677e+00	1.56636e+00	1.62591e+00	1.68570e+00	1.75108e+00	1.78100e+00	1.80666e+00	1.82735e+00	1.84220e+00	1.57557e+00	2.89619e+00	3.02644e+00	3.11622e+00	3.24020e+00	3.31063e+00	3.38050e+00	3.45974e+00	3.55423e+00	3.65336e+00	3.74563e+00	3.86314e+00	3.98805e+00	4.14945e+00	4.33474e+00	6.00399e+00	5.92962e+00	1.75248e+01
Sensitivity vector: 
dXdS[0] = -2.41913e-02
dXdS[1] = -4.62072e-02
dXdS[2] = 4.71558e-02
dXdS[3] = -1.39699e-02
dXdS[4] = 3.54365e-02
dXdS[5] = -3.27191e-02
dXdS[6] = 7.83231e-02
dXdS[7] = 9.24657e-02
dXdS[8] = 1.08385e-01
dXdS[9] = 1.17418e-01
dXdS[10] = 1.40217e-01
dXdS[11] = 1.47749e-01
dXdS[12] = 1.79557e-01
dXdS[13] = 1.68244e-01
dXdS[14] = 1.75332e-01
dXdS[15] = 2.05045e-01
dXdS[16] = 2.25234e-01
dXdS[17] = 2.28842e-01
dXdS[18] = 2.38146e-01
dXdS[19] = 1.61550e-01
dXdS[20] = 1.81346e-01
dXdS[21] = 1.99476e-01
dXdS[22] = 2.18371e-01
dXdS[23] = 2.29209e-01
dXdS[24] = 2.46805e-01
dXdS[25] = 2.63203e-01
dXdS[26] = 2.66672e-01
dXdS[27] = 2.73809e-01
dXdS[28] = 2.81330e-01
dXdS[29] = 2.80978e-01
dXdS[30] = 2.79466e-01
dXdS[31] = 2.76623e-01
dXdS[32] = 2.72250e-01
dXdS[33] = 1.91988e-01
dXdS[34] = 4.97788e-01
dXdS[35] = 5.17219e-01
dXdS[36] = 5.26020e-01
dXdS[37] = 5.42901e-01
dXdS[38] = 5.48269e-01
dXdS[39] = 5.52153e-01
dXdS[40] = 5.58050e-01
dXdS[41] = 5.67350e-01
dXdS[42] = 5.76253e-01
dXdS[43] = 5.83058e-01
dXdS[44] = 5.95570e-01
dXdS[45] = 6.08195e-01
dXdS[46] = 6.27556e-01
dXdS[47] = 6.51662e-01
dXdS[48] = 1.00000e+00
dXdS[49] = -8.48087e-02
dXdS[50] = -6.23470e-02


Iteration: 85
Index of specified variable before Newton's method: 48
Temperature before Newton's method: 3.69748e+02 K
Pressure before Newton's method: 4.03077e+07 Pa
Interpolation Scheme: Polynomial (Cubic)
Mixed error in Newton's method (should be < 1): 4.21388e-06
Nº of Newton iterations: 2
Delta of specified variable for the next iteration: 2.00000e-01
Next Iteration variable updated index: 48
lnK[0]		lnK[1]		lnK[2]		lnK[3]		lnK[4]		lnK[5]		lnK[6]		lnK[7]		lnK[8]		lnK[9]		lnK[10]		lnK[11]		lnK[12]		lnK[13]		lnK[14]		lnK[15]		lnK[16]		lnK[17]		lnK[18]		lnK[19]		lnK[20]		lnK[21]		lnK[22]		lnK[23]		lnK[24]		lnK[25]		lnK[26]		lnK[27]		lnK[28]		lnK[29]		lnK[30]		lnK[31]		lnK[32]		lnK[33]		lnK[34]		lnK[35]		lnK[36]		lnK[37]		lnK[38]		lnK[39]		lnK[40]		lnK[41]		lnK[42]		lnK[43]		lnK[44]		lnK[45]		lnK[46]		lnK[47]		lnK[48]		lnT(K)		lnP(Pa)		
-3.43396e-01	-4.83590e-01	3.97558e-02	-2.53751e-01	5.57281e-02	-3.89337e-01	3.66171e-01	4.43534e-01	5.73472e-01	6.12380e-01	7.68388e-01	8.64723e-01	1.00673e+00	9.72938e-01	1.05108e+00	1.18163e+00	1.32098e+00	1.33408e+00	1.39493e+00	9.13701e-01	1.04876e+00	1.17691e+00	1.30330e+00	1.38344e+00	1.51612e+00	1.61899e+00	1.67921e+00	1.74042e+00	1.80729e+00	1.83713e+00	1.86247e+00	1.88257e+00	1.89652e+00	1.61375e+00	2.99579e+00	3.12992e+00	3.22144e+00	3.34878e+00	3.42027e+00	3.49089e+00	3.57129e+00	3.66762e+00	3.76851e+00	3.86211e+00	3.98211e+00	4.10951e+00	4.27476e+00	4.46485e+00	6.20399e+00	5.91282e+00	1.75121e+01
Sensitivity vector: 
dXdS[0] = -2.34484e-02
dXdS[1] = -4.54194e-02
dXdS[2] = 4.82132e-02
dXdS[3] = -1.33774e-02
dXdS[4] = 3.60009e-02
dXdS[5] = -3.19754e-02
dXdS[6] = 7.86511e-02
dXdS[7] = 9.28454e-02
dXdS[8] = 1.08583e-01
dXdS[9] = 1.17729e-01
dXdS[10] = 1.40458e-01
dXdS[11] = 1.47659e-01
dXdS[12] = 1.79741e-01
dXdS[13] = 1.68246e-01
dXdS[14] = 1.75160e-01
dXdS[15] = 2.05146e-01
dXdS[16] = 2.25267e-01
dXdS[17] = 2.28933e-01
dXdS[18] = 2.38204e-01
dXdS[19] = 1.61734e-01
dXdS[20] = 1.81479e-01
dXdS[21] = 1.99540e-01
dXdS[22] = 2.18406e-01
dXdS[23] = 2.29187e-01
dXdS[24] = 2.46686e-01
dXdS[25] = 2.63077e-01
dXdS[26] = 2.66350e-01
dXdS[27] = 2.73404e-01
dXdS[28] = 2.80824e-01
dXdS[29] = 2.80306e-01
dXdS[30] = 2.78615e-01
dXdS[31] = 2.75578e-01
dXdS[32] = 2.70994e-01
dXdS[33] = 1.89770e-01
dXdS[34] = 4.98149e-01
dXdS[35] = 5.17523e-01
dXdS[36] = 5.26144e-01
dXdS[37] = 5.42923e-01
dXdS[38] = 5.48108e-01
dXdS[39] = 5.51765e-01
dXdS[40] = 5.57448e-01
dXdS[41] = 5.66558e-01
dXdS[42] = 5.75234e-01
dXdS[43] = 5.81785e-01
dXdS[44] = 5.94084e-01
dXdS[45] = 6.06461e-01
dXdS[46] = 6.25597e-01
dXdS[47] = 6.49505e-01
dXdS[48] = 1.00000e+00
dXdS[49] = -8.31975e-02
dXdS[50] = -6.55495e-02


Iteration: 86
Index of specified variable before Newton's method: 48
Temperature before Newton's method: 3.63704e+02 K
Pressure before Newton's method: 3.97705e+07 Pa
Interpolation Scheme: Polynomial (Cubic)
Mixed error in Newton's method (should be < 1): 2.76336e-06
Nº of Newton iterations: 2
Delta of specified variable for the next iteration: 2.00000e-01
Next Iteration variable updated index: 48
lnK[0]		lnK[1]		lnK[2]		lnK[3]		lnK[4]		lnK[5]		lnK[6]		lnK[7]		lnK[8]		lnK[9]		lnK[10]		lnK[11]		lnK[12]		lnK[13]		lnK[14]		lnK[15]		lnK[16]		lnK[17]		lnK[18]		lnK[19]		lnK[20]		lnK[21]		lnK[22]		lnK[23]		lnK[24]		lnK[25]		lnK[26]		lnK[27]		lnK[28]		lnK[29]		lnK[30]		lnK[31]		lnK[32]		lnK[33]		lnK[34]		lnK[35]		lnK[36]		lnK[37]		lnK[38]		lnK[39]		lnK[40]		lnK[41]		lnK[42]		lnK[43]		lnK[44]		lnK[45]		lnK[46]		lnK[47]		lnK[48]		lnT(K)		lnP(Pa)		
-3.48015e-01	-4.92599e-01	4.94987e-02	-2.56370e-01	6.29816e-02	-3.95661e-01	3.81932e-01	4.62139e-01	5.95207e-01	6.35954e-01	7.96502e-01	8.94245e-01	1.04270e+00	1.00659e+00	1.08610e+00	1.22266e+00	1.36604e+00	1.37987e+00	1.44258e+00	9.46065e-01	1.08507e+00	1.21682e+00	1.34699e+00	1.42927e+00	1.56544e+00	1.67160e+00	1.73245e+00	1.79506e+00	1.86341e+00	1.89312e+00	1.91811e+00	1.93759e+00	1.95060e+00	1.65149e+00	3.09545e+00	3.23345e+00	3.32668e+00	3.45737e+00	3.52987e+00	3.60121e+00	3.68272e+00	3.78086e+00	3.88346e+00	3.97835e+00	4.10078e+00	4.23064e+00	4.39969e+00	4.59455e+00	6.40399e+00	5.89634e+00	1.74986e+01
Sensitivity vector: 
dXdS[0] = -2.27493e-02
dXdS[1] = -4.46748e-02
dXdS[2] = 4.92048e-02
dXdS[3] = -1.28210e-02
dXdS[4] = 3.65280e-02
dXdS[5] = -3.12712e-02
dXdS[6] = 7.89550e-02
dXdS[7] = 9.31968e-02
dXdS[8] = 1.08761e-01
dXdS[9] = 1.18015e-01
dXdS[10] = 1.40680e-01
dXdS[11] = 1.47561e-01
dXdS[12] = 1.79899e-01
dXdS[13] = 1.68233e-01
dXdS[14] = 1.74984e-01
dXdS[15] = 2.05226e-01
dXdS[16] = 2.25282e-01
dXdS[17] = 2.29004e-01
dXdS[18] = 2.38243e-01
dXdS[19] = 1.61901e-01
dXdS[20] = 1.81600e-01
dXdS[21] = 1.99598e-01
dXdS[22] = 2.18438e-01
dXdS[23] = 2.29167e-01
dXdS[24] = 2.46578e-01
dXdS[25] = 2.62960e-01
dXdS[26] = 2.66051e-01
dXdS[27] = 2.73027e-01
dXdS[28] = 2.80353e-01
dXdS[29] = 2.79681e-01
dXdS[30] = 2.77822e-01
dXdS[31] = 2.74604e-01
dXdS[32] = 2.69822e-01
dXdS[33] = 1.87719e-01
dXdS[34] = 4.98491e-01
dXdS[35] = 5.17812e-01
dXdS[36] = 5.26265e-01
dXdS[37] = 5.42950e-01
dXdS[38] = 5.47964e-01
dXdS[39] = 5.51412e-01
dXdS[40] = 5.56896e-01
dXdS[41] = 5.65829e-01
dXdS[42] = 5.74294e-01
dXdS[43] = 5.80606e-01
dXdS[44] = 5.92707e-01
dXdS[45] = 6.04852e-01
dXdS[46] = 6.23778e-01
dXdS[47] = 6.47502e-01
dXdS[48] = 1.00000e+00
dXdS[49] = -8.16161e-02
dXdS[50] = -6.85900e-02


Iteration: 87
Index of specified variable before Newton's method: 48
Temperature before Newton's method: 3.57871e+02 K
Pressure before Newton's method: 3.92172e+07 Pa
Interpolation Scheme: Polynomial (Cubic)
Mixed error in Newton's method (should be < 1): 1.83218e-06
Nº of Newton iterations: 2
Delta of specified variable for the next iteration: 2.00000e-01
Next Iteration variable updated index: 48
lnK[0]		lnK[1]		lnK[2]		lnK[3]		lnK[4]		lnK[5]		lnK[6]		lnK[7]		lnK[8]		lnK[9]		lnK[10]		lnK[11]		lnK[12]		lnK[13]		lnK[14]		lnK[15]		lnK[16]		lnK[17]		lnK[18]		lnK[19]		lnK[20]		lnK[21]		lnK[22]		lnK[23]		lnK[24]		lnK[25]		lnK[26]		lnK[27]		lnK[28]		lnK[29]		lnK[30]		lnK[31]		lnK[32]		lnK[33]		lnK[34]		lnK[35]		lnK[36]		lnK[37]		lnK[38]		lnK[39]		lnK[40]		lnK[41]		lnK[42]		lnK[43]		lnK[44]		lnK[45]		lnK[46]		lnK[47]		lnK[48]		lnT(K)		lnP(Pa)		
-3.52498e-01	-5.01463e-01	5.94337e-02	-2.58882e-01	7.03371e-02	-4.01848e-01	3.97751e-01	4.80811e-01	6.16976e-01	6.59584e-01	8.24658e-01	9.23746e-01	1.07869e+00	1.04023e+00	1.12108e+00	1.26372e+00	1.41109e+00	1.42568e+00	1.49023e+00	9.78461e-01	1.12140e+00	1.25675e+00	1.39068e+00	1.47510e+00	1.61475e+00	1.72418e+00	1.78563e+00	1.84963e+00	1.91944e+00	1.94900e+00	1.97360e+00	1.99241e+00	2.00446e+00	1.68885e+00	3.19518e+00	3.33704e+00	3.43195e+00	3.56596e+00	3.63945e+00	3.71146e+00	3.79405e+00	3.89396e+00	3.99823e+00	4.09436e+00	4.21920e+00	4.35146e+00	4.52428e+00	4.72387e+00	6.60399e+00	5.88017e+00	1.74846e+01
Sensitivity vector: 
dXdS[0] = -2.20906e-02
dXdS[1] = -4.39698e-02
dXdS[2] = 5.01350e-02
dXdS[3] = -1.22976e-02
dXdS[4] = 3.70208e-02
dXdS[5] = -3.06032e-02
dXdS[6] = 7.92370e-02
dXdS[7] = 9.35225e-02
dXdS[8] = 1.08923e-01
dXdS[9] = 1.18279e-01
dXdS[10] = 1.40883e-01
dXdS[11] = 1.47457e-01
dXdS[12] = 1.80032e-01
dXdS[13] = 1.68208e-01
dXdS[14] = 1.74807e-01
dXdS[15] = 2.05286e-01
dXdS[16] = 2.25281e-01
dXdS[17] = 2.29056e-01
dXdS[18] = 2.38263e-01
dXdS[19] = 1.62055e-01
dXdS[20] = 1.81712e-01
dXdS[21] = 1.99650e-01
dXdS[22] = 2.18468e-01
dXdS[23] = 2.29150e-01
dXdS[24] = 2.46480e-01
dXdS[25] = 2.62854e-01
dXdS[26] = 2.65775e-01
dXdS[27] = 2.72679e-01
dXdS[28] = 2.79916e-01
dXdS[29] = 2.79100e-01
dXdS[30] = 2.77085e-01
dXdS[31] = 2.73697e-01
dXdS[32] = 2.68732e-01
dXdS[33] = 1.85827e-01
dXdS[34] = 4.98814e-01
dXdS[35] = 5.18086e-01
dXdS[36] = 5.26384e-01
dXdS[37] = 5.42982e-01
dXdS[38] = 5.47839e-01
dXdS[39] = 5.51092e-01
dXdS[40] = 5.56391e-01
dXdS[41] = 5.65160e-01
dXdS[42] = 5.73428e-01
dXdS[43] = 5.79520e-01
dXdS[44] = 5.91435e-01
dXdS[45] = 6.03364e-01
dXdS[46] = 6.22094e-01
dXdS[47] = 6.45647e-01
dXdS[48] = 1.00000e+00
dXdS[49] = -8.00648e-02
dXdS[50] = -7.14834e-02


Iteration: 88
Index of specified variable before Newton's method: 48
Temperature before Newton's method: 3.52240e+02 K
Pressure before Newton's method: 3.86498e+07 Pa
Interpolation Scheme: Polynomial (Cubic)
Mixed error in Newton's method (should be < 1): 8.52633e-07
Nº of Newton iterations: 2
Delta of specified variable for the next iteration: 2.00000e-01
Next Iteration variable updated index: 48
lnK[0]		lnK[1]		lnK[2]		lnK[3]		lnK[4]		lnK[5]		lnK[6]		lnK[7]		lnK[8]		lnK[9]		lnK[10]		lnK[11]		lnK[12]		lnK[13]		lnK[14]		lnK[15]		lnK[16]		lnK[17]		lnK[18]		lnK[19]		lnK[20]		lnK[21]		lnK[22]		lnK[23]		lnK[24]		lnK[25]		lnK[26]		lnK[27]		lnK[28]		lnK[29]		lnK[30]		lnK[31]		lnK[32]		lnK[33]		lnK[34]		lnK[35]		lnK[36]		lnK[37]		lnK[38]		lnK[39]		lnK[40]		lnK[41]		lnK[42]		lnK[43]		lnK[44]		lnK[45]		lnK[46]		lnK[47]		lnK[48]		lnT(K)		lnP(Pa)		
-3.56854e-01	-5.10189e-01	6.95489e-02	-2.61291e-01	7.77878e-02	-4.07904e-01	4.13625e-01	4.99546e-01	6.38775e-01	6.83265e-01	8.52854e-01	9.53227e-01	1.11471e+00	1.07387e+00	1.15602e+00	1.30478e+00	1.45615e+00	1.47149e+00	1.53788e+00	1.01089e+00	1.15775e+00	1.29668e+00	1.43437e+00	1.52093e+00	1.66404e+00	1.77674e+00	1.83876e+00	1.90413e+00	1.97538e+00	2.00477e+00	2.02895e+00	2.04707e+00	2.05810e+00	1.72583e+00	3.29498e+00	3.44068e+00	3.53723e+00	3.67456e+00	3.74901e+00	3.82165e+00	3.90528e+00	4.00693e+00	4.11283e+00	4.21016e+00	4.33737e+00	4.47200e+00	4.64854e+00	4.85282e+00	6.80399e+00	5.86431e+00	1.74701e+01
Sensitivity vector: 
dXdS[0] = -2.14692e-02
dXdS[1] = -4.33011e-02
dXdS[2] = 5.10078e-02
dXdS[3] = -1.18046e-02
dXdS[4] = 3.74819e-02
dXdS[5] = -2.99682e-02
dXdS[6] = 7.94991e-02
dXdS[7] = 9.38245e-02
dXdS[8] = 1.09068e-01
dXdS[9] = 1.18524e-01
dXdS[10] = 1.41071e-01
dXdS[11] = 1.47349e-01
dXdS[12] = 1.80142e-01
dXdS[13] = 1.68171e-01
dXdS[14] = 1.74628e-01
dXdS[15] = 2.05326e-01
dXdS[16] = 2.25264e-01
dXdS[17] = 2.29090e-01
dXdS[18] = 2.38265e-01
dXdS[19] = 1.62197e-01
dXdS[20] = 1.81815e-01
dXdS[21] = 1.99699e-01
dXdS[22] = 2.18497e-01
dXdS[23] = 2.29135e-01
dXdS[24] = 2.46393e-01
dXdS[25] = 2.62759e-01
dXdS[26] = 2.65521e-01
dXdS[27] = 2.72358e-01
dXdS[28] = 2.79514e-01
dXdS[29] = 2.78562e-01
dXdS[30] = 2.76402e-01
dXdS[31] = 2.72857e-01
dXdS[32] = 2.67721e-01
dXdS[33] = 1.84090e-01
dXdS[34] = 4.99120e-01
dXdS[35] = 5.18347e-01
dXdS[36] = 5.26501e-01
dXdS[37] = 5.43020e-01
dXdS[38] = 5.47731e-01
dXdS[39] = 5.50804e-01
dXdS[40] = 5.55932e-01
dXdS[41] = 5.64549e-01
dXdS[42] = 5.72635e-01
dXdS[43] = 5.78521e-01
dXdS[44] = 5.90264e-01
dXdS[45] = 6.01991e-01
dXdS[46] = 6.20539e-01
dXdS[47] = 6.43933e-01
dXdS[48] = 1.00000e+00
dXdS[49] = -7.85433e-02
dXdS[50] = -7.42433e-02


Iteration: 89
Index of specified variable before Newton's method: 48
Temperature before Newton's method: 3.46802e+02 K
Pressure before Newton's method: 3.80700e+07 Pa
Interpolation Scheme: Polynomial (Cubic)
Mixed error in Newton's method (should be < 1): 1.01472e-06
Nº of Newton iterations: 2
Delta of specified variable for the next iteration: 2.00000e-01
Next Iteration variable updated index: 48
lnK[0]		lnK[1]		lnK[2]		lnK[3]		lnK[4]		lnK[5]		lnK[6]		lnK[7]		lnK[8]		lnK[9]		lnK[10]		lnK[11]		lnK[12]		lnK[13]		lnK[14]		lnK[15]		lnK[16]		lnK[17]		lnK[18]		lnK[19]		lnK[20]		lnK[21]		lnK[22]		lnK[23]		lnK[24]		lnK[25]		lnK[26]		lnK[27]		lnK[28]		lnK[29]		lnK[30]		lnK[31]		lnK[32]		lnK[33]		lnK[34]		lnK[35]		lnK[36]		lnK[37]		lnK[38]		lnK[39]		lnK[40]		lnK[41]		lnK[42]		lnK[43]		lnK[44]		lnK[45]		lnK[46]		lnK[47]		lnK[48]		lnT(K)		lnP(Pa)		
-3.61088e-01	-5.18785e-01	7.98332e-02	-2.63605e-01	8.53279e-02	-4.13837e-01	4.29550e-01	5.18340e-01	6.60602e-01	7.06993e-01	8.81086e-01	9.82686e-01	1.15074e+00	1.10750e+00	1.19093e+00	1.34584e+00	1.50120e+00	1.51731e+00	1.58553e+00	1.04334e+00	1.19412e+00	1.33663e+00	1.47808e+00	1.56676e+00	1.71331e+00	1.82928e+00	1.89184e+00	1.95857e+00	2.03125e+00	2.06043e+00	2.08417e+00	2.10156e+00	2.11155e+00	1.76249e+00	3.39483e+00	3.54438e+00	3.64255e+00	3.78317e+00	3.85855e+00	3.93178e+00	4.01643e+00	4.11978e+00	4.22729e+00	4.32578e+00	4.45531e+00	4.59227e+00	4.77250e+00	4.98145e+00	7.00399e+00	5.84875e+00	1.74549e+01
Sensitivity vector: 
dXdS[0] = -2.08823e-02
dXdS[1] = -4.26659e-02
dXdS[2] = 5.18266e-02
dXdS[3] = -1.13395e-02
dXdS[4] = 3.79137e-02
dXdS[5] = -2.93636e-02
dXdS[6] = 7.97429e-02
dXdS[7] = 9.41047e-02
dXdS[8] = 1.09199e-01
dXdS[9] = 1.18750e-01
dXdS[10] = 1.41244e-01
dXdS[11] = 1.47237e-01
dXdS[12] = 1.80229e-01
dXdS[13] = 1.68124e-01
dXdS[14] = 1.74448e-01
dXdS[15] = 2.05350e-01
dXdS[16] = 2.25234e-01
dXdS[17] = 2.29108e-01
dXdS[18] = 2.38250e-01
dXdS[19] = 1.62327e-01
dXdS[20] = 1.81911e-01
dXdS[21] = 1.99745e-01
dXdS[22] = 2.18526e-01
dXdS[23] = 2.29125e-01
dXdS[24] = 2.46318e-01
dXdS[25] = 2.62674e-01
dXdS[26] = 2.65290e-01
dXdS[27] = 2.72065e-01
dXdS[28] = 2.79144e-01
dXdS[29] = 2.78067e-01
dXdS[30] = 2.75772e-01
dXdS[31] = 2.72081e-01
dXdS[32] = 2.66785e-01
dXdS[33] = 1.82502e-01
dXdS[34] = 4.99410e-01
dXdS[35] = 5.18596e-01
dXdS[36] = 5.26617e-01
dXdS[37] = 5.43063e-01
dXdS[38] = 5.47641e-01
dXdS[39] = 5.50548e-01
dXdS[40] = 5.55518e-01
dXdS[41] = 5.63994e-01
dXdS[42] = 5.71911e-01
dXdS[43] = 5.77608e-01
dXdS[44] = 5.89191e-01
dXdS[45] = 6.00731e-01
dXdS[46] = 6.19109e-01
dXdS[47] = 6.42356e-01
dXdS[48] = 1.00000e+00
dXdS[49] = -7.70511e-02
dXdS[50] = -7.68817e-02


Iteration: 90
Index of specified variable before Newton's method: 48
Temperature before Newton's method: 3.41548e+02 K
Pressure before Newton's method: 3.74795e+07 Pa
Interpolation Scheme: Polynomial (Cubic)
Mixed error in Newton's method (should be < 1): 9.43534e-07
Nº of Newton iterations: 2
Delta of specified variable for the next iteration: 2.00000e-01
Next Iteration variable updated index: 48
lnK[0]		lnK[1]		lnK[2]		lnK[3]		lnK[4]		lnK[5]		lnK[6]		lnK[7]		lnK[8]		lnK[9]		lnK[10]		lnK[11]		lnK[12]		lnK[13]		lnK[14]		lnK[15]		lnK[16]		lnK[17]		lnK[18]		lnK[19]		lnK[20]		lnK[21]		lnK[22]		lnK[23]		lnK[24]		lnK[25]		lnK[26]		lnK[27]		lnK[28]		lnK[29]		lnK[30]		lnK[31]		lnK[32]		lnK[33]		lnK[34]		lnK[35]		lnK[36]		lnK[37]		lnK[38]		lnK[39]		lnK[40]		lnK[41]		lnK[42]		lnK[43]		lnK[44]		lnK[45]		lnK[46]		lnK[47]		lnK[48]		lnT(K)		lnP(Pa)		
-3.65209e-01	-5.27258e-01	9.02761e-02	-2.65829e-01	9.29515e-02	-4.19652e-01	4.45521e-01	5.37187e-01	6.82454e-01	7.30764e-01	9.09351e-01	1.01212e+00	1.18680e+00	1.14112e+00	1.22580e+00	1.38692e+00	1.54624e+00	1.56313e+00	1.63318e+00	1.07582e+00	1.23052e+00	1.37658e+00	1.52178e+00	1.61258e+00	1.76256e+00	1.88181e+00	1.94488e+00	2.01296e+00	2.08704e+00	2.11600e+00	2.13926e+00	2.15591e+00	2.16482e+00	1.79884e+00	3.49474e+00	3.64812e+00	3.74788e+00	3.89179e+00	3.96807e+00	4.04187e+00	4.12749e+00	4.23253e+00	4.34160e+00	4.44121e+00	4.57305e+00	4.71230e+00	4.89619e+00	5.10977e+00	7.20399e+00	5.83349e+00	1.74393e+01
Sensitivity vector: 
dXdS[0] = -2.03274e-02
dXdS[1] = -4.20617e-02
dXdS[2] = 5.25945e-02
dXdS[3] = -1.09001e-02
dXdS[4] = 3.83181e-02
dXdS[5] = -2.87869e-02
dXdS[6] = 7.99702e-02
dXdS[7] = 9.43648e-02
dXdS[8] = 1.09317e-01
dXdS[9] = 1.18959e-01
dXdS[10] = 1.41404e-01
dXdS[11] = 1.47121e-01
dXdS[12] = 1.80296e-01
dXdS[13] = 1.68067e-01
dXdS[14] = 1.74268e-01
dXdS[15] = 2.05356e-01
dXdS[16] = 2.25191e-01
dXdS[17] = 2.29111e-01
dXdS[18] = 2.38220e-01
dXdS[19] = 1.62448e-01
dXdS[20] = 1.82000e-01
dXdS[21] = 1.99788e-01
dXdS[22] = 2.18556e-01
dXdS[23] = 2.29118e-01
dXdS[24] = 2.46254e-01
dXdS[25] = 2.62601e-01
dXdS[26] = 2.65082e-01
dXdS[27] = 2.71798e-01
dXdS[28] = 2.78808e-01
dXdS[29] = 2.77615e-01
dXdS[30] = 2.75194e-01
dXdS[31] = 2.71366e-01
dXdS[32] = 2.65924e-01
dXdS[33] = 1.81059e-01
dXdS[34] = 4.99685e-01
dXdS[35] = 5.18835e-01
dXdS[36] = 5.26734e-01
dXdS[37] = 5.43113e-01
dXdS[38] = 5.47568e-01
dXdS[39] = 5.50323e-01
dXdS[40] = 5.55149e-01
dXdS[41] = 5.63494e-01
dXdS[42] = 5.71256e-01
dXdS[43] = 5.76778e-01
dXdS[44] = 5.88212e-01
dXdS[45] = 5.99578e-01
dXdS[46] = 6.17799e-01
dXdS[47] = 6.40910e-01
dXdS[48] = 1.00000e+00
dXdS[49] = -7.55877e-02
dXdS[50] = -7.94094e-02


Iteration: 91
Index of specified variable before Newton's method: 48
Temperature before Newton's method: 3.36472e+02 K
Pressure before Newton's method: 3.68800e+07 Pa
Interpolation Scheme: Polynomial (Cubic)
Mixed error in Newton's method (should be < 1): 6.46524e-07
Nº of Newton iterations: 2
Delta of specified variable for the next iteration: 2.00000e-01
Next Iteration variable updated index: 48
lnK[0]		lnK[1]		lnK[2]		lnK[3]		lnK[4]		lnK[5]		lnK[6]		lnK[7]		lnK[8]		lnK[9]		lnK[10]		lnK[11]		lnK[12]		lnK[13]		lnK[14]		lnK[15]		lnK[16]		lnK[17]		lnK[18]		lnK[19]		lnK[20]		lnK[21]		lnK[22]		lnK[23]		lnK[24]		lnK[25]		lnK[26]		lnK[27]		lnK[28]		lnK[29]		lnK[30]		lnK[31]		lnK[32]		lnK[33]		lnK[34]		lnK[35]		lnK[36]		lnK[37]		lnK[38]		lnK[39]		lnK[40]		lnK[41]		lnK[42]		lnK[43]		lnK[44]		lnK[45]		lnK[46]		lnK[47]		lnK[48]		lnT(K)		lnP(Pa)		
-3.69221e-01	-5.35612e-01	1.00868e-01	-2.67967e-01	1.00653e-01	-4.25353e-01	4.61537e-01	5.56084e-01	7.04328e-01	7.54575e-01	9.37646e-01	1.04153e+00	1.22286e+00	1.17472e+00	1.26063e+00	1.42799e+00	1.59127e+00	1.60896e+00	1.68082e+00	1.10832e+00	1.26692e+00	1.41654e+00	1.56550e+00	1.65841e+00	1.81181e+00	1.93432e+00	1.99788e+00	2.06729e+00	2.14277e+00	2.17148e+00	2.19425e+00	2.21011e+00	2.21793e+00	1.83492e+00	3.59470e+00	3.75191e+00	3.85324e+00	4.00042e+00	4.07757e+00	4.15192e+00	4.23849e+00	4.34518e+00	4.45579e+00	4.55649e+00	4.69060e+00	4.83211e+00	5.01963e+00	5.23782e+00	7.40399e+00	5.81852e+00	1.74232e+01
Sensitivity vector: 
dXdS[0] = -1.98024e-02
dXdS[1] = -4.14861e-02
dXdS[2] = 5.33144e-02
dXdS[3] = -1.04846e-02
dXdS[4] = 3.86972e-02
dXdS[5] = -2.82358e-02
dXdS[6] = 8.01821e-02
dXdS[7] = 9.46062e-02
dXdS[8] = 1.09423e-01
dXdS[9] = 1.19153e-01
dXdS[10] = 1.41551e-01
dXdS[11] = 1.47002e-01
dXdS[12] = 1.80344e-01
dXdS[13] = 1.68001e-01
dXdS[14] = 1.74089e-01
dXdS[15] = 2.05347e-01
dXdS[16] = 2.25135e-01
dXdS[17] = 2.29100e-01
dXdS[18] = 2.38175e-01
dXdS[19] = 1.62560e-01
dXdS[20] = 1.82083e-01
dXdS[21] = 1.99830e-01
dXdS[22] = 2.18588e-01
dXdS[23] = 2.29117e-01
dXdS[24] = 2.46202e-01
dXdS[25] = 2.62540e-01
dXdS[26] = 2.64896e-01
dXdS[27] = 2.71559e-01
dXdS[28] = 2.78503e-01
dXdS[29] = 2.77203e-01
dXdS[30] = 2.74666e-01
dXdS[31] = 2.70713e-01
dXdS[32] = 2.65136e-01
dXdS[33] = 1.79757e-01
dXdS[34] = 4.99947e-01
dXdS[35] = 5.19064e-01
dXdS[36] = 5.26850e-01
dXdS[37] = 5.43170e-01
dXdS[38] = 5.47513e-01
dXdS[39] = 5.50129e-01
dXdS[40] = 5.54822e-01
dXdS[41] = 5.63049e-01
dXdS[42] = 5.70667e-01
dXdS[43] = 5.76028e-01
dXdS[44] = 5.87326e-01
dXdS[45] = 5.98531e-01
dXdS[46] = 6.16607e-01
dXdS[47] = 6.39593e-01
dXdS[48] = 1.00000e+00
dXdS[49] = -7.41523e-02
dXdS[50] = -8.18361e-02


Iteration: 92
Index of specified variable before Newton's method: 48
Temperature before Newton's method: 3.31566e+02 K
Pressure before Newton's method: 3.62728e+07 Pa
Interpolation Scheme: Polynomial (Cubic)
Mixed error in Newton's method (should be < 1): 1.76883e-07
Nº of Newton iterations: 2
Delta of specified variable for the next iteration: 2.00000e-01
Next Iteration variable updated index: 48
lnK[0]		lnK[1]		lnK[2]		lnK[3]		lnK[4]		lnK[5]		lnK[6]		lnK[7]		lnK[8]		lnK[9]		lnK[10]		lnK[11]		lnK[12]		lnK[13]		lnK[14]		lnK[15]		lnK[16]		lnK[17]		lnK[18]		lnK[19]		lnK[20]		lnK[21]		lnK[22]		lnK[23]		lnK[24]		lnK[25]		lnK[26]		lnK[27]		lnK[28]		lnK[29]		lnK[30]		lnK[31]		lnK[32]		lnK[33]		lnK[34]		lnK[35]		lnK[36]		lnK[37]		lnK[38]		lnK[39]		lnK[40]		lnK[41]		lnK[42]		lnK[43]		lnK[44]		lnK[45]		lnK[46]		lnK[47]		lnK[48]		lnT(K)		lnP(Pa)		
-3.73132e-01	-5.43854e-01	1.11599e-01	-2.70024e-01	1.08429e-01	-4.30947e-01	4.77593e-01	5.75028e-01	7.26222e-01	7.78424e-01	9.65970e-01	1.07092e+00	1.25893e+00	1.20832e+00	1.29543e+00	1.46905e+00	1.63629e+00	1.65477e+00	1.72845e+00	1.14084e+00	1.30335e+00	1.45651e+00	1.60922e+00	1.70423e+00	1.86105e+00	1.98683e+00	2.05084e+00	2.12158e+00	2.19844e+00	2.22688e+00	2.24913e+00	2.26419e+00	2.27088e+00	1.87076e+00	3.69472e+00	3.85575e+00	3.95862e+00	4.10906e+00	4.18707e+00	4.26192e+00	4.34942e+00	4.45775e+00	4.56987e+00	4.67163e+00	4.80798e+00	4.95172e+00	5.14284e+00	5.36562e+00	7.60399e+00	5.80383e+00	1.74066e+01
Sensitivity vector: 
dXdS[0] = -1.93050e-02
dXdS[1] = -4.09370e-02
dXdS[2] = 5.39889e-02
dXdS[3] = -1.00911e-02
dXdS[4] = 3.90525e-02
dXdS[5] = -2.77084e-02
dXdS[6] = 8.03801e-02
dXdS[7] = 9.48303e-02
dXdS[8] = 1.09519e-01
dXdS[9] = 1.19332e-01
dXdS[10] = 1.41688e-01
dXdS[11] = 1.46881e-01
dXdS[12] = 1.80373e-01
dXdS[13] = 1.67926e-01
dXdS[14] = 1.73910e-01
dXdS[15] = 2.05323e-01
dXdS[16] = 2.25068e-01
dXdS[17] = 2.29074e-01
dXdS[18] = 2.38116e-01
dXdS[19] = 1.62663e-01
dXdS[20] = 1.82162e-01
dXdS[21] = 1.99872e-01
dXdS[22] = 2.18621e-01
dXdS[23] = 2.29122e-01
dXdS[24] = 2.46163e-01
dXdS[25] = 2.62491e-01
dXdS[26] = 2.64732e-01
dXdS[27] = 2.71347e-01
dXdS[28] = 2.78231e-01
dXdS[29] = 2.76831e-01
dXdS[30] = 2.74187e-01
dXdS[31] = 2.70119e-01
dXdS[32] = 2.64417e-01
dXdS[33] = 1.78593e-01
dXdS[34] = 5.00196e-01
dXdS[35] = 5.19284e-01
dXdS[36] = 5.26968e-01
dXdS[37] = 5.43234e-01
dXdS[38] = 5.47476e-01
dXdS[39] = 5.49965e-01
dXdS[40] = 5.54538e-01
dXdS[41] = 5.62656e-01
dXdS[42] = 5.70142e-01
dXdS[43] = 5.75357e-01
dXdS[44] = 5.86529e-01
dXdS[45] = 5.97586e-01
dXdS[46] = 6.15529e-01
dXdS[47] = 6.38399e-01
dXdS[48] = 1.00000e+00
dXdS[49] = -7.27440e-02
dXdS[50] = -8.41704e-02


Iteration: 93
Index of specified variable before Newton's method: 48
Temperature before Newton's method: 3.26822e+02 K
Pressure before Newton's method: 3.56592e+07 Pa
Interpolation Scheme: Polynomial (Cubic)
Mixed error in Newton's method (should be < 1): 7.69639e-08
Nº of Newton iterations: 2
Delta of specified variable for the next iteration: 2.00000e-01
Next Iteration variable updated index: 48
lnK[0]		lnK[1]		lnK[2]		lnK[3]		lnK[4]		lnK[5]		lnK[6]		lnK[7]		lnK[8]		lnK[9]		lnK[10]		lnK[11]		lnK[12]		lnK[13]		lnK[14]		lnK[15]		lnK[16]		lnK[17]		lnK[18]		lnK[19]		lnK[20]		lnK[21]		lnK[22]		lnK[23]		lnK[24]		lnK[25]		lnK[26]		lnK[27]		lnK[28]		lnK[29]		lnK[30]		lnK[31]		lnK[32]		lnK[33]		lnK[34]		lnK[35]		lnK[36]		lnK[37]		lnK[38]		lnK[39]		lnK[40]		lnK[41]		lnK[42]		lnK[43]		lnK[44]		lnK[45]		lnK[46]		lnK[47]		lnK[48]		lnT(K)		lnP(Pa)		
-3.76945e-01	-5.51988e-01	1.22460e-01	-2.72005e-01	1.16273e-01	-4.36438e-01	4.93688e-01	5.94015e-01	7.48135e-01	8.02307e-01	9.94321e-01	1.10029e+00	1.29501e+00	1.24189e+00	1.33020e+00	1.51011e+00	1.68130e+00	1.70058e+00	1.77606e+00	1.17338e+00	1.33979e+00	1.49649e+00	1.65295e+00	1.75005e+00	1.91028e+00	2.03932e+00	2.10377e+00	2.17584e+00	2.25407e+00	2.28221e+00	2.30393e+00	2.31816e+00	2.32370e+00	1.90637e+00	3.79478e+00	3.95962e+00	4.06403e+00	4.21771e+00	4.29657e+00	4.37190e+00	4.46031e+00	4.57025e+00	4.68385e+00	4.78664e+00	4.92522e+00	5.07115e+00	5.26585e+00	5.49319e+00	7.80399e+00	5.78942e+00	1.73895e+01
Sensitivity vector: 
dXdS[0] = -1.88336e-02
dXdS[1] = -4.04124e-02
dXdS[2] = 5.46201e-02
dXdS[3] = -9.71799e-03
dXdS[4] = 3.93857e-02
dXdS[5] = -2.72027e-02
dXdS[6] = 8.05651e-02
dXdS[7] = 9.50381e-02
dXdS[8] = 1.09604e-01
dXdS[9] = 1.19498e-01
dXdS[10] = 1.41814e-01
dXdS[11] = 1.46758e-01
dXdS[12] = 1.80384e-01
dXdS[13] = 1.67844e-01
dXdS[14] = 1.73731e-01
dXdS[15] = 2.05284e-01
dXdS[16] = 2.24989e-01
dXdS[17] = 2.29036e-01
dXdS[18] = 2.38043e-01
dXdS[19] = 1.62760e-01
dXdS[20] = 1.82237e-01
dXdS[21] = 1.99914e-01
dXdS[22] = 2.18657e-01
dXdS[23] = 2.29133e-01
dXdS[24] = 2.46137e-01
dXdS[25] = 2.62454e-01
dXdS[26] = 2.64590e-01
dXdS[27] = 2.71161e-01
dXdS[28] = 2.77990e-01
dXdS[29] = 2.76499e-01
dXdS[30] = 2.73757e-01
dXdS[31] = 2.69584e-01
dXdS[32] = 2.63768e-01
dXdS[33] = 1.77564e-01
dXdS[34] = 5.00434e-01
dXdS[35] = 5.19495e-01
dXdS[36] = 5.27087e-01
dXdS[37] = 5.43305e-01
dXdS[38] = 5.47456e-01
dXdS[39] = 5.49832e-01
dXdS[40] = 5.54296e-01
dXdS[41] = 5.62314e-01
dXdS[42] = 5.69682e-01
dXdS[43] = 5.74762e-01
dXdS[44] = 5.85819e-01
dXdS[45] = 5.96741e-01
dXdS[46] = 6.14561e-01
dXdS[47] = 6.37327e-01
dXdS[48] = 1.00000e+00
dXdS[49] = -7.13621e-02
dXdS[50] = -8.64202e-02


Iteration: 94
Index of specified variable before Newton's method: 48
Temperature before Newton's method: 3.22235e+02 K
Pressure before Newton's method: 3.50405e+07 Pa
Interpolation Scheme: Polynomial (Cubic)
Mixed error in Newton's method (should be < 1): 9.10190e-01
Nº of Newton iterations: 1
Delta of specified variable for the next iteration: 2.00000e-01
Next Iteration variable updated index: 48
lnK[0]		lnK[1]		lnK[2]		lnK[3]		lnK[4]		lnK[5]		lnK[6]		lnK[7]		lnK[8]		lnK[9]		lnK[10]		lnK[11]		lnK[12]		lnK[13]		lnK[14]		lnK[15]		lnK[16]		lnK[17]		lnK[18]		lnK[19]		lnK[20]		lnK[21]		lnK[22]		lnK[23]		lnK[24]		lnK[25]		lnK[26]		lnK[27]		lnK[28]		lnK[29]		lnK[30]		lnK[31]		lnK[32]		lnK[33]		lnK[34]		lnK[35]		lnK[36]		lnK[37]		lnK[38]		lnK[39]		lnK[40]		lnK[41]		lnK[42]		lnK[43]		lnK[44]		lnK[45]		lnK[46]		lnK[47]		lnK[48]		lnT(K)		lnP(Pa)		
-3.80667e-01	-5.60020e-01	1.33444e-01	-2.73913e-01	1.24182e-01	-4.41830e-01	5.09818e-01	6.13043e-01	7.70063e-01	8.26222e-01	1.02270e+00	1.12963e+00	1.33109e+00	1.27545e+00	1.36493e+00	1.55117e+00	1.72629e+00	1.74639e+00	1.82366e+00	1.20594e+00	1.37624e+00	1.53648e+00	1.69668e+00	1.79588e+00	1.95950e+00	2.09181e+00	2.15668e+00	2.23005e+00	2.30964e+00	2.33748e+00	2.35864e+00	2.37203e+00	2.37639e+00	1.94179e+00	3.89489e+00	4.06354e+00	4.16946e+00	4.32638e+00	4.40606e+00	4.48186e+00	4.57114e+00	4.68268e+00	4.79775e+00	4.90154e+00	5.04232e+00	5.19042e+00	5.38867e+00	5.62056e+00	8.00399e+00	5.77528e+00	1.73720e+01
Sensitivity vector: 
dXdS[0] = -1.83863e-02
dXdS[1] = -3.99107e-02
dXdS[2] = 5.52102e-02
dXdS[3] = -9.36393e-03
dXdS[4] = 3.96979e-02
dXdS[5] = -2.67171e-02
dXdS[6] = 8.07382e-02
dXdS[7] = 9.52309e-02
dXdS[8] = 1.09680e-01
dXdS[9] = 1.19652e-01
dXdS[10] = 1.41931e-01
dXdS[11] = 1.46633e-01
dXdS[12] = 1.80378e-01
dXdS[13] = 1.67754e-01
dXdS[14] = 1.73553e-01
dXdS[15] = 2.05232e-01
dXdS[16] = 2.24900e-01
dXdS[17] = 2.28984e-01
dXdS[18] = 2.37958e-01
dXdS[19] = 1.62850e-01
dXdS[20] = 1.82308e-01
dXdS[21] = 1.99956e-01
dXdS[22] = 2.18696e-01
dXdS[23] = 2.29150e-01
dXdS[24] = 2.46123e-01
dXdS[25] = 2.62430e-01
dXdS[26] = 2.64471e-01
dXdS[27] = 2.71001e-01
dXdS[28] = 2.77780e-01
dXdS[29] = 2.76206e-01
dXdS[30] = 2.73375e-01
dXdS[31] = 2.69106e-01
dXdS[32] = 2.63186e-01
dXdS[33] = 1.76667e-01
dXdS[34] = 5.00661e-01
dXdS[35] = 5.19700e-01
dXdS[36] = 5.27208e-01
dXdS[37] = 5.43384e-01
dXdS[38] = 5.47454e-01
dXdS[39] = 5.49728e-01
dXdS[40] = 5.54094e-01
dXdS[41] = 5.62024e-01
dXdS[42] = 5.69283e-01
dXdS[43] = 5.74243e-01
dXdS[44] = 5.85195e-01
dXdS[45] = 5.95993e-01
dXdS[46] = 6.13702e-01
dXdS[47] = 6.36373e-01
dXdS[48] = 1.00000e+00
dXdS[49] = -7.00057e-02
dXdS[50] = -8.85926e-02


Iteration: 95
Index of specified variable before Newton's method: 48
Temperature before Newton's method: 3.17797e+02 K
Pressure before Newton's method: 3.44178e+07 Pa
Interpolation Scheme: Polynomial (Cubic)
Mixed error in Newton's method (should be < 1): 5.81796e-01
Nº of Newton iterations: 1
Delta of specified variable for the next iteration: 2.00000e-01
Next Iteration variable updated index: 48
lnK[0]		lnK[1]		lnK[2]		lnK[3]		lnK[4]		lnK[5]		lnK[6]		lnK[7]		lnK[8]		lnK[9]		lnK[10]		lnK[11]		lnK[12]		lnK[13]		lnK[14]		lnK[15]		lnK[16]		lnK[17]		lnK[18]		lnK[19]		lnK[20]		lnK[21]		lnK[22]		lnK[23]		lnK[24]		lnK[25]		lnK[26]		lnK[27]		lnK[28]		lnK[29]		lnK[30]		lnK[31]		lnK[32]		lnK[33]		lnK[34]		lnK[35]		lnK[36]		lnK[37]		lnK[38]		lnK[39]		lnK[40]		lnK[41]		lnK[42]		lnK[43]		lnK[44]		lnK[45]		lnK[46]		lnK[47]		lnK[48]		lnT(K)		lnP(Pa)		
-3.84301e-01	-5.67954e-01	1.44542e-01	-2.75752e-01	1.32151e-01	-4.47126e-01	5.25982e-01	6.32107e-01	7.92006e-01	8.50167e-01	1.05109e+00	1.15894e+00	1.36716e+00	1.30900e+00	1.39962e+00	1.59221e+00	1.77126e+00	1.79218e+00	1.87125e+00	1.23852e+00	1.41271e+00	1.57647e+00	1.74043e+00	1.84172e+00	2.00873e+00	2.14429e+00	2.20956e+00	2.28424e+00	2.36518e+00	2.39270e+00	2.41328e+00	2.42581e+00	2.42898e+00	1.97705e+00	3.99505e+00	4.16750e+00	4.27491e+00	4.43507e+00	4.51555e+00	4.59180e+00	4.68195e+00	4.79506e+00	4.91157e+00	5.01634e+00	5.15930e+00	5.30955e+00	5.51134e+00	5.74775e+00	8.20399e+00	5.76141e+00	1.73541e+01
Sensitivity vector: 
dXdS[0] = -1.79618e-02
dXdS[1] = -3.94300e-02
dXdS[2] = 5.57610e-02
dXdS[3] = -9.02755e-03
dXdS[4] = 3.99906e-02
dXdS[5] = -2.62501e-02
dXdS[6] = 8.09003e-02
dXdS[7] = 9.54094e-02
dXdS[8] = 1.09748e-01
dXdS[9] = 1.19794e-01
dXdS[10] = 1.42040e-01
dXdS[11] = 1.46506e-01
dXdS[12] = 1.80355e-01
dXdS[13] = 1.67657e-01
dXdS[14] = 1.73376e-01
dXdS[15] = 2.05167e-01
dXdS[16] = 2.24800e-01
dXdS[17] = 2.28921e-01
dXdS[18] = 2.37859e-01
dXdS[19] = 1.62935e-01
dXdS[20] = 1.82377e-01
dXdS[21] = 1.99999e-01
dXdS[22] = 2.18739e-01
dXdS[23] = 2.29174e-01
dXdS[24] = 2.46123e-01
dXdS[25] = 2.62418e-01
dXdS[26] = 2.64374e-01
dXdS[27] = 2.70868e-01
dXdS[28] = 2.77602e-01
dXdS[29] = 2.75952e-01
dXdS[30] = 2.73040e-01
dXdS[31] = 2.68684e-01
dXdS[32] = 2.62671e-01
dXdS[33] = 1.75900e-01
dXdS[34] = 5.00878e-01
dXdS[35] = 5.19897e-01
dXdS[36] = 5.27332e-01
dXdS[37] = 5.43471e-01
dXdS[38] = 5.47470e-01
dXdS[39] = 5.49655e-01
dXdS[40] = 5.53934e-01
dXdS[41] = 5.61784e-01
dXdS[42] = 5.68946e-01
dXdS[43] = 5.73798e-01
dXdS[44] = 5.84656e-01
dXdS[45] = 5.95341e-01
dXdS[46] = 6.12950e-01
dXdS[47] = 6.35535e-01
dXdS[48] = 1.00000e+00
dXdS[49] = -6.86736e-02
dXdS[50] = -9.06934e-02


Iteration: 96
Index of specified variable before Newton's method: 48
Temperature before Newton's method: 3.13503e+02 K
Pressure before Newton's method: 3.37922e+07 Pa
Interpolation Scheme: Polynomial (Cubic)
Mixed error in Newton's method (should be < 1): 4.98649e-01
Nº of Newton iterations: 1
Delta of specified variable for the next iteration: 2.00000e-01
Next Iteration variable updated index: 48
lnK[0]		lnK[1]		lnK[2]		lnK[3]		lnK[4]		lnK[5]		lnK[6]		lnK[7]		lnK[8]		lnK[9]		lnK[10]		lnK[11]		lnK[12]		lnK[13]		lnK[14]		lnK[15]		lnK[16]		lnK[17]		lnK[18]		lnK[19]		lnK[20]		lnK[21]		lnK[22]		lnK[23]		lnK[24]		lnK[25]		lnK[26]		lnK[27]		lnK[28]		lnK[29]		lnK[30]		lnK[31]		lnK[32]		lnK[33]		lnK[34]		lnK[35]		lnK[36]		lnK[37]		lnK[38]		lnK[39]		lnK[40]		lnK[41]		lnK[42]		lnK[43]		lnK[44]		lnK[45]		lnK[46]		lnK[47]		lnK[48]		lnT(K)		lnP(Pa)		
-3.87853e-01	-5.75794e-01	1.55746e-01	-2.77525e-01	1.40177e-01	-4.52331e-01	5.42178e-01	6.51205e-01	8.13962e-01	8.74139e-01	1.07951e+00	1.18823e+00	1.40323e+00	1.34252e+00	1.43428e+00	1.63323e+00	1.81621e+00	1.83795e+00	1.91881e+00	1.27112e+00	1.44919e+00	1.61648e+00	1.78418e+00	1.88755e+00	2.05795e+00	2.19678e+00	2.26243e+00	2.33840e+00	2.42068e+00	2.44786e+00	2.46786e+00	2.47951e+00	2.48146e+00	2.01216e+00	4.09524e+00	4.27150e+00	4.38039e+00	4.54377e+00	4.62505e+00	4.70172e+00	4.79272e+00	4.90740e+00	5.02533e+00	5.13106e+00	5.27619e+00	5.42856e+00	5.63386e+00	5.87478e+00	8.40399e+00	5.74781e+00	1.73357e+01
Sensitivity vector: 
dXdS[0] = -1.75586e-02
dXdS[1] = -3.89691e-02
dXdS[2] = 5.62744e-02
dXdS[3] = -8.70768e-03
dXdS[4] = 4.02648e-02
dXdS[5] = -2.58001e-02
dXdS[6] = 8.10521e-02
dXdS[7] = 9.55747e-02
dXdS[8] = 1.09807e-01
dXdS[9] = 1.19925e-01
dXdS[10] = 1.42141e-01
dXdS[11] = 1.46379e-01
dXdS[12] = 1.80316e-01
dXdS[13] = 1.67553e-01
dXdS[14] = 1.73200e-01
dXdS[15] = 2.05088e-01
dXdS[16] = 2.24690e-01
dXdS[17] = 2.28846e-01
dXdS[18] = 2.37748e-01
dXdS[19] = 1.63014e-01
dXdS[20] = 1.82443e-01
dXdS[21] = 2.00043e-01
dXdS[22] = 2.18785e-01
dXdS[23] = 2.29205e-01
dXdS[24] = 2.46137e-01
dXdS[25] = 2.62420e-01
dXdS[26] = 2.64299e-01
dXdS[27] = 2.70760e-01
dXdS[28] = 2.77454e-01
dXdS[29] = 2.75736e-01
dXdS[30] = 2.72752e-01
dXdS[31] = 2.68318e-01
dXdS[32] = 2.62221e-01
dXdS[33] = 1.75261e-01
dXdS[34] = 5.01086e-01
dXdS[35] = 5.20088e-01
dXdS[36] = 5.27458e-01
dXdS[37] = 5.43567e-01
dXdS[38] = 5.47504e-01
dXdS[39] = 5.49610e-01
dXdS[40] = 5.53814e-01
dXdS[41] = 5.61593e-01
dXdS[42] = 5.68670e-01
dXdS[43] = 5.73426e-01
dXdS[44] = 5.84199e-01
dXdS[45] = 5.94783e-01
dXdS[46] = 6.12301e-01
dXdS[47] = 6.34810e-01
dXdS[48] = 1.00000e+00
dXdS[49] = -6.73652e-02
dXdS[50] = -9.27285e-02


Iteration: 97
Index of specified variable before Newton's method: 48
Temperature before Newton's method: 3.09347e+02 K
Pressure before Newton's method: 3.31647e+07 Pa
Interpolation Scheme: Polynomial (Cubic)
Mixed error in Newton's method (should be < 1): 4.44303e-01
Nº of Newton iterations: 1
Delta of specified variable for the next iteration: 2.00000e-01
Next Iteration variable updated index: 48
lnK[0]		lnK[1]		lnK[2]		lnK[3]		lnK[4]		lnK[5]		lnK[6]		lnK[7]		lnK[8]		lnK[9]		lnK[10]		lnK[11]		lnK[12]		lnK[13]		lnK[14]		lnK[15]		lnK[16]		lnK[17]		lnK[18]		lnK[19]		lnK[20]		lnK[21]		lnK[22]		lnK[23]		lnK[24]		lnK[25]		lnK[26]		lnK[27]		lnK[28]		lnK[29]		lnK[30]		lnK[31]		lnK[32]		lnK[33]		lnK[34]		lnK[35]		lnK[36]		lnK[37]		lnK[38]		lnK[39]		lnK[40]		lnK[41]		lnK[42]		lnK[43]		lnK[44]		lnK[45]		lnK[46]		lnK[47]		lnK[48]		lnT(K)		lnP(Pa)		
-3.91326e-01	-5.83543e-01	1.67049e-01	-2.79236e-01	1.48256e-01	-4.57447e-01	5.58403e-01	6.70336e-01	8.35929e-01	8.98136e-01	1.10795e+00	1.21749e+00	1.43928e+00	1.37602e+00	1.46890e+00	1.67424e+00	1.86113e+00	1.88372e+00	1.96634e+00	1.30373e+00	1.48569e+00	1.65649e+00	1.82794e+00	1.93340e+00	2.10718e+00	2.24926e+00	2.31528e+00	2.39254e+00	2.47616e+00	2.50299e+00	2.52238e+00	2.53314e+00	2.53387e+00	2.04716e+00	4.19548e+00	4.37554e+00	4.48589e+00	4.65249e+00	4.73455e+00	4.81164e+00	4.90347e+00	5.01970e+00	5.13904e+00	5.24572e+00	5.39299e+00	5.54747e+00	5.75627e+00	6.00168e+00	8.60399e+00	5.73446e+00	1.73170e+01
Sensitivity vector: 
dXdS[0] = -1.71754e-02
dXdS[1] = -3.85265e-02
dXdS[2] = 5.67518e-02
dXdS[3] = -8.40320e-03
dXdS[4] = 4.05214e-02
dXdS[5] = -2.53659e-02
dXdS[6] = 8.11945e-02
dXdS[7] = 9.57274e-02
dXdS[8] = 1.09859e-01
dXdS[9] = 1.20046e-01
dXdS[10] = 1.42234e-01
dXdS[11] = 1.46250e-01
dXdS[12] = 1.80262e-01
dXdS[13] = 1.67443e-01
dXdS[14] = 1.73025e-01
dXdS[15] = 2.04997e-01
dXdS[16] = 2.24570e-01
dXdS[17] = 2.28759e-01
dXdS[18] = 2.37625e-01
dXdS[19] = 1.63089e-01
dXdS[20] = 1.82508e-01
dXdS[21] = 2.00090e-01
dXdS[22] = 2.18836e-01
dXdS[23] = 2.29244e-01
dXdS[24] = 2.46164e-01
dXdS[25] = 2.62435e-01
dXdS[26] = 2.64246e-01
dXdS[27] = 2.70679e-01
dXdS[28] = 2.77337e-01
dXdS[29] = 2.75558e-01
dXdS[30] = 2.72509e-01
dXdS[31] = 2.68006e-01
dXdS[32] = 2.61835e-01
dXdS[33] = 1.74748e-01
dXdS[34] = 5.01285e-01
dXdS[35] = 5.20274e-01
dXdS[36] = 5.27588e-01
dXdS[37] = 5.43671e-01
dXdS[38] = 5.47556e-01
dXdS[39] = 5.49595e-01
dXdS[40] = 5.53733e-01
dXdS[41] = 5.61451e-01
dXdS[42] = 5.68453e-01
dXdS[43] = 5.73126e-01
dXdS[44] = 5.83823e-01
dXdS[45] = 5.94318e-01
dXdS[46] = 6.11755e-01
dXdS[47] = 6.34196e-01
dXdS[48] = 1.00000e+00
dXdS[49] = -6.60794e-02
dXdS[50] = -9.47028e-02


Iteration: 98
Index of specified variable before Newton's method: 48
Temperature before Newton's method: 3.05325e+02 K
Pressure before Newton's method: 3.25362e+07 Pa
Interpolation Scheme: Polynomial (Cubic)
Mixed error in Newton's method (should be < 1): 3.97219e-01
Nº of Newton iterations: 1
Delta of specified variable for the next iteration: 2.00000e-01
Next Iteration variable updated index: 48
lnK[0]		lnK[1]		lnK[2]		lnK[3]		lnK[4]		lnK[5]		lnK[6]		lnK[7]		lnK[8]		lnK[9]		lnK[10]		lnK[11]		lnK[12]		lnK[13]		lnK[14]		lnK[15]		lnK[16]		lnK[17]		lnK[18]		lnK[19]		lnK[20]		lnK[21]		lnK[22]		lnK[23]		lnK[24]		lnK[25]		lnK[26]		lnK[27]		lnK[28]		lnK[29]		lnK[30]		lnK[31]		lnK[32]		lnK[33]		lnK[34]		lnK[35]		lnK[36]		lnK[37]		lnK[38]		lnK[39]		lnK[40]		lnK[41]		lnK[42]		lnK[43]		lnK[44]		lnK[45]		lnK[46]		lnK[47]		lnK[48]		lnT(K)		lnP(Pa)		
-3.94724e-01	-5.91205e-01	1.78444e-01	-2.80887e-01	1.56384e-01	-4.62478e-01	5.74655e-01	6.89496e-01	8.57905e-01	9.22157e-01	1.13640e+00	1.24673e+00	1.47533e+00	1.40949e+00	1.50349e+00	1.71523e+00	1.90604e+00	1.92946e+00	2.01386e+00	1.33635e+00	1.52220e+00	1.69651e+00	1.87171e+00	1.97925e+00	2.15642e+00	2.30175e+00	2.36813e+00	2.44667e+00	2.53162e+00	2.55809e+00	2.57687e+00	2.58672e+00	2.58620e+00	2.08207e+00	4.29576e+00	4.47961e+00	4.59142e+00	4.76124e+00	4.84407e+00	4.92156e+00	5.01422e+00	5.13198e+00	5.25272e+00	5.36032e+00	5.50972e+00	5.66629e+00	5.87857e+00	6.12846e+00	8.80399e+00	5.72138e+00	1.72979e+01
Sensitivity vector: 
dXdS[0] = -1.68111e-02
dXdS[1] = -3.81011e-02
dXdS[2] = 5.71947e-02
dXdS[3] = -8.11314e-03
dXdS[4] = 4.07616e-02
dXdS[5] = -2.49463e-02
dXdS[6] = 8.13280e-02
dXdS[7] = 9.58682e-02
dXdS[8] = 1.09905e-01
dXdS[9] = 1.20158e-01
dXdS[10] = 1.42320e-01
dXdS[11] = 1.46120e-01
dXdS[12] = 1.80192e-01
dXdS[13] = 1.67326e-01
dXdS[14] = 1.72852e-01
dXdS[15] = 2.04894e-01
dXdS[16] = 2.24440e-01
dXdS[17] = 2.28661e-01
dXdS[18] = 2.37490e-01
dXdS[19] = 1.63160e-01
dXdS[20] = 1.82571e-01
dXdS[21] = 2.00138e-01
dXdS[22] = 2.18892e-01
dXdS[23] = 2.29290e-01
dXdS[24] = 2.46205e-01
dXdS[25] = 2.62463e-01
dXdS[26] = 2.64216e-01
dXdS[27] = 2.70624e-01
dXdS[28] = 2.77250e-01
dXdS[29] = 2.75418e-01
dXdS[30] = 2.72312e-01
dXdS[31] = 2.67748e-01
dXdS[32] = 2.61512e-01
dXdS[33] = 1.74359e-01
dXdS[34] = 5.01476e-01
dXdS[35] = 5.20455e-01
dXdS[36] = 5.27721e-01
dXdS[37] = 5.43784e-01
dXdS[38] = 5.47626e-01
dXdS[39] = 5.49610e-01
dXdS[40] = 5.53692e-01
dXdS[41] = 5.61358e-01
dXdS[42] = 5.68294e-01
dXdS[43] = 5.72896e-01
dXdS[44] = 5.83526e-01
dXdS[45] = 5.93942e-01
dXdS[46] = 6.11309e-01
dXdS[47] = 6.33692e-01
dXdS[48] = 1.00000e+00
dXdS[49] = -6.48156e-02
dXdS[50] = -9.66209e-02


Iteration: 99
Index of specified variable before Newton's method: 48
Temperature before Newton's method: 3.01430e+02 K
Pressure before Newton's method: 3.19075e+07 Pa
Interpolation Scheme: Polynomial (Cubic)
Mixed error in Newton's method (should be < 1): 3.55493e-01
Nº of Newton iterations: 1
Delta of specified variable for the next iteration: 2.00000e-01
Next Iteration variable updated index: 48
lnK[0]		lnK[1]		lnK[2]		lnK[3]		lnK[4]		lnK[5]		lnK[6]		lnK[7]		lnK[8]		lnK[9]		lnK[10]		lnK[11]		lnK[12]		lnK[13]		lnK[14]		lnK[15]		lnK[16]		lnK[17]		lnK[18]		lnK[19]		lnK[20]		lnK[21]		lnK[22]		lnK[23]		lnK[24]		lnK[25]		lnK[26]		lnK[27]		lnK[28]		lnK[29]		lnK[30]		lnK[31]		lnK[32]		lnK[33]		lnK[34]		lnK[35]		lnK[36]		lnK[37]		lnK[38]		lnK[39]		lnK[40]		lnK[41]		lnK[42]		lnK[43]		lnK[44]		lnK[45]		lnK[46]		lnK[47]		lnK[48]		lnT(K)		lnP(Pa)		
-3.98051e-01	-5.98784e-01	1.89925e-01	-2.82482e-01	1.64559e-01	-4.67427e-01	5.90933e-01	7.08682e-01	8.79890e-01	9.46199e-01	1.16488e+00	1.27594e+00	1.51136e+00	1.44295e+00	1.53804e+00	1.75620e+00	1.95091e+00	1.97518e+00	2.06134e+00	1.36899e+00	1.55872e+00	1.73655e+00	1.91550e+00	2.02511e+00	2.20566e+00	2.35425e+00	2.42097e+00	2.50079e+00	2.58707e+00	2.61316e+00	2.63131e+00	2.64024e+00	2.63848e+00	2.11691e+00	4.39607e+00	4.58372e+00	4.69698e+00	4.87001e+00	4.95360e+00	5.03149e+00	5.12495e+00	5.24425e+00	5.36637e+00	5.47488e+00	5.62640e+00	5.78505e+00	6.00080e+00	6.25516e+00	9.00399e+00	5.70854e+00	1.72784e+01
Sensitivity vector: 
dXdS[0] = -1.64646e-02
dXdS[1] = -3.76915e-02
dXdS[2] = 5.76044e-02
dXdS[3] = -7.83657e-03
dXdS[4] = 4.09860e-02
dXdS[5] = -2.45402e-02
dXdS[6] = 8.14532e-02
dXdS[7] = 9.59978e-02
dXdS[8] = 1.09943e-01
dXdS[9] = 1.20260e-01
dXdS[10] = 1.42401e-01
dXdS[11] = 1.45989e-01
dXdS[12] = 1.80108e-01
dXdS[13] = 1.67203e-01
dXdS[14] = 1.72679e-01
dXdS[15] = 2.04779e-01
dXdS[16] = 2.24301e-01
dXdS[17] = 2.28553e-01
dXdS[18] = 2.37343e-01
dXdS[19] = 1.63226e-01
dXdS[20] = 1.82633e-01
dXdS[21] = 2.00189e-01
dXdS[22] = 2.18953e-01
dXdS[23] = 2.29344e-01
dXdS[24] = 2.46260e-01
dXdS[25] = 2.62505e-01
dXdS[26] = 2.64207e-01
dXdS[27] = 2.70594e-01
dXdS[28] = 2.77193e-01
dXdS[29] = 2.75315e-01
dXdS[30] = 2.72159e-01
dXdS[31] = 2.67543e-01
dXdS[32] = 2.61252e-01
dXdS[33] = 1.74093e-01
dXdS[34] = 5.01660e-01
dXdS[35] = 5.20631e-01
dXdS[36] = 5.27858e-01
dXdS[37] = 5.43906e-01
dXdS[38] = 5.47714e-01
dXdS[39] = 5.49653e-01
dXdS[40] = 5.53691e-01
dXdS[41] = 5.61312e-01
dXdS[42] = 5.68194e-01
dXdS[43] = 5.72735e-01
dXdS[44] = 5.83309e-01
dXdS[45] = 5.93657e-01
dXdS[46] = 6.10962e-01
dXdS[47] = 6.33296e-01
dXdS[48] = 1.00000e+00
dXdS[49] = -6.35727e-02
dXdS[50] = -9.84867e-02


Iteration: 100
Index of specified variable before Newton's method: 48
Temperature before Newton's method: 2.97658e+02 K
Pressure before Newton's method: 3.12795e+07 Pa
Interpolation Scheme: Polynomial (Cubic)
Mixed error in Newton's method (should be < 1): 3.19053e-01
Nº of Newton iterations: 1
Delta of specified variable for the next iteration: 2.00000e-01
Next Iteration variable updated index: 48
lnK[0]		lnK[1]		lnK[2]		lnK[3]		lnK[4]		lnK[5]		lnK[6]		lnK[7]		lnK[8]		lnK[9]		lnK[10]		lnK[11]		lnK[12]		lnK[13]		lnK[14]		lnK[15]		lnK[16]		lnK[17]		lnK[18]		lnK[19]		lnK[20]		lnK[21]		lnK[22]		lnK[23]		lnK[24]		lnK[25]		lnK[26]		lnK[27]		lnK[28]		lnK[29]		lnK[30]		lnK[31]		lnK[32]		lnK[33]		lnK[34]		lnK[35]		lnK[36]		lnK[37]		lnK[38]		lnK[39]		lnK[40]		lnK[41]		lnK[42]		lnK[43]		lnK[44]		lnK[45]		lnK[46]		lnK[47]		lnK[48]		lnT(K)		lnP(Pa)		
-4.01311e-01	-6.06283e-01	2.01484e-01	-2.84023e-01	1.72778e-01	-4.72295e-01	6.07236e-01	7.27894e-01	9.01882e-01	9.70260e-01	1.19336e+00	1.30512e+00	1.54737e+00	1.47637e+00	1.57256e+00	1.79714e+00	1.99576e+00	2.02088e+00	2.10879e+00	1.40164e+00	1.59525e+00	1.77659e+00	1.95929e+00	2.07099e+00	2.25492e+00	2.40675e+00	2.47381e+00	2.55491e+00	2.64250e+00	2.66822e+00	2.68573e+00	2.69374e+00	2.69071e+00	2.15171e+00	4.49642e+00	4.68786e+00	4.80257e+00	4.97880e+00	5.06316e+00	5.14143e+00	5.23569e+00	5.35651e+00	5.48000e+00	5.58942e+00	5.74305e+00	5.90376e+00	6.12296e+00	6.38179e+00	9.20399e+00	5.69595e+00	1.72585e+01
Sensitivity vector: 
dXdS[0] = -1.61349e-02
dXdS[1] = -3.72969e-02
dXdS[2] = 5.79822e-02
dXdS[3] = -7.57267e-03
dXdS[4] = 4.11955e-02
dXdS[5] = -2.41465e-02
dXdS[6] = 8.15708e-02
dXdS[7] = 9.61168e-02
dXdS[8] = 1.09976e-01
dXdS[9] = 1.20354e-01
dXdS[10] = 1.42475e-01
dXdS[11] = 1.45858e-01
dXdS[12] = 1.80009e-01
dXdS[13] = 1.67074e-01
dXdS[14] = 1.72508e-01
dXdS[15] = 2.04652e-01
dXdS[16] = 2.24153e-01
dXdS[17] = 2.28433e-01
dXdS[18] = 2.37185e-01
dXdS[19] = 1.63290e-01
dXdS[20] = 1.82695e-01
dXdS[21] = 2.00243e-01
dXdS[22] = 2.19018e-01
dXdS[23] = 2.29407e-01
dXdS[24] = 2.46329e-01
dXdS[25] = 2.62560e-01
dXdS[26] = 2.64221e-01
dXdS[27] = 2.70590e-01
dXdS[28] = 2.77166e-01
dXdS[29] = 2.75248e-01
dXdS[30] = 2.72051e-01
dXdS[31] = 2.67391e-01
dXdS[32] = 2.61053e-01
dXdS[33] = 1.73947e-01
dXdS[34] = 5.01836e-01
dXdS[35] = 5.20803e-01
dXdS[36] = 5.27999e-01
dXdS[37] = 5.44037e-01
dXdS[38] = 5.47820e-01
dXdS[39] = 5.49725e-01
dXdS[40] = 5.53727e-01
dXdS[41] = 5.61314e-01
dXdS[42] = 5.68151e-01
dXdS[43] = 5.72643e-01
dXdS[44] = 5.83169e-01
dXdS[45] = 5.93458e-01
dXdS[46] = 6.10713e-01
dXdS[47] = 6.33005e-01
dXdS[48] = 1.00000e+00
dXdS[49] = -6.23501e-02
dXdS[50] = -1.00304e-01


Iteration: 101
Index of specified variable before Newton's method: 48
Temperature before Newton's method: 2.94005e+02 K
Pressure before Newton's method: 3.06528e+07 Pa
Interpolation Scheme: Polynomial (Cubic)
Mixed error in Newton's method (should be < 1): 2.87223e-01
Nº of Newton iterations: 1
Delta of specified variable for the next iteration: 2.00000e-01
Next Iteration variable updated index: 48
lnK[0]		lnK[1]		lnK[2]		lnK[3]		lnK[4]		lnK[5]		lnK[6]		lnK[7]		lnK[8]		lnK[9]		lnK[10]		lnK[11]		lnK[12]		lnK[13]		lnK[14]		lnK[15]		lnK[16]		lnK[17]		lnK[18]		lnK[19]		lnK[20]		lnK[21]		lnK[22]		lnK[23]		lnK[24]		lnK[25]		lnK[26]		lnK[27]		lnK[28]		lnK[29]		lnK[30]		lnK[31]		lnK[32]		lnK[33]		lnK[34]		lnK[35]		lnK[36]		lnK[37]		lnK[38]		lnK[39]		lnK[40]		lnK[41]		lnK[42]		lnK[43]		lnK[44]		lnK[45]		lnK[46]		lnK[47]		lnK[48]		lnT(K)		lnP(Pa)		
-4.04506e-01	-6.13704e-01	2.13116e-01	-2.85512e-01	1.81036e-01	-4.77086e-01	6.23561e-01	7.47128e-01	9.23880e-01	9.94340e-01	1.22187e+00	1.33428e+00	1.58336e+00	1.50978e+00	1.60704e+00	1.83806e+00	2.04057e+00	2.06655e+00	2.15621e+00	1.43431e+00	1.63180e+00	1.81664e+00	2.00310e+00	2.11688e+00	2.30420e+00	2.45927e+00	2.52666e+00	2.60903e+00	2.69793e+00	2.72326e+00	2.74014e+00	2.74720e+00	2.74290e+00	2.18650e+00	4.59680e+00	4.79204e+00	4.90818e+00	5.08762e+00	5.17273e+00	5.25138e+00	5.34645e+00	5.46878e+00	5.59363e+00	5.70394e+00	5.85967e+00	6.02244e+00	6.24509e+00	6.50837e+00	9.40399e+00	5.68360e+00	1.72382e+01
Sensitivity vector: 
dXdS[0] = -1.58211e-02
dXdS[1] = -3.69162e-02
dXdS[2] = 5.83292e-02
dXdS[3] = -7.32066e-03
dXdS[4] = 4.13909e-02
dXdS[5] = -2.37645e-02
dXdS[6] = 8.16811e-02
dXdS[7] = 9.62258e-02
dXdS[8] = 1.10003e-01
dXdS[9] = 1.20441e-01
dXdS[10] = 1.42544e-01
dXdS[11] = 1.45726e-01
dXdS[12] = 1.79896e-01
dXdS[13] = 1.66939e-01
dXdS[14] = 1.72337e-01
dXdS[15] = 2.04513e-01
dXdS[16] = 2.23995e-01
dXdS[17] = 2.28303e-01
dXdS[18] = 2.37015e-01
dXdS[19] = 1.63351e-01
dXdS[20] = 1.82756e-01
dXdS[21] = 2.00299e-01
dXdS[22] = 2.19089e-01
dXdS[23] = 2.29478e-01
dXdS[24] = 2.46413e-01
dXdS[25] = 2.62629e-01
dXdS[26] = 2.64256e-01
dXdS[27] = 2.70612e-01
dXdS[28] = 2.77169e-01
dXdS[29] = 2.75217e-01
dXdS[30] = 2.71986e-01
dXdS[31] = 2.67290e-01
dXdS[32] = 2.60915e-01
dXdS[33] = 1.73920e-01
dXdS[34] = 5.02005e-01
dXdS[35] = 5.20971e-01
dXdS[36] = 5.28144e-01
dXdS[37] = 5.44178e-01
dXdS[38] = 5.47944e-01
dXdS[39] = 5.49825e-01
dXdS[40] = 5.53803e-01
dXdS[41] = 5.61362e-01
dXdS[42] = 5.68164e-01
dXdS[43] = 5.72619e-01
dXdS[44] = 5.83106e-01
dXdS[45] = 5.93347e-01
dXdS[46] = 6.10559e-01
dXdS[47] = 6.32818e-01
dXdS[48] = 1.00000e+00
dXdS[49] = -6.11471e-02
dXdS[50] = -1.02076e-01


Iteration: 102
Index of specified variable before Newton's method: 48
Temperature before Newton's method: 2.90466e+02 K
Pressure before Newton's method: 3.00281e+07 Pa
Interpolation Scheme: Polynomial (Cubic)
Mixed error in Newton's method (should be < 1): 2.59248e-01
Nº of Newton iterations: 1
Delta of specified variable for the next iteration: 2.00000e-01
Next Iteration variable updated index: 48
lnK[0]		lnK[1]		lnK[2]		lnK[3]		lnK[4]		lnK[5]		lnK[6]		lnK[7]		lnK[8]		lnK[9]		lnK[10]		lnK[11]		lnK[12]		lnK[13]		lnK[14]		lnK[15]		lnK[16]		lnK[17]		lnK[18]		lnK[19]		lnK[20]		lnK[21]		lnK[22]		lnK[23]		lnK[24]		lnK[25]		lnK[26]		lnK[27]		lnK[28]		lnK[29]		lnK[30]		lnK[31]		lnK[32]		lnK[33]		lnK[34]		lnK[35]		lnK[36]		lnK[37]		lnK[38]		lnK[39]		lnK[40]		lnK[41]		lnK[42]		lnK[43]		lnK[44]		lnK[45]		lnK[46]		lnK[47]		lnK[48]		lnT(K)		lnP(Pa)		
-4.07641e-01	-6.21050e-01	2.24814e-01	-2.86952e-01	1.89333e-01	-4.81802e-01	6.39908e-01	7.66384e-01	9.45883e-01	1.01844e+00	1.25038e+00	1.36341e+00	1.61933e+00	1.54315e+00	1.64149e+00	1.87894e+00	2.08535e+00	2.11220e+00	2.20360e+00	1.46698e+00	1.66835e+00	1.85671e+00	2.04693e+00	2.16278e+00	2.35349e+00	2.51181e+00	2.57951e+00	2.66316e+00	2.75337e+00	2.77831e+00	2.79453e+00	2.80066e+00	2.79508e+00	2.22129e+00	4.69722e+00	4.89625e+00	5.01383e+00	5.19647e+00	5.28233e+00	5.36136e+00	5.45722e+00	5.58106e+00	5.70727e+00	5.81847e+00	5.97630e+00	6.14111e+00	6.36719e+00	6.63492e+00	9.60399e+00	5.67149e+00	1.72176e+01
Sensitivity vector: 
dXdS[0] = -1.55224e-02
dXdS[1] = -3.65486e-02
dXdS[2] = 5.86465e-02
dXdS[3] = -7.07984e-03
dXdS[4] = 4.15726e-02
dXdS[5] = -2.33931e-02
dXdS[6] = 8.17847e-02
dXdS[7] = 9.63251e-02
dXdS[8] = 1.10025e-01
dXdS[9] = 1.20520e-01
dXdS[10] = 1.42608e-01
dXdS[11] = 1.45593e-01
dXdS[12] = 1.79769e-01
dXdS[13] = 1.66799e-01
dXdS[14] = 1.72168e-01
dXdS[15] = 2.04364e-01
dXdS[16] = 2.23829e-01
dXdS[17] = 2.28163e-01
dXdS[18] = 2.36834e-01
dXdS[19] = 1.63409e-01
dXdS[20] = 1.82817e-01
dXdS[21] = 2.00359e-01
dXdS[22] = 2.19166e-01
dXdS[23] = 2.29558e-01
dXdS[24] = 2.46511e-01
dXdS[25] = 2.62712e-01
dXdS[26] = 2.64314e-01
dXdS[27] = 2.70659e-01
dXdS[28] = 2.77201e-01
dXdS[29] = 2.75223e-01
dXdS[30] = 2.71964e-01
dXdS[31] = 2.67240e-01
dXdS[32] = 2.60836e-01
dXdS[33] = 1.74011e-01
dXdS[34] = 5.02169e-01
dXdS[35] = 5.21136e-01
dXdS[36] = 5.28294e-01
dXdS[37] = 5.44328e-01
dXdS[38] = 5.48086e-01
dXdS[39] = 5.49954e-01
dXdS[40] = 5.53916e-01
dXdS[41] = 5.61457e-01
dXdS[42] = 5.68234e-01
dXdS[43] = 5.72662e-01
dXdS[44] = 5.83118e-01
dXdS[45] = 5.93321e-01
dXdS[46] = 6.10499e-01
dXdS[47] = 6.32734e-01
dXdS[48] = 1.00000e+00
dXdS[49] = -5.99628e-02
dXdS[50] = -1.03805e-01


Iteration: 103
Index of specified variable before Newton's method: 48
Temperature before Newton's method: 2.87037e+02 K
Pressure before Newton's method: 2.94062e+07 Pa
Interpolation Scheme: Polynomial (Cubic)
Mixed error in Newton's method (should be < 1): 2.34571e-01
Nº of Newton iterations: 1
Delta of specified variable for the next iteration: 2.00000e-01
Next Iteration variable updated index: 48
lnK[0]		lnK[1]		lnK[2]		lnK[3]		lnK[4]		lnK[5]		lnK[6]		lnK[7]		lnK[8]		lnK[9]		lnK[10]		lnK[11]		lnK[12]		lnK[13]		lnK[14]		lnK[15]		lnK[16]		lnK[17]		lnK[18]		lnK[19]		lnK[20]		lnK[21]		lnK[22]		lnK[23]		lnK[24]		lnK[25]		lnK[26]		lnK[27]		lnK[28]		lnK[29]		lnK[30]		lnK[31]		lnK[32]		lnK[33]		lnK[34]		lnK[35]		lnK[36]		lnK[37]		lnK[38]		lnK[39]		lnK[40]		lnK[41]		lnK[42]		lnK[43]		lnK[44]		lnK[45]		lnK[46]		lnK[47]		lnK[48]		lnT(K)		lnP(Pa)		
-4.10716e-01	-6.28324e-01	2.36572e-01	-2.88344e-01	1.97665e-01	-4.86444e-01	6.56274e-01	7.85658e-01	9.67890e-01	1.04255e+00	1.27891e+00	1.39252e+00	1.65527e+00	1.57649e+00	1.67591e+00	1.91980e+00	2.13010e+00	2.15782e+00	2.25095e+00	1.49967e+00	1.70492e+00	1.89679e+00	2.09077e+00	2.20870e+00	2.40280e+00	2.56436e+00	2.63239e+00	2.71730e+00	2.80882e+00	2.83336e+00	2.84892e+00	2.85410e+00	2.84724e+00	2.25611e+00	4.79767e+00	5.00050e+00	5.11950e+00	5.30536e+00	5.39197e+00	5.47136e+00	5.56802e+00	5.69336e+00	5.82093e+00	5.93301e+00	6.09293e+00	6.25978e+00	6.48929e+00	6.76147e+00	9.80399e+00	5.65961e+00	1.71967e+01
Sensitivity vector: 
dXdS[0] = -1.52381e-02
dXdS[1] = -3.61932e-02
dXdS[2] = 5.89351e-02
dXdS[3] = -6.84956e-03
dXdS[4] = 4.17415e-02
dXdS[5] = -2.30316e-02
dXdS[6] = 8.18820e-02
dXdS[7] = 9.64153e-02
dXdS[8] = 1.10041e-01
dXdS[9] = 1.20591e-01
dXdS[10] = 1.42667e-01
dXdS[11] = 1.45460e-01
dXdS[12] = 1.79628e-01
dXdS[13] = 1.66653e-01
dXdS[14] = 1.72000e-01
dXdS[15] = 2.04203e-01
dXdS[16] = 2.23653e-01
dXdS[17] = 2.28012e-01
dXdS[18] = 2.36642e-01
dXdS[19] = 1.63464e-01
dXdS[20] = 1.82879e-01
dXdS[21] = 2.00423e-01
dXdS[22] = 2.19249e-01
dXdS[23] = 2.29646e-01
dXdS[24] = 2.46623e-01
dXdS[25] = 2.62808e-01
dXdS[26] = 2.64393e-01
dXdS[27] = 2.70731e-01
dXdS[28] = 2.77262e-01
dXdS[29] = 2.75264e-01
dXdS[30] = 2.71985e-01
dXdS[31] = 2.67241e-01
dXdS[32] = 2.60816e-01
dXdS[33] = 1.74218e-01
dXdS[34] = 5.02326e-01
dXdS[35] = 5.21298e-01
dXdS[36] = 5.28448e-01
dXdS[37] = 5.44488e-01
dXdS[38] = 5.48246e-01
dXdS[39] = 5.50112e-01
dXdS[40] = 5.54067e-01
dXdS[41] = 5.61597e-01
dXdS[42] = 5.68358e-01
dXdS[43] = 5.72771e-01
dXdS[44] = 5.83205e-01
dXdS[45] = 5.93379e-01
dXdS[46] = 6.10533e-01
dXdS[47] = 6.32750e-01
dXdS[48] = 1.00000e+00
dXdS[49] = -5.87966e-02
dXdS[50] = -1.05495e-01


Iteration: 104
Index of specified variable before Newton's method: 48
Temperature before Newton's method: 2.83714e+02 K
Pressure before Newton's method: 2.87874e+07 Pa
Interpolation Scheme: Polynomial (Cubic)
Mixed error in Newton's method (should be < 1): 2.12756e-01
Nº of Newton iterations: 1
Delta of specified variable for the next iteration: 2.00000e-01
Next Iteration variable updated index: 48
lnK[0]		lnK[1]		lnK[2]		lnK[3]		lnK[4]		lnK[5]		lnK[6]		lnK[7]		lnK[8]		lnK[9]		lnK[10]		lnK[11]		lnK[12]		lnK[13]		lnK[14]		lnK[15]		lnK[16]		lnK[17]		lnK[18]		lnK[19]		lnK[20]		lnK[21]		lnK[22]		lnK[23]		lnK[24]		lnK[25]		lnK[26]		lnK[27]		lnK[28]		lnK[29]		lnK[30]		lnK[31]		lnK[32]		lnK[33]		lnK[34]		lnK[35]		lnK[36]		lnK[37]		lnK[38]		lnK[39]		lnK[40]		lnK[41]		lnK[42]		lnK[43]		lnK[44]		lnK[45]		lnK[46]		lnK[47]		lnK[48]		lnT(K)		lnP(Pa)		
-4.13737e-01	-6.35528e-01	2.48386e-01	-2.89692e-01	2.06029e-01	-4.91015e-01	6.72660e-01	8.04949e-01	9.89899e-01	1.06667e+00	1.30745e+00	1.42160e+00	1.69118e+00	1.60981e+00	1.71029e+00	1.96063e+00	2.17481e+00	2.20340e+00	2.29825e+00	1.53237e+00	1.74150e+00	1.93688e+00	2.13463e+00	2.25464e+00	2.45214e+00	2.61693e+00	2.68527e+00	2.77145e+00	2.86428e+00	2.88842e+00	2.90333e+00	2.90756e+00	2.89941e+00	2.29098e+00	4.89815e+00	5.10477e+00	5.22521e+00	5.41427e+00	5.50163e+00	5.58140e+00	5.67885e+00	5.80570e+00	5.93462e+00	6.04758e+00	6.20958e+00	6.37846e+00	6.61141e+00	6.88803e+00	1.00040e+01	5.64797e+00	1.71754e+01
Sensitivity vector: 
dXdS[0] = -1.49673e-02
dXdS[1] = -3.58492e-02
dXdS[2] = 5.91959e-02
dXdS[3] = -6.62921e-03
dXdS[4] = 4.18980e-02
dXdS[5] = -2.26793e-02
dXdS[6] = 8.19733e-02
dXdS[7] = 9.64967e-02
dXdS[8] = 1.10053e-01
dXdS[9] = 1.20656e-01
dXdS[10] = 1.42722e-01
dXdS[11] = 1.45326e-01
dXdS[12] = 1.79474e-01
dXdS[13] = 1.66502e-01
dXdS[14] = 1.71834e-01
dXdS[15] = 2.04031e-01
dXdS[16] = 2.23469e-01
dXdS[17] = 2.27852e-01
dXdS[18] = 2.36440e-01
dXdS[19] = 1.63518e-01
dXdS[20] = 1.82941e-01
dXdS[21] = 2.00490e-01
dXdS[22] = 2.19337e-01
dXdS[23] = 2.29743e-01
dXdS[24] = 2.46750e-01
dXdS[25] = 2.62919e-01
dXdS[26] = 2.64494e-01
dXdS[27] = 2.70828e-01
dXdS[28] = 2.77352e-01
dXdS[29] = 2.75341e-01
dXdS[30] = 2.72048e-01
dXdS[31] = 2.67291e-01
dXdS[32] = 2.60855e-01
dXdS[33] = 1.74541e-01
dXdS[34] = 5.02478e-01
dXdS[35] = 5.21457e-01
dXdS[36] = 5.28608e-01
dXdS[37] = 5.44658e-01
dXdS[38] = 5.48425e-01
dXdS[39] = 5.50297e-01
dXdS[40] = 5.54256e-01
dXdS[41] = 5.61783e-01
dXdS[42] = 5.68537e-01
dXdS[43] = 5.72945e-01
dXdS[44] = 5.83365e-01
dXdS[45] = 5.93520e-01
dXdS[46] = 6.10658e-01
dXdS[47] = 6.32867e-01
dXdS[48] = 1.00000e+00
dXdS[49] = -5.76480e-02
dXdS[50] = -1.07146e-01


Iteration: 105
Index of specified variable before Newton's method: 48
Temperature before Newton's method: 2.80493e+02 K
Pressure before Newton's method: 2.81725e+07 Pa
Interpolation Scheme: Polynomial (Cubic)
Mixed error in Newton's method (should be < 1): 1.93443e-01
Nº of Newton iterations: 1
Delta of specified variable for the next iteration: 2.00000e-01
Next Iteration variable updated index: 48
lnK[0]		lnK[1]		lnK[2]		lnK[3]		lnK[4]		lnK[5]		lnK[6]		lnK[7]		lnK[8]		lnK[9]		lnK[10]		lnK[11]		lnK[12]		lnK[13]		lnK[14]		lnK[15]		lnK[16]		lnK[17]		lnK[18]		lnK[19]		lnK[20]		lnK[21]		lnK[22]		lnK[23]		lnK[24]		lnK[25]		lnK[26]		lnK[27]		lnK[28]		lnK[29]		lnK[30]		lnK[31]		lnK[32]		lnK[33]		lnK[34]		lnK[35]		lnK[36]		lnK[37]		lnK[38]		lnK[39]		lnK[40]		lnK[41]		lnK[42]		lnK[43]		lnK[44]		lnK[45]		lnK[46]		lnK[47]		lnK[48]		lnT(K)		lnP(Pa)		
-4.16704e-01	-6.42665e-01	2.60249e-01	-2.90997e-01	2.14423e-01	-4.95516e-01	6.89063e-01	8.24256e-01	1.01191e+00	1.09081e+00	1.33600e+00	1.45065e+00	1.72706e+00	1.64310e+00	1.74464e+00	2.00141e+00	2.21949e+00	2.24896e+00	2.34552e+00	1.56508e+00	1.77810e+00	1.97698e+00	2.17851e+00	2.30060e+00	2.50150e+00	2.66953e+00	2.73818e+00	2.82563e+00	2.91976e+00	2.94350e+00	2.95775e+00	2.96102e+00	2.95159e+00	2.32593e+00	4.99866e+00	5.20908e+00	5.33094e+00	5.52322e+00	5.61134e+00	5.69149e+00	5.78972e+00	5.91808e+00	6.04835e+00	6.16219e+00	6.32628e+00	6.49719e+00	6.73356e+00	7.01462e+00	1.02040e+01	5.63655e+00	1.71539e+01
Sensitivity vector: 
dXdS[0] = -1.47094e-02
dXdS[1] = -3.55160e-02
dXdS[2] = 5.94298e-02
dXdS[3] = -6.41824e-03
dXdS[4] = 4.20426e-02
dXdS[5] = -2.23355e-02
dXdS[6] = 8.20590e-02
dXdS[7] = 9.65698e-02
dXdS[8] = 1.10061e-01
dXdS[9] = 1.20715e-01
dXdS[10] = 1.42772e-01
dXdS[11] = 1.45192e-01
dXdS[12] = 1.79306e-01
dXdS[13] = 1.66345e-01
dXdS[14] = 1.71668e-01
dXdS[15] = 2.03848e-01
dXdS[16] = 2.23276e-01
dXdS[17] = 2.27681e-01
dXdS[18] = 2.36226e-01
dXdS[19] = 1.63569e-01
dXdS[20] = 1.83003e-01
dXdS[21] = 2.00561e-01
dXdS[22] = 2.19432e-01
dXdS[23] = 2.29848e-01
dXdS[24] = 2.46891e-01
dXdS[25] = 2.63043e-01
dXdS[26] = 2.64616e-01
dXdS[27] = 2.70950e-01
dXdS[28] = 2.77471e-01
dXdS[29] = 2.75452e-01
dXdS[30] = 2.72153e-01
dXdS[31] = 2.67391e-01
dXdS[32] = 2.60951e-01
dXdS[33] = 1.74976e-01
dXdS[34] = 5.02625e-01
dXdS[35] = 5.21614e-01
dXdS[36] = 5.28773e-01
dXdS[37] = 5.44837e-01
dXdS[38] = 5.48621e-01
dXdS[39] = 5.50511e-01
dXdS[40] = 5.54481e-01
dXdS[41] = 5.62014e-01
dXdS[42] = 5.68771e-01
dXdS[43] = 5.73183e-01
dXdS[44] = 5.83597e-01
dXdS[45] = 5.93743e-01
dXdS[46] = 6.10873e-01
dXdS[47] = 6.33081e-01
dXdS[48] = 1.00000e+00
dXdS[49] = -5.65163e-02
dXdS[50] = -1.08763e-01


Iteration: 106
Index of specified variable before Newton's method: 48
Temperature before Newton's method: 2.77372e+02 K
Pressure before Newton's method: 2.75620e+07 Pa
Interpolation Scheme: Polynomial (Cubic)
Mixed error in Newton's method (should be < 1): 1.76335e-01
Nº of Newton iterations: 1
Delta of specified variable for the next iteration: 2.00000e-01
Next Iteration variable updated index: 48
lnK[0]		lnK[1]		lnK[2]		lnK[3]		lnK[4]		lnK[5]		lnK[6]		lnK[7]		lnK[8]		lnK[9]		lnK[10]		lnK[11]		lnK[12]		lnK[13]		lnK[14]		lnK[15]		lnK[16]		lnK[17]		lnK[18]		lnK[19]		lnK[20]		lnK[21]		lnK[22]		lnK[23]		lnK[24]		lnK[25]		lnK[26]		lnK[27]		lnK[28]		lnK[29]		lnK[30]		lnK[31]		lnK[32]		lnK[33]		lnK[34]		lnK[35]		lnK[36]		lnK[37]		lnK[38]		lnK[39]		lnK[40]		lnK[41]		lnK[42]		lnK[43]		lnK[44]		lnK[45]		lnK[46]		lnK[47]		lnK[48]		lnT(K)		lnP(Pa)		
-4.19621e-01	-6.49735e-01	2.72156e-01	-2.92260e-01	2.22845e-01	-4.99950e-01	7.05483e-01	8.43577e-01	1.03392e+00	1.11496e+00	1.36456e+00	1.47967e+00	1.76290e+00	1.67635e+00	1.77896e+00	2.04216e+00	2.26412e+00	2.29447e+00	2.39274e+00	1.59780e+00	1.81471e+00	2.01710e+00	2.22240e+00	2.34658e+00	2.55090e+00	2.72215e+00	2.79112e+00	2.87983e+00	2.97527e+00	2.99860e+00	3.01219e+00	3.01451e+00	3.00379e+00	2.36098e+00	5.09920e+00	5.31342e+00	5.43672e+00	5.63221e+00	5.72108e+00	5.80161e+00	5.90064e+00	6.03051e+00	6.16213e+00	6.27686e+00	6.44303e+00	6.61597e+00	6.85577e+00	7.14127e+00	1.04040e+01	5.62536e+00	1.71319e+01
Sensitivity vector: 
dXdS[0] = -1.44638e-02
dXdS[1] = -3.51929e-02
dXdS[2] = 5.96376e-02
dXdS[3] = -6.21613e-03
dXdS[4] = 4.21759e-02
dXdS[5] = -2.19996e-02
dXdS[6] = 8.21395e-02
dXdS[7] = 9.66348e-02
dXdS[8] = 1.10063e-01
dXdS[9] = 1.20767e-01
dXdS[10] = 1.42819e-01
dXdS[11] = 1.45058e-01
dXdS[12] = 1.79125e-01
dXdS[13] = 1.66183e-01
dXdS[14] = 1.71503e-01
dXdS[15] = 2.03654e-01
dXdS[16] = 2.23075e-01
dXdS[17] = 2.27501e-01
dXdS[18] = 2.36001e-01
dXdS[19] = 1.63619e-01
dXdS[20] = 1.83066e-01
dXdS[21] = 2.00635e-01
dXdS[22] = 2.19533e-01
dXdS[23] = 2.29963e-01
dXdS[24] = 2.47047e-01
dXdS[25] = 2.63181e-01
dXdS[26] = 2.64760e-01
dXdS[27] = 2.71096e-01
dXdS[28] = 2.77618e-01
dXdS[29] = 2.75597e-01
dXdS[30] = 2.72299e-01
dXdS[31] = 2.67539e-01
dXdS[32] = 2.61103e-01
dXdS[33] = 1.75524e-01
dXdS[34] = 5.02767e-01
dXdS[35] = 5.21768e-01
dXdS[36] = 5.28942e-01
dXdS[37] = 5.45027e-01
dXdS[38] = 5.48836e-01
dXdS[39] = 5.50752e-01
dXdS[40] = 5.54743e-01
dXdS[41] = 5.62288e-01
dXdS[42] = 5.69057e-01
dXdS[43] = 5.73485e-01
dXdS[44] = 5.83902e-01
dXdS[45] = 5.94047e-01
dXdS[46] = 6.11178e-01
dXdS[47] = 6.33392e-01
dXdS[48] = 1.00000e+00
dXdS[49] = -5.54011e-02
dXdS[50] = -1.10345e-01


Iteration: 107
Index of specified variable before Newton's method: 48
Temperature before Newton's method: 2.74345e+02 K
Pressure before Newton's method: 2.69562e+07 Pa
Interpolation Scheme: Polynomial (Cubic)
Mixed error in Newton's method (should be < 1): 1.61182e-01
Nº of Newton iterations: 1
Delta of specified variable for the next iteration: 2.00000e-01
Next Iteration variable updated index: 48
lnK[0]		lnK[1]		lnK[2]		lnK[3]		lnK[4]		lnK[5]		lnK[6]		lnK[7]		lnK[8]		lnK[9]		lnK[10]		lnK[11]		lnK[12]		lnK[13]		lnK[14]		lnK[15]		lnK[16]		lnK[17]		lnK[18]		lnK[19]		lnK[20]		lnK[21]		lnK[22]		lnK[23]		lnK[24]		lnK[25]		lnK[26]		lnK[27]		lnK[28]		lnK[29]		lnK[30]		lnK[31]		lnK[32]		lnK[33]		lnK[34]		lnK[35]		lnK[36]		lnK[37]		lnK[38]		lnK[39]		lnK[40]		lnK[41]		lnK[42]		lnK[43]		lnK[44]		lnK[45]		lnK[46]		lnK[47]		lnK[48]		lnT(K)		lnP(Pa)		
-4.22491e-01	-6.56743e-01	2.84102e-01	-2.93484e-01	2.31293e-01	-5.04317e-01	7.21919e-01	8.62909e-01	1.05594e+00	1.13912e+00	1.39312e+00	1.50867e+00	1.79871e+00	1.70957e+00	1.81324e+00	2.08287e+00	2.30872e+00	2.33996e+00	2.43992e+00	1.63052e+00	1.85133e+00	2.05724e+00	2.26632e+00	2.39258e+00	2.60032e+00	2.77480e+00	2.84409e+00	2.93407e+00	3.03081e+00	3.05374e+00	3.06667e+00	3.06804e+00	3.05603e+00	2.39615e+00	5.19977e+00	5.41779e+00	5.54252e+00	5.74123e+00	5.83087e+00	5.91179e+00	6.01162e+00	6.14300e+00	6.27597e+00	6.39159e+00	6.55984e+00	6.73481e+00	6.97804e+00	7.26799e+00	1.06040e+01	5.61439e+00	1.71097e+01
Sensitivity vector: 
dXdS[0] = -1.42300e-02
dXdS[1] = -3.48793e-02
dXdS[2] = 5.98201e-02
dXdS[3] = -6.02242e-03
dXdS[4] = 4.22983e-02
dXdS[5] = -2.16710e-02
dXdS[6] = 8.22149e-02
dXdS[7] = 9.66922e-02
dXdS[8] = 1.10062e-01
dXdS[9] = 1.20813e-01
dXdS[10] = 1.42862e-01
dXdS[11] = 1.44923e-01
dXdS[12] = 1.78932e-01
dXdS[13] = 1.66015e-01
dXdS[14] = 1.71339e-01
dXdS[15] = 2.03450e-01
dXdS[16] = 2.22865e-01
dXdS[17] = 2.27312e-01
dXdS[18] = 2.35766e-01
dXdS[19] = 1.63668e-01
dXdS[20] = 1.83131e-01
dXdS[21] = 2.00714e-01
dXdS[22] = 2.19640e-01
dXdS[23] = 2.30087e-01
dXdS[24] = 2.47217e-01
dXdS[25] = 2.63333e-01
dXdS[26] = 2.64925e-01
dXdS[27] = 2.71267e-01
dXdS[28] = 2.77793e-01
dXdS[29] = 2.75777e-01
dXdS[30] = 2.72486e-01
dXdS[31] = 2.67735e-01
dXdS[32] = 2.61311e-01
dXdS[33] = 1.76182e-01
dXdS[34] = 5.02904e-01
dXdS[35] = 5.21921e-01
dXdS[36] = 5.29118e-01
dXdS[37] = 5.45226e-01
dXdS[38] = 5.49068e-01
dXdS[39] = 5.51020e-01
dXdS[40] = 5.55042e-01
dXdS[41] = 5.62607e-01
dXdS[42] = 5.69396e-01
dXdS[43] = 5.73850e-01
dXdS[44] = 5.84276e-01
dXdS[45] = 5.94430e-01
dXdS[46] = 6.11570e-01
dXdS[47] = 6.33798e-01
dXdS[48] = 1.00000e+00
dXdS[49] = -5.43017e-02
dXdS[50] = -1.11896e-01


Iteration: 108
Index of specified variable before Newton's method: 48
Temperature before Newton's method: 2.71412e+02 K
Pressure before Newton's method: 2.63556e+07 Pa
Interpolation Scheme: Polynomial (Cubic)
Mixed error in Newton's method (should be < 1): 1.47774e-01
Nº of Newton iterations: 1
Delta of specified variable for the next iteration: 2.00000e-01
Next Iteration variable updated index: 48
lnK[0]		lnK[1]		lnK[2]		lnK[3]		lnK[4]		lnK[5]		lnK[6]		lnK[7]		lnK[8]		lnK[9]		lnK[10]		lnK[11]		lnK[12]		lnK[13]		lnK[14]		lnK[15]		lnK[16]		lnK[17]		lnK[18]		lnK[19]		lnK[20]		lnK[21]		lnK[22]		lnK[23]		lnK[24]		lnK[25]		lnK[26]		lnK[27]		lnK[28]		lnK[29]		lnK[30]		lnK[31]		lnK[32]		lnK[33]		lnK[34]		lnK[35]		lnK[36]		lnK[37]		lnK[38]		lnK[39]		lnK[40]		lnK[41]		lnK[42]		lnK[43]		lnK[44]		lnK[45]		lnK[46]		lnK[47]		lnK[48]		lnT(K)		lnP(Pa)		
-4.25314e-01	-6.63688e-01	2.96083e-01	-2.94669e-01	2.39764e-01	-5.08619e-01	7.38369e-01	8.82253e-01	1.07795e+00	1.16328e+00	1.42170e+00	1.53764e+00	1.83447e+00	1.74275e+00	1.84750e+00	2.12354e+00	2.35327e+00	2.38540e+00	2.48705e+00	1.66326e+00	1.88796e+00	2.09739e+00	2.31026e+00	2.43862e+00	2.64978e+00	2.82748e+00	2.89709e+00	2.98834e+00	3.08639e+00	3.10891e+00	3.12119e+00	3.12161e+00	3.10832e+00	2.43146e+00	5.30036e+00	5.52219e+00	5.64836e+00	5.85030e+00	5.94071e+00	6.02202e+00	6.12266e+00	6.25556e+00	6.38989e+00	6.50640e+00	6.67674e+00	6.85374e+00	7.10040e+00	7.39479e+00	1.08040e+01	5.60364e+00	1.70872e+01
Sensitivity vector: 
dXdS[0] = -1.40073e-02
dXdS[1] = -3.45747e-02
dXdS[2] = 5.99780e-02
dXdS[3] = -5.83665e-03
dXdS[4] = 4.24102e-02
dXdS[5] = -2.13491e-02
dXdS[6] = 8.22857e-02
dXdS[7] = 9.67423e-02
dXdS[8] = 1.10057e-01
dXdS[9] = 1.20854e-01
dXdS[10] = 1.42901e-01
dXdS[11] = 1.44787e-01
dXdS[12] = 1.78725e-01
dXdS[13] = 1.65843e-01
dXdS[14] = 1.71176e-01
dXdS[15] = 2.03236e-01
dXdS[16] = 2.22646e-01
dXdS[17] = 2.27113e-01
dXdS[18] = 2.35521e-01
dXdS[19] = 1.63715e-01
dXdS[20] = 1.83196e-01
dXdS[21] = 2.00796e-01
dXdS[22] = 2.19753e-01
dXdS[23] = 2.30219e-01
dXdS[24] = 2.47401e-01
dXdS[25] = 2.63499e-01
dXdS[26] = 2.65111e-01
dXdS[27] = 2.71462e-01
dXdS[28] = 2.77996e-01
dXdS[29] = 2.75991e-01
dXdS[30] = 2.72712e-01
dXdS[31] = 2.67978e-01
dXdS[32] = 2.61574e-01
dXdS[33] = 1.76949e-01
dXdS[34] = 5.03037e-01
dXdS[35] = 5.22071e-01
dXdS[36] = 5.29298e-01
dXdS[37] = 5.45435e-01
dXdS[38] = 5.49318e-01
dXdS[39] = 5.51316e-01
dXdS[40] = 5.55376e-01
dXdS[41] = 5.62969e-01
dXdS[42] = 5.69787e-01
dXdS[43] = 5.74276e-01
dXdS[44] = 5.84720e-01
dXdS[45] = 5.94891e-01
dXdS[46] = 6.12049e-01
dXdS[47] = 6.34298e-01
dXdS[48] = 1.00000e+00
dXdS[49] = -5.32177e-02
dXdS[50] = -1.13415e-01


Iteration: 109
Index of specified variable before Newton's method: 48
Temperature before Newton's method: 2.68567e+02 K
Pressure before Newton's method: 2.57606e+07 Pa
Interpolation Scheme: Polynomial (Cubic)
Mixed error in Newton's method (should be < 1): 1.35938e-01
Nº of Newton iterations: 1
Delta of specified variable for the next iteration: 2.00000e-01
Next Iteration variable updated index: 48
lnK[0]		lnK[1]		lnK[2]		lnK[3]		lnK[4]		lnK[5]		lnK[6]		lnK[7]		lnK[8]		lnK[9]		lnK[10]		lnK[11]		lnK[12]		lnK[13]		lnK[14]		lnK[15]		lnK[16]		lnK[17]		lnK[18]		lnK[19]		lnK[20]		lnK[21]		lnK[22]		lnK[23]		lnK[24]		lnK[25]		lnK[26]		lnK[27]		lnK[28]		lnK[29]		lnK[30]		lnK[31]		lnK[32]		lnK[33]		lnK[34]		lnK[35]		lnK[36]		lnK[37]		lnK[38]		lnK[39]		lnK[40]		lnK[41]		lnK[42]		lnK[43]		lnK[44]		lnK[45]		lnK[46]		lnK[47]		lnK[48]		lnT(K)		lnP(Pa)		
-4.28094e-01	-6.70573e-01	3.08092e-01	-2.95819e-01	2.48256e-01	-5.12857e-01	7.54833e-01	9.01606e-01	1.09996e+00	1.18746e+00	1.45028e+00	1.56659e+00	1.87020e+00	1.77590e+00	1.88172e+00	2.16417e+00	2.39777e+00	2.43080e+00	2.53413e+00	1.69601e+00	1.92460e+00	2.13756e+00	2.35422e+00	2.48467e+00	2.69928e+00	2.88020e+00	2.95013e+00	3.04266e+00	3.14201e+00	3.16413e+00	3.17576e+00	3.17524e+00	3.16067e+00	2.46694e+00	5.40098e+00	5.62661e+00	5.75424e+00	5.95941e+00	6.05060e+00	6.13232e+00	6.23377e+00	6.36819e+00	6.50389e+00	6.62131e+00	6.79374e+00	6.97278e+00	7.22286e+00	7.52171e+00	1.10040e+01	5.59310e+00	1.70644e+01
Sensitivity vector: 
dXdS[0] = -1.37953e-02
dXdS[1] = -3.42784e-02
dXdS[2] = 6.01121e-02
dXdS[3] = -5.65842e-03
dXdS[4] = 4.25121e-02
dXdS[5] = -2.10335e-02
dXdS[6] = 8.23519e-02
dXdS[7] = 9.67852e-02
dXdS[8] = 1.10048e-01
dXdS[9] = 1.20890e-01
dXdS[10] = 1.42938e-01
dXdS[11] = 1.44651e-01
dXdS[12] = 1.78507e-01
dXdS[13] = 1.65665e-01
dXdS[14] = 1.71015e-01
dXdS[15] = 2.03011e-01
dXdS[16] = 2.22420e-01
dXdS[17] = 2.26904e-01
dXdS[18] = 2.35265e-01
dXdS[19] = 1.63761e-01
dXdS[20] = 1.83263e-01
dXdS[21] = 2.00883e-01
dXdS[22] = 2.19873e-01
dXdS[23] = 2.30361e-01
dXdS[24] = 2.47600e-01
dXdS[25] = 2.63679e-01
dXdS[26] = 2.65318e-01
dXdS[27] = 2.71681e-01
dXdS[28] = 2.78226e-01
dXdS[29] = 2.76237e-01
dXdS[30] = 2.72978e-01
dXdS[31] = 2.68267e-01
dXdS[32] = 2.61892e-01
dXdS[33] = 1.77823e-01
dXdS[34] = 5.03166e-01
dXdS[35] = 5.22221e-01
dXdS[36] = 5.29485e-01
dXdS[37] = 5.45655e-01
dXdS[38] = 5.49586e-01
dXdS[39] = 5.51639e-01
dXdS[40] = 5.55746e-01
dXdS[41] = 5.63374e-01
dXdS[42] = 5.70229e-01
dXdS[43] = 5.74763e-01
dXdS[44] = 5.85233e-01
dXdS[45] = 5.95430e-01
dXdS[46] = 6.12613e-01
dXdS[47] = 6.34890e-01
dXdS[48] = 1.00000e+00
dXdS[49] = -5.21488e-02
dXdS[50] = -1.14906e-01


Iteration: 110
Index of specified variable before Newton's method: 48
Temperature before Newton's method: 2.65808e+02 K
Pressure before Newton's method: 2.51717e+07 Pa
Interpolation Scheme: Polynomial (Cubic)
Mixed error in Newton's method (should be < 1): 1.25520e-01
Nº of Newton iterations: 1
Delta of specified variable for the next iteration: 2.00000e-01
Next Iteration variable updated index: 48
lnK[0]		lnK[1]		lnK[2]		lnK[3]		lnK[4]		lnK[5]		lnK[6]		lnK[7]		lnK[8]		lnK[9]		lnK[10]		lnK[11]		lnK[12]		lnK[13]		lnK[14]		lnK[15]		lnK[16]		lnK[17]		lnK[18]		lnK[19]		lnK[20]		lnK[21]		lnK[22]		lnK[23]		lnK[24]		lnK[25]		lnK[26]		lnK[27]		lnK[28]		lnK[29]		lnK[30]		lnK[31]		lnK[32]		lnK[33]		lnK[34]		lnK[35]		lnK[36]		lnK[37]		lnK[38]		lnK[39]		lnK[40]		lnK[41]		lnK[42]		lnK[43]		lnK[44]		lnK[45]		lnK[46]		lnK[47]		lnK[48]		lnT(K)		lnP(Pa)		
-4.30833e-01	-6.77400e-01	3.20126e-01	-2.96933e-01	2.56768e-01	-5.17032e-01	7.71310e-01	9.20967e-01	1.12197e+00	1.21164e+00	1.47888e+00	1.59550e+00	1.90587e+00	1.80902e+00	1.91590e+00	2.20475e+00	2.44224e+00	2.47616e+00	2.58115e+00	1.72877e+00	1.96126e+00	2.17774e+00	2.39821e+00	2.53076e+00	2.74882e+00	2.93296e+00	3.00322e+00	3.09702e+00	3.19768e+00	3.21941e+00	3.23038e+00	3.22892e+00	3.21308e+00	2.50260e+00	5.50163e+00	5.73107e+00	5.86016e+00	6.06856e+00	6.16055e+00	6.24268e+00	6.34496e+00	6.48091e+00	6.61798e+00	6.73631e+00	6.91084e+00	7.09192e+00	7.34545e+00	7.64876e+00	1.12040e+01	5.58278e+00	1.70412e+01
Sensitivity vector: 
dXdS[0] = -1.35935e-02
dXdS[1] = -3.39901e-02
dXdS[2] = 6.02231e-02
dXdS[3] = -5.48734e-03
dXdS[4] = 4.26043e-02
dXdS[5] = -2.07238e-02
dXdS[6] = 8.24140e-02
dXdS[7] = 9.68214e-02
dXdS[8] = 1.10036e-01
dXdS[9] = 1.20920e-01
dXdS[10] = 1.42971e-01
dXdS[11] = 1.44515e-01
dXdS[12] = 1.78276e-01
dXdS[13] = 1.65482e-01
dXdS[14] = 1.70853e-01
dXdS[15] = 2.02776e-01
dXdS[16] = 2.22185e-01
dXdS[17] = 2.26687e-01
dXdS[18] = 2.34999e-01
dXdS[19] = 1.63806e-01
dXdS[20] = 1.83331e-01
dXdS[21] = 2.00974e-01
dXdS[22] = 2.19999e-01
dXdS[23] = 2.30512e-01
dXdS[24] = 2.47813e-01
dXdS[25] = 2.63872e-01
dXdS[26] = 2.65545e-01
dXdS[27] = 2.71923e-01
dXdS[28] = 2.78484e-01
dXdS[29] = 2.76517e-01
dXdS[30] = 2.73284e-01
dXdS[31] = 2.68603e-01
dXdS[32] = 2.62262e-01
dXdS[33] = 1.78804e-01
dXdS[34] = 5.03290e-01
dXdS[35] = 5.22368e-01
dXdS[36] = 5.29676e-01
dXdS[37] = 5.45884e-01
dXdS[38] = 5.49871e-01
dXdS[39] = 5.51988e-01
dXdS[40] = 5.56151e-01
dXdS[41] = 5.63821e-01
dXdS[42] = 5.70722e-01
dXdS[43] = 5.75311e-01
dXdS[44] = 5.85813e-01
dXdS[45] = 5.96045e-01
dXdS[46] = 6.13260e-01
dXdS[47] = 6.35573e-01
dXdS[48] = 1.00000e+00
dXdS[49] = -5.10944e-02
dXdS[50] = -1.16367e-01


Iteration: 111
Index of specified variable before Newton's method: 48
Temperature before Newton's method: 2.63133e+02 K
Pressure before Newton's method: 2.45891e+07 Pa
Interpolation Scheme: Polynomial (Cubic)
Mixed error in Newton's method (should be < 1): 1.16392e-01
Nº of Newton iterations: 1
Delta of specified variable for the next iteration: 2.00000e-01
Next Iteration variable updated index: 48
lnK[0]		lnK[1]		lnK[2]		lnK[3]		lnK[4]		lnK[5]		lnK[6]		lnK[7]		lnK[8]		lnK[9]		lnK[10]		lnK[11]		lnK[12]		lnK[13]		lnK[14]		lnK[15]		lnK[16]		lnK[17]		lnK[18]		lnK[19]		lnK[20]		lnK[21]		lnK[22]		lnK[23]		lnK[24]		lnK[25]		lnK[26]		lnK[27]		lnK[28]		lnK[29]		lnK[30]		lnK[31]		lnK[32]		lnK[33]		lnK[34]		lnK[35]		lnK[36]		lnK[37]		lnK[38]		lnK[39]		lnK[40]		lnK[41]		lnK[42]		lnK[43]		lnK[44]		lnK[45]		lnK[46]		lnK[47]		lnK[48]		lnT(K)		lnP(Pa)		
-4.33532e-01	-6.84169e-01	3.32180e-01	-2.98014e-01	2.65297e-01	-5.21147e-01	7.87798e-01	9.40334e-01	1.14397e+00	1.23582e+00	1.50747e+00	1.62439e+00	1.94151e+00	1.84210e+00	1.95006e+00	2.24528e+00	2.48665e+00	2.52147e+00	2.62813e+00	1.76153e+00	1.99794e+00	2.21795e+00	2.44222e+00	2.57688e+00	2.79841e+00	2.98575e+00	3.05635e+00	3.15143e+00	3.25340e+00	3.27474e+00	3.28507e+00	3.28268e+00	3.26557e+00	2.53847e+00	5.60230e+00	5.83556e+00	5.96611e+00	6.17776e+00	6.27055e+00	6.35311e+00	6.45624e+00	6.59372e+00	6.73218e+00	6.85143e+00	7.02807e+00	7.21120e+00	7.46817e+00	7.77595e+00	1.14040e+01	5.57266e+00	1.70178e+01
Sensitivity vector: 
dXdS[0] = -1.34015e-02
dXdS[1] = -3.37092e-02
dXdS[2] = 6.03115e-02
dXdS[3] = -5.32306e-03
dXdS[4] = 4.26871e-02
dXdS[5] = -2.04195e-02
dXdS[6] = 8.24720e-02
dXdS[7] = 9.68510e-02
dXdS[8] = 1.10020e-01
dXdS[9] = 1.20946e-01
dXdS[10] = 1.43001e-01
dXdS[11] = 1.44378e-01
dXdS[12] = 1.78033e-01
dXdS[13] = 1.65295e-01
dXdS[14] = 1.70693e-01
dXdS[15] = 2.02532e-01
dXdS[16] = 2.21942e-01
dXdS[17] = 2.26460e-01
dXdS[18] = 2.34722e-01
dXdS[19] = 1.63850e-01
dXdS[20] = 1.83400e-01
dXdS[21] = 2.01069e-01
dXdS[22] = 2.20131e-01
dXdS[23] = 2.30671e-01
dXdS[24] = 2.48041e-01
dXdS[25] = 2.64079e-01
dXdS[26] = 2.65793e-01
dXdS[27] = 2.72189e-01
dXdS[28] = 2.78768e-01
dXdS[29] = 2.76828e-01
dXdS[30] = 2.73627e-01
dXdS[31] = 2.68983e-01
dXdS[32] = 2.62685e-01
dXdS[33] = 1.79889e-01
dXdS[34] = 5.03412e-01
dXdS[35] = 5.22515e-01
dXdS[36] = 5.29874e-01
dXdS[37] = 5.46124e-01
dXdS[38] = 5.50174e-01
dXdS[39] = 5.52363e-01
dXdS[40] = 5.56590e-01
dXdS[41] = 5.64309e-01
dXdS[42] = 5.71265e-01
dXdS[43] = 5.75918e-01
dXdS[44] = 5.86460e-01
dXdS[45] = 5.96735e-01
dXdS[46] = 6.13990e-01
dXdS[47] = 6.36346e-01
dXdS[48] = 1.00000e+00
dXdS[49] = -5.00542e-02
dXdS[50] = -1.17801e-01


Iteration: 112
Index of specified variable before Newton's method: 48
Temperature before Newton's method: 2.60539e+02 K
Pressure before Newton's method: 2.40131e+07 Pa
Interpolation Scheme: Polynomial (Cubic)
Mixed error in Newton's method (should be < 1): 1.08444e-01
Nº of Newton iterations: 1
Delta of specified variable for the next iteration: 2.00000e-01
Next Iteration variable updated index: 48
lnK[0]		lnK[1]		lnK[2]		lnK[3]		lnK[4]		lnK[5]		lnK[6]		lnK[7]		lnK[8]		lnK[9]		lnK[10]		lnK[11]		lnK[12]		lnK[13]		lnK[14]		lnK[15]		lnK[16]		lnK[17]		lnK[18]		lnK[19]		lnK[20]		lnK[21]		lnK[22]		lnK[23]		lnK[24]		lnK[25]		lnK[26]		lnK[27]		lnK[28]		lnK[29]		lnK[30]		lnK[31]		lnK[32]		lnK[33]		lnK[34]		lnK[35]		lnK[36]		lnK[37]		lnK[38]		lnK[39]		lnK[40]		lnK[41]		lnK[42]		lnK[43]		lnK[44]		lnK[45]		lnK[46]		lnK[47]		lnK[48]		lnT(K)		lnP(Pa)		
-4.36194e-01	-6.90884e-01	3.44249e-01	-2.99063e-01	2.73842e-01	-5.25200e-01	8.04298e-01	9.59707e-01	1.16597e+00	1.26002e+00	1.53608e+00	1.65326e+00	1.97709e+00	1.87514e+00	1.98418e+00	2.28576e+00	2.53101e+00	2.56674e+00	2.67504e+00	1.79431e+00	2.03462e+00	2.25817e+00	2.48626e+00	2.62303e+00	2.84804e+00	3.03859e+00	3.10954e+00	3.20589e+00	3.30919e+00	3.33014e+00	3.33983e+00	3.33652e+00	3.31816e+00	2.57456e+00	5.70299e+00	5.94008e+00	6.07211e+00	6.28701e+00	6.38062e+00	6.46363e+00	6.56760e+00	6.70663e+00	6.84649e+00	6.96668e+00	7.14543e+00	7.33062e+00	7.59105e+00	7.90330e+00	1.16040e+01	5.56275e+00	1.69941e+01
Sensitivity vector: 
dXdS[0] = -1.32189e-02
dXdS[1] = -3.34354e-02
dXdS[2] = 6.03780e-02
dXdS[3] = -5.16524e-03
dXdS[4] = 4.27609e-02
dXdS[5] = -2.01202e-02
dXdS[6] = 8.25262e-02
dXdS[7] = 9.68743e-02
dXdS[8] = 1.10001e-01
dXdS[9] = 1.20966e-01
dXdS[10] = 1.43029e-01
dXdS[11] = 1.44241e-01
dXdS[12] = 1.77778e-01
dXdS[13] = 1.65102e-01
dXdS[14] = 1.70534e-01
dXdS[15] = 2.02277e-01
dXdS[16] = 2.21691e-01
dXdS[17] = 2.26224e-01
dXdS[18] = 2.34436e-01
dXdS[19] = 1.63893e-01
dXdS[20] = 1.83471e-01
dXdS[21] = 2.01169e-01
dXdS[22] = 2.20270e-01
dXdS[23] = 2.30840e-01
dXdS[24] = 2.48282e-01
dXdS[25] = 2.64299e-01
dXdS[26] = 2.66061e-01
dXdS[27] = 2.72478e-01
dXdS[28] = 2.79079e-01
dXdS[29] = 2.77172e-01
dXdS[30] = 2.74009e-01
dXdS[31] = 2.69408e-01
dXdS[32] = 2.63160e-01
dXdS[33] = 1.81077e-01
dXdS[34] = 5.03529e-01
dXdS[35] = 5.22661e-01
dXdS[36] = 5.30077e-01
dXdS[37] = 5.46373e-01
dXdS[38] = 5.50494e-01
dXdS[39] = 5.52765e-01
dXdS[40] = 5.57064e-01
dXdS[41] = 5.64839e-01
dXdS[42] = 5.71857e-01
dXdS[43] = 5.76583e-01
dXdS[44] = 5.87172e-01
dXdS[45] = 5.97498e-01
dXdS[46] = 6.14802e-01
dXdS[47] = 6.37206e-01
dXdS[48] = 1.00000e+00
dXdS[49] = -4.90279e-02
dXdS[50] = -1.19208e-01


Iteration: 113
Index of specified variable before Newton's method: 48
Temperature before Newton's method: 2.58023e+02 K
Pressure before Newton's method: 2.34442e+07 Pa
Interpolation Scheme: Polynomial (Cubic)
Mixed error in Newton's method (should be < 1): 1.01573e-01
Nº of Newton iterations: 1
Delta of specified variable for the next iteration: 2.00000e-01
Next Iteration variable updated index: 48
lnK[0]		lnK[1]		lnK[2]		lnK[3]		lnK[4]		lnK[5]		lnK[6]		lnK[7]		lnK[8]		lnK[9]		lnK[10]		lnK[11]		lnK[12]		lnK[13]		lnK[14]		lnK[15]		lnK[16]		lnK[17]		lnK[18]		lnK[19]		lnK[20]		lnK[21]		lnK[22]		lnK[23]		lnK[24]		lnK[25]		lnK[26]		lnK[27]		lnK[28]		lnK[29]		lnK[30]		lnK[31]		lnK[32]		lnK[33]		lnK[34]		lnK[35]		lnK[36]		lnK[37]		lnK[38]		lnK[39]		lnK[40]		lnK[41]		lnK[42]		lnK[43]		lnK[44]		lnK[45]		lnK[46]		lnK[47]		lnK[48]		lnT(K)		lnP(Pa)		
-4.38820e-01	-6.97544e-01	3.56329e-01	-3.00081e-01	2.82401e-01	-5.29195e-01	8.20808e-01	9.79083e-01	1.18797e+00	1.28421e+00	1.56468e+00	1.68209e+00	2.01262e+00	1.90814e+00	2.01827e+00	2.32619e+00	2.57532e+00	2.61196e+00	2.72190e+00	1.82709e+00	2.07132e+00	2.29841e+00	2.53033e+00	2.66922e+00	2.89772e+00	3.09147e+00	3.16278e+00	3.26042e+00	3.36504e+00	3.38561e+00	3.39468e+00	3.39045e+00	3.37084e+00	2.61090e+00	5.80371e+00	6.04463e+00	6.17814e+00	6.39631e+00	6.49075e+00	6.57422e+00	6.67906e+00	6.81966e+00	6.96093e+00	7.08207e+00	7.26294e+00	7.45020e+00	7.71410e+00	8.03084e+00	1.18040e+01	5.55305e+00	1.69701e+01
Sensitivity vector: 
dXdS[0] = -1.30452e-02
dXdS[1] = -3.31683e-02
dXdS[2] = 6.04233e-02
dXdS[3] = -5.01359e-03
dXdS[4] = 4.28261e-02
dXdS[5] = -1.98255e-02
dXdS[6] = 8.25768e-02
dXdS[7] = 9.68915e-02
dXdS[8] = 1.09979e-01
dXdS[9] = 1.20983e-01
dXdS[10] = 1.43053e-01
dXdS[11] = 1.44104e-01
dXdS[12] = 1.77511e-01
dXdS[13] = 1.64905e-01
dXdS[14] = 1.70375e-01
dXdS[15] = 2.02013e-01
dXdS[16] = 2.21432e-01
dXdS[17] = 2.25980e-01
dXdS[18] = 2.34140e-01
dXdS[19] = 1.63936e-01
dXdS[20] = 1.83543e-01
dXdS[21] = 2.01273e-01
dXdS[22] = 2.20416e-01
dXdS[23] = 2.31017e-01
dXdS[24] = 2.48538e-01
dXdS[25] = 2.64532e-01
dXdS[26] = 2.66349e-01
dXdS[27] = 2.72790e-01
dXdS[28] = 2.79416e-01
dXdS[29] = 2.77547e-01
dXdS[30] = 2.74427e-01
dXdS[31] = 2.69877e-01
dXdS[32] = 2.63686e-01
dXdS[33] = 1.82366e-01
dXdS[34] = 5.03644e-01
dXdS[35] = 5.22805e-01
dXdS[36] = 5.30286e-01
dXdS[37] = 5.46632e-01
dXdS[38] = 5.50831e-01
dXdS[39] = 5.53192e-01
dXdS[40] = 5.57571e-01
dXdS[41] = 5.65409e-01
dXdS[42] = 5.72497e-01
dXdS[43] = 5.77305e-01
dXdS[44] = 5.87949e-01
dXdS[45] = 5.98333e-01
dXdS[46] = 6.15692e-01
dXdS[47] = 6.38153e-01
dXdS[48] = 1.00000e+00
dXdS[49] = -4.80151e-02
dXdS[50] = -1.20589e-01


Iteration: 114
Index of specified variable before Newton's method: 48
Temperature before Newton's method: 2.55583e+02 K
Pressure before Newton's method: 2.28824e+07 Pa
Interpolation Scheme: Polynomial (Cubic)
Mixed error in Newton's method (should be < 1): 9.56901e-02
Nº of Newton iterations: 1
Delta of specified variable for the next iteration: 2.00000e-01
Next Iteration variable updated index: 48
lnK[0]		lnK[1]		lnK[2]		lnK[3]		lnK[4]		lnK[5]		lnK[6]		lnK[7]		lnK[8]		lnK[9]		lnK[10]		lnK[11]		lnK[12]		lnK[13]		lnK[14]		lnK[15]		lnK[16]		lnK[17]		lnK[18]		lnK[19]		lnK[20]		lnK[21]		lnK[22]		lnK[23]		lnK[24]		lnK[25]		lnK[26]		lnK[27]		lnK[28]		lnK[29]		lnK[30]		lnK[31]		lnK[32]		lnK[33]		lnK[34]		lnK[35]		lnK[36]		lnK[37]		lnK[38]		lnK[39]		lnK[40]		lnK[41]		lnK[42]		lnK[43]		lnK[44]		lnK[45]		lnK[46]		lnK[47]		lnK[48]		lnT(K)		lnP(Pa)		
-4.41413e-01	-7.04152e-01	3.68417e-01	-3.01069e-01	2.90972e-01	-5.33131e-01	8.37329e-01	9.98463e-01	1.20997e+00	1.30841e+00	1.59330e+00	1.71090e+00	2.04809e+00	1.94110e+00	2.05233e+00	2.36656e+00	2.61958e+00	2.65713e+00	2.76870e+00	1.85988e+00	2.10804e+00	2.33868e+00	2.57443e+00	2.71544e+00	2.94746e+00	3.14440e+00	3.21608e+00	3.31501e+00	3.42095e+00	3.44116e+00	3.44961e+00	3.44447e+00	3.42364e+00	2.64751e+00	5.90445e+00	6.14920e+00	6.28422e+00	6.50566e+00	6.60095e+00	6.68490e+00	6.79063e+00	6.93280e+00	7.07550e+00	7.19761e+00	7.38061e+00	7.56996e+00	7.83733e+00	8.15857e+00	1.20040e+01	5.54355e+00	1.69459e+01
Sensitivity vector: 
dXdS[0] = -1.28801e-02
dXdS[1] = -3.29074e-02
dXdS[2] = 6.04479e-02
dXdS[3] = -4.86780e-03
dXdS[4] = 4.28828e-02
dXdS[5] = -1.95352e-02
dXdS[6] = 8.26239e-02
dXdS[7] = 9.69027e-02
dXdS[8] = 1.09953e-01
dXdS[9] = 1.20995e-01
dXdS[10] = 1.43076e-01
dXdS[11] = 1.43966e-01
dXdS[12] = 1.77233e-01
dXdS[13] = 1.64703e-01
dXdS[14] = 1.70217e-01
dXdS[15] = 2.01739e-01
dXdS[16] = 2.21165e-01
dXdS[17] = 2.25727e-01
dXdS[18] = 2.33834e-01
dXdS[19] = 1.63978e-01
dXdS[20] = 1.83617e-01
dXdS[21] = 2.01381e-01
dXdS[22] = 2.20567e-01
dXdS[23] = 2.31204e-01
dXdS[24] = 2.48807e-01
dXdS[25] = 2.64778e-01
dXdS[26] = 2.66657e-01
dXdS[27] = 2.73124e-01
dXdS[28] = 2.79778e-01
dXdS[29] = 2.77953e-01
dXdS[30] = 2.74883e-01
dXdS[31] = 2.70388e-01
dXdS[32] = 2.64261e-01
dXdS[33] = 1.83755e-01
dXdS[34] = 5.03755e-01
dXdS[35] = 5.22949e-01
dXdS[36] = 5.30500e-01
dXdS[37] = 5.46901e-01
dXdS[38] = 5.51185e-01
dXdS[39] = 5.53645e-01
dXdS[40] = 5.58111e-01
dXdS[41] = 5.66019e-01
dXdS[42] = 5.73184e-01
dXdS[43] = 5.78084e-01
dXdS[44] = 5.88788e-01
dXdS[45] = 5.99240e-01
dXdS[46] = 6.16662e-01
dXdS[47] = 6.39184e-01
dXdS[48] = 1.00000e+00
dXdS[49] = -4.70156e-02
dXdS[50] = -1.21943e-01


Iteration: 115
Index of specified variable before Newton's method: 48
Temperature before Newton's method: 2.53216e+02 K
Pressure before Newton's method: 2.23281e+07 Pa
Interpolation Scheme: Polynomial (Cubic)
Mixed error in Newton's method (should be < 1): 9.07112e-02
Nº of Newton iterations: 1
Delta of specified variable for the next iteration: 2.00000e-01
Next Iteration variable updated index: 48
lnK[0]		lnK[1]		lnK[2]		lnK[3]		lnK[4]		lnK[5]		lnK[6]		lnK[7]		lnK[8]		lnK[9]		lnK[10]		lnK[11]		lnK[12]		lnK[13]		lnK[14]		lnK[15]		lnK[16]		lnK[17]		lnK[18]		lnK[19]		lnK[20]		lnK[21]		lnK[22]		lnK[23]		lnK[24]		lnK[25]		lnK[26]		lnK[27]		lnK[28]		lnK[29]		lnK[30]		lnK[31]		lnK[32]		lnK[33]		lnK[34]		lnK[35]		lnK[36]		lnK[37]		lnK[38]		lnK[39]		lnK[40]		lnK[41]		lnK[42]		lnK[43]		lnK[44]		lnK[45]		lnK[46]		lnK[47]		lnK[48]		lnT(K)		lnP(Pa)		
-4.43973e-01	-7.10707e-01	3.80507e-01	-3.02028e-01	2.99554e-01	-5.37009e-01	8.53858e-01	1.01784e+00	1.23195e+00	1.33261e+00	1.62191e+00	1.73968e+00	2.08351e+00	1.97402e+00	2.08636e+00	2.40688e+00	2.66379e+00	2.70225e+00	2.81543e+00	1.89268e+00	2.14477e+00	2.37897e+00	2.61856e+00	2.76170e+00	2.99725e+00	3.19738e+00	3.26944e+00	3.36967e+00	3.47695e+00	3.49680e+00	3.50463e+00	3.49860e+00	3.47655e+00	2.68441e+00	6.00521e+00	6.25381e+00	6.39034e+00	6.61507e+00	6.71123e+00	6.79568e+00	6.90231e+00	7.04607e+00	7.19021e+00	7.31331e+00	7.49846e+00	7.68990e+00	7.96077e+00	8.28651e+00	1.22040e+01	5.53424e+00	1.69214e+01
Sensitivity vector: 
dXdS[0] = -1.27233e-02
dXdS[1] = -3.26526e-02
dXdS[2] = 6.04524e-02
dXdS[3] = -4.72761e-03
dXdS[4] = 4.29315e-02
dXdS[5] = -1.92489e-02
dXdS[6] = 8.26677e-02
dXdS[7] = 9.69084e-02
dXdS[8] = 1.09925e-01
dXdS[9] = 1.21002e-01
dXdS[10] = 1.43096e-01
dXdS[11] = 1.43827e-01
dXdS[12] = 1.76943e-01
dXdS[13] = 1.64496e-01
dXdS[14] = 1.70059e-01
dXdS[15] = 2.01455e-01
dXdS[16] = 2.20891e-01
dXdS[17] = 2.25465e-01
dXdS[18] = 2.33518e-01
dXdS[19] = 1.64020e-01
dXdS[20] = 1.83692e-01
dXdS[21] = 2.01493e-01
dXdS[22] = 2.20725e-01
dXdS[23] = 2.31399e-01
dXdS[24] = 2.49089e-01
dXdS[25] = 2.65038e-01
dXdS[26] = 2.66984e-01
dXdS[27] = 2.73480e-01
dXdS[28] = 2.80166e-01
dXdS[29] = 2.78389e-01
dXdS[30] = 2.75374e-01
dXdS[31] = 2.70942e-01
dXdS[32] = 2.64886e-01
dXdS[33] = 1.85242e-01
dXdS[34] = 5.03864e-01
dXdS[35] = 5.23093e-01
dXdS[36] = 5.30721e-01
dXdS[37] = 5.47180e-01
dXdS[38] = 5.51555e-01
dXdS[39] = 5.54123e-01
dXdS[40] = 5.58684e-01
dXdS[41] = 5.66667e-01
dXdS[42] = 5.73919e-01
dXdS[43] = 5.78918e-01
dXdS[44] = 5.89690e-01
dXdS[45] = 6.00217e-01
dXdS[46] = 6.17708e-01
dXdS[47] = 6.40299e-01
dXdS[48] = 1.00000e+00
dXdS[49] = -4.60290e-02
dXdS[50] = -1.23272e-01


Iteration: 116
Index of specified variable before Newton's method: 48
Temperature before Newton's method: 2.50920e+02 K
Pressure before Newton's method: 2.17815e+07 Pa
Interpolation Scheme: Polynomial (Cubic)
Mixed error in Newton's method (should be < 1): 8.65594e-02
Nº of Newton iterations: 1
Delta of specified variable for the next iteration: 2.00000e-01
Next Iteration variable updated index: 48
lnK[0]		lnK[1]		lnK[2]		lnK[3]		lnK[4]		lnK[5]		lnK[6]		lnK[7]		lnK[8]		lnK[9]		lnK[10]		lnK[11]		lnK[12]		lnK[13]		lnK[14]		lnK[15]		lnK[16]		lnK[17]		lnK[18]		lnK[19]		lnK[20]		lnK[21]		lnK[22]		lnK[23]		lnK[24]		lnK[25]		lnK[26]		lnK[27]		lnK[28]		lnK[29]		lnK[30]		lnK[31]		lnK[32]		lnK[33]		lnK[34]		lnK[35]		lnK[36]		lnK[37]		lnK[38]		lnK[39]		lnK[40]		lnK[41]		lnK[42]		lnK[43]		lnK[44]		lnK[45]		lnK[46]		lnK[47]		lnK[48]		lnT(K)		lnP(Pa)		
-4.46503e-01	-7.17213e-01	3.92597e-01	-3.02960e-01	3.08144e-01	-5.40831e-01	8.70395e-01	1.03723e+00	1.25394e+00	1.35681e+00	1.65054e+00	1.76843e+00	2.11887e+00	2.00690e+00	2.12035e+00	2.44714e+00	2.70794e+00	2.74732e+00	2.86210e+00	1.92549e+00	2.18152e+00	2.41928e+00	2.66272e+00	2.80800e+00	3.04709e+00	3.25042e+00	3.32288e+00	3.42440e+00	3.53302e+00	3.55252e+00	3.55976e+00	3.55285e+00	3.52959e+00	2.72162e+00	6.10599e+00	6.35844e+00	6.49651e+00	6.72454e+00	6.82158e+00	6.90655e+00	7.01411e+00	7.15947e+00	7.30507e+00	7.42918e+00	7.61649e+00	7.81005e+00	8.08442e+00	8.41469e+00	1.24040e+01	5.52513e+00	1.68966e+01
Sensitivity vector: 
dXdS[0] = -1.25743e-02
dXdS[1] = -3.24033e-02
dXdS[2] = 6.04373e-02
dXdS[3] = -4.59276e-03
dXdS[4] = 4.29723e-02
dXdS[5] = -1.89664e-02
dXdS[6] = 8.27084e-02
dXdS[7] = 9.69085e-02
dXdS[8] = 1.09894e-01
dXdS[9] = 1.21006e-01
dXdS[10] = 1.43114e-01
dXdS[11] = 1.43688e-01
dXdS[12] = 1.76642e-01
dXdS[13] = 1.64284e-01
dXdS[14] = 1.69903e-01
dXdS[15] = 2.01163e-01
dXdS[16] = 2.20609e-01
dXdS[17] = 2.25195e-01
dXdS[18] = 2.33193e-01
dXdS[19] = 1.64061e-01
dXdS[20] = 1.83770e-01
dXdS[21] = 2.01610e-01
dXdS[22] = 2.20890e-01
dXdS[23] = 2.31602e-01
dXdS[24] = 2.49386e-01
dXdS[25] = 2.65310e-01
dXdS[26] = 2.67330e-01
dXdS[27] = 2.73858e-01
dXdS[28] = 2.80578e-01
dXdS[29] = 2.78855e-01
dXdS[30] = 2.75900e-01
dXdS[31] = 2.71537e-01
dXdS[32] = 2.65558e-01
dXdS[33] = 1.86825e-01
dXdS[34] = 5.03969e-01
dXdS[35] = 5.23236e-01
dXdS[36] = 5.30946e-01
dXdS[37] = 5.47469e-01
dXdS[38] = 5.51942e-01
dXdS[39] = 5.54625e-01
dXdS[40] = 5.59289e-01
dXdS[41] = 5.67355e-01
dXdS[42] = 5.74699e-01
dXdS[43] = 5.79807e-01
dXdS[44] = 5.90653e-01
dXdS[45] = 6.01262e-01
dXdS[46] = 6.18830e-01
dXdS[47] = 6.41496e-01
dXdS[48] = 1.00000e+00
dXdS[49] = -4.50551e-02
dXdS[50] = -1.24575e-01


Iteration: 117
Index of specified variable before Newton's method: 48
Temperature before Newton's method: 2.48693e+02 K
Pressure before Newton's method: 2.12428e+07 Pa
Interpolation Scheme: Polynomial (Cubic)
Mixed error in Newton's method (should be < 1): 8.31516e-02
Nº of Newton iterations: 1
Delta of specified variable for the next iteration: 2.00000e-01
Next Iteration variable updated index: 48
lnK[0]		lnK[1]		lnK[2]		lnK[3]		lnK[4]		lnK[5]		lnK[6]		lnK[7]		lnK[8]		lnK[9]		lnK[10]		lnK[11]		lnK[12]		lnK[13]		lnK[14]		lnK[15]		lnK[16]		lnK[17]		lnK[18]		lnK[19]		lnK[20]		lnK[21]		lnK[22]		lnK[23]		lnK[24]		lnK[25]		lnK[26]		lnK[27]		lnK[28]		lnK[29]		lnK[30]		lnK[31]		lnK[32]		lnK[33]		lnK[34]		lnK[35]		lnK[36]		lnK[37]		lnK[38]		lnK[39]		lnK[40]		lnK[41]		lnK[42]		lnK[43]		lnK[44]		lnK[45]		lnK[46]		lnK[47]		lnK[48]		lnT(K)		lnP(Pa)		
-4.49003e-01	-7.23669e-01	4.04681e-01	-3.03866e-01	3.16742e-01	-5.44596e-01	8.86941e-01	1.05661e+00	1.27591e+00	1.38101e+00	1.67916e+00	1.79715e+00	2.15416e+00	2.03973e+00	2.15432e+00	2.48735e+00	2.75203e+00	2.79233e+00	2.90871e+00	1.95831e+00	2.21828e+00	2.45961e+00	2.70691e+00	2.85434e+00	3.09700e+00	3.30351e+00	3.37638e+00	3.47922e+00	3.58918e+00	3.60834e+00	3.61500e+00	3.60722e+00	3.58278e+00	2.75915e+00	6.20680e+00	6.46310e+00	6.60272e+00	6.83406e+00	6.93200e+00	7.01753e+00	7.12603e+00	7.27301e+00	7.42009e+00	7.54524e+00	7.73472e+00	7.93041e+00	8.20831e+00	8.54312e+00	1.26040e+01	5.51622e+00	1.68715e+01
Sensitivity vector: 
dXdS[0] = -1.24330e-02
dXdS[1] = -3.21594e-02
dXdS[2] = 6.04031e-02
dXdS[3] = -4.46301e-03
dXdS[4] = 4.30056e-02
dXdS[5] = -1.86873e-02
dXdS[6] = 8.27461e-02
dXdS[7] = 9.69033e-02
dXdS[8] = 1.09860e-01
dXdS[9] = 1.21005e-01
dXdS[10] = 1.43129e-01
dXdS[11] = 1.43549e-01
dXdS[12] = 1.76331e-01
dXdS[13] = 1.64068e-01
dXdS[14] = 1.69746e-01
dXdS[15] = 2.00861e-01
dXdS[16] = 2.20319e-01
dXdS[17] = 2.24917e-01
dXdS[18] = 2.32859e-01
dXdS[19] = 1.64102e-01
dXdS[20] = 1.83849e-01
dXdS[21] = 2.01731e-01
dXdS[22] = 2.21060e-01
dXdS[23] = 2.31814e-01
dXdS[24] = 2.49695e-01
dXdS[25] = 2.65595e-01
dXdS[26] = 2.67695e-01
dXdS[27] = 2.74257e-01
dXdS[28] = 2.81015e-01
dXdS[29] = 2.79350e-01
dXdS[30] = 2.76462e-01
dXdS[31] = 2.72173e-01
dXdS[32] = 2.66278e-01
dXdS[33] = 1.88502e-01
dXdS[34] = 5.04072e-01
dXdS[35] = 5.23378e-01
dXdS[36] = 5.31178e-01
dXdS[37] = 5.47767e-01
dXdS[38] = 5.52345e-01
dXdS[39] = 5.55151e-01
dXdS[40] = 5.59926e-01
dXdS[41] = 5.68080e-01
dXdS[42] = 5.75525e-01
dXdS[43] = 5.80749e-01
dXdS[44] = 5.91676e-01
dXdS[45] = 6.02375e-01
dXdS[46] = 6.20025e-01
dXdS[47] = 6.42773e-01
dXdS[48] = 1.00000e+00
dXdS[49] = -4.40937e-02
dXdS[50] = -1.25852e-01


Iteration: 118
Index of specified variable before Newton's method: 48
Temperature before Newton's method: 2.46533e+02 K
Pressure before Newton's method: 2.07122e+07 Pa
Interpolation Scheme: Polynomial (Cubic)
Mixed error in Newton's method (should be < 1): 8.04177e-02
Nº of Newton iterations: 1
Delta of specified variable for the next iteration: 2.00000e-01
Next Iteration variable updated index: 48
lnK[0]		lnK[1]		lnK[2]		lnK[3]		lnK[4]		lnK[5]		lnK[6]		lnK[7]		lnK[8]		lnK[9]		lnK[10]		lnK[11]		lnK[12]		lnK[13]		lnK[14]		lnK[15]		lnK[16]		lnK[17]		lnK[18]		lnK[19]		lnK[20]		lnK[21]		lnK[22]		lnK[23]		lnK[24]		lnK[25]		lnK[26]		lnK[27]		lnK[28]		lnK[29]		lnK[30]		lnK[31]		lnK[32]		lnK[33]		lnK[34]		lnK[35]		lnK[36]		lnK[37]		lnK[38]		lnK[39]		lnK[40]		lnK[41]		lnK[42]		lnK[43]		lnK[44]		lnK[45]		lnK[46]		lnK[47]		lnK[48]		lnT(K)		lnP(Pa)		
-4.51476e-01	-7.30077e-01	4.16757e-01	-3.04746e-01	3.25346e-01	-5.48306e-01	9.03494e-01	1.07599e+00	1.29788e+00	1.40521e+00	1.70779e+00	1.82585e+00	2.18940e+00	2.07252e+00	2.18825e+00	2.52749e+00	2.79607e+00	2.83729e+00	2.95525e+00	1.99113e+00	2.25506e+00	2.49997e+00	2.75114e+00	2.90072e+00	3.14697e+00	3.35666e+00	3.42995e+00	3.53411e+00	3.64543e+00	3.66426e+00	3.67035e+00	3.66172e+00	3.63611e+00	2.79702e+00	6.30762e+00	6.56779e+00	6.70898e+00	6.94364e+00	7.04251e+00	7.12862e+00	7.23808e+00	7.38671e+00	7.53528e+00	7.66148e+00	7.85317e+00	8.05100e+00	8.33244e+00	8.67181e+00	1.28040e+01	5.50750e+00	1.68462e+01
Sensitivity vector: 
dXdS[0] = -1.22990e-02
dXdS[1] = -3.19207e-02
dXdS[2] = 6.03505e-02
dXdS[3] = -4.33815e-03
dXdS[4] = 4.30315e-02
dXdS[5] = -1.84116e-02
dXdS[6] = 8.27808e-02
dXdS[7] = 9.68929e-02
dXdS[8] = 1.09824e-01
dXdS[9] = 1.21001e-01
dXdS[10] = 1.43143e-01
dXdS[11] = 1.43409e-01
dXdS[12] = 1.76008e-01
dXdS[13] = 1.63848e-01
dXdS[14] = 1.69590e-01
dXdS[15] = 2.00550e-01
dXdS[16] = 2.20022e-01
dXdS[17] = 2.24630e-01
dXdS[18] = 2.32515e-01
dXdS[19] = 1.64143e-01
dXdS[20] = 1.83929e-01
dXdS[21] = 2.01856e-01
dXdS[22] = 2.21237e-01
dXdS[23] = 2.32035e-01
dXdS[24] = 2.50017e-01
dXdS[25] = 2.65893e-01
dXdS[26] = 2.68078e-01
dXdS[27] = 2.74677e-01
dXdS[28] = 2.81476e-01
dXdS[29] = 2.79875e-01
dXdS[30] = 2.77057e-01
dXdS[31] = 2.72848e-01
dXdS[32] = 2.67044e-01
dXdS[33] = 1.90272e-01
dXdS[34] = 5.04172e-01
dXdS[35] = 5.23520e-01
dXdS[36] = 5.31415e-01
dXdS[37] = 5.48074e-01
dXdS[38] = 5.52764e-01
dXdS[39] = 5.55701e-01
dXdS[40] = 5.60594e-01
dXdS[41] = 5.68842e-01
dXdS[42] = 5.76394e-01
dXdS[43] = 5.81744e-01
dXdS[44] = 5.92758e-01
dXdS[45] = 6.03554e-01
dXdS[46] = 6.21294e-01
dXdS[47] = 6.44128e-01
dXdS[48] = 1.00000e+00
dXdS[49] = -4.31446e-02
dXdS[50] = -1.27104e-01


Iteration: 119
Index of specified variable before Newton's method: 48
Temperature before Newton's method: 2.44438e+02 K
Pressure before Newton's method: 2.01898e+07 Pa
Interpolation Scheme: Polynomial (Cubic)
Mixed error in Newton's method (should be < 1): 7.82829e-02
Nº of Newton iterations: 1
Delta of specified variable for the next iteration: 2.00000e-01
Next Iteration variable updated index: 48
lnK[0]		lnK[1]		lnK[2]		lnK[3]		lnK[4]		lnK[5]		lnK[6]		lnK[7]		lnK[8]		lnK[9]		lnK[10]		lnK[11]		lnK[12]		lnK[13]		lnK[14]		lnK[15]		lnK[16]		lnK[17]		lnK[18]		lnK[19]		lnK[20]		lnK[21]		lnK[22]		lnK[23]		lnK[24]		lnK[25]		lnK[26]		lnK[27]		lnK[28]		lnK[29]		lnK[30]		lnK[31]		lnK[32]		lnK[33]		lnK[34]		lnK[35]		lnK[36]		lnK[37]		lnK[38]		lnK[39]		lnK[40]		lnK[41]		lnK[42]		lnK[43]		lnK[44]		lnK[45]		lnK[46]		lnK[47]		lnK[48]		lnT(K)		lnP(Pa)		
-4.53923e-01	-7.36438e-01	4.28820e-01	-3.05601e-01	3.33954e-01	-5.51961e-01	9.20053e-01	1.09536e+00	1.31984e+00	1.42941e+00	1.73642e+00	1.85451e+00	2.22457e+00	2.10527e+00	2.22215e+00	2.56757e+00	2.84004e+00	2.88218e+00	3.00172e+00	2.02396e+00	2.29185e+00	2.54035e+00	2.79541e+00	2.94715e+00	3.19701e+00	3.40987e+00	3.48361e+00	3.58909e+00	3.70177e+00	3.72029e+00	3.72582e+00	3.71636e+00	3.68960e+00	2.83526e+00	6.40847e+00	6.67251e+00	6.81529e+00	7.05329e+00	7.15311e+00	7.23981e+00	7.35027e+00	7.50055e+00	7.65065e+00	7.77794e+00	7.97183e+00	8.17184e+00	8.45683e+00	8.80077e+00	1.30040e+01	5.49896e+00	1.68207e+01
Sensitivity vector: 
dXdS[0] = -1.21721e-02
dXdS[1] = -3.16867e-02
dXdS[2] = 6.02798e-02
dXdS[3] = -4.21796e-03
dXdS[4] = 4.30504e-02
dXdS[5] = -1.81388e-02
dXdS[6] = 8.28128e-02
dXdS[7] = 9.68776e-02
dXdS[8] = 1.09785e-01
dXdS[9] = 1.20994e-01
dXdS[10] = 1.43154e-01
dXdS[11] = 1.43269e-01
dXdS[12] = 1.75675e-01
dXdS[13] = 1.63623e-01
dXdS[14] = 1.69435e-01
dXdS[15] = 2.00231e-01
dXdS[16] = 2.19718e-01
dXdS[17] = 2.24336e-01
dXdS[18] = 2.32162e-01
dXdS[19] = 1.64183e-01
dXdS[20] = 1.84012e-01
dXdS[21] = 2.01985e-01
dXdS[22] = 2.21420e-01
dXdS[23] = 2.32264e-01
dXdS[24] = 2.50353e-01
dXdS[25] = 2.66202e-01
dXdS[26] = 2.68479e-01
dXdS[27] = 2.75118e-01
dXdS[28] = 2.81960e-01
dXdS[29] = 2.80427e-01
dXdS[30] = 2.77686e-01
dXdS[31] = 2.73563e-01
dXdS[32] = 2.67856e-01
dXdS[33] = 1.92133e-01
dXdS[34] = 5.04270e-01
dXdS[35] = 5.23662e-01
dXdS[36] = 5.31658e-01
dXdS[37] = 5.48391e-01
dXdS[38] = 5.53199e-01
dXdS[39] = 5.56275e-01
dXdS[40] = 5.61292e-01
dXdS[41] = 5.69641e-01
dXdS[42] = 5.77308e-01
dXdS[43] = 5.82790e-01
dXdS[44] = 5.93897e-01
dXdS[45] = 6.04797e-01
dXdS[46] = 6.22633e-01
dXdS[47] = 6.45561e-01
dXdS[48] = 1.00000e+00
dXdS[49] = -4.22075e-02
dXdS[50] = -1.28329e-01


Iteration: 120
Index of specified variable before Newton's method: 48
Temperature before Newton's method: 2.42405e+02 K
Pressure before Newton's method: 1.96758e+07 Pa
Interpolation Scheme: Polynomial (Cubic)
Mixed error in Newton's method (should be < 1): 7.66770e-02
Nº of Newton iterations: 1
Delta of specified variable for the next iteration: 2.00000e-01
Next Iteration variable updated index: 48
lnK[0]		lnK[1]		lnK[2]		lnK[3]		lnK[4]		lnK[5]		lnK[6]		lnK[7]		lnK[8]		lnK[9]		lnK[10]		lnK[11]		lnK[12]		lnK[13]		lnK[14]		lnK[15]		lnK[16]		lnK[17]		lnK[18]		lnK[19]		lnK[20]		lnK[21]		lnK[22]		lnK[23]		lnK[24]		lnK[25]		lnK[26]		lnK[27]		lnK[28]		lnK[29]		lnK[30]		lnK[31]		lnK[32]		lnK[33]		lnK[34]		lnK[35]		lnK[36]		lnK[37]		lnK[38]		lnK[39]		lnK[40]		lnK[41]		lnK[42]		lnK[43]		lnK[44]		lnK[45]		lnK[46]		lnK[47]		lnK[48]		lnT(K)		lnP(Pa)		
-4.56346e-01	-7.42752e-01	4.40867e-01	-3.06433e-01	3.42565e-01	-5.55562e-01	9.36619e-01	1.11474e+00	1.34179e+00	1.45361e+00	1.76505e+00	1.88315e+00	2.25967e+00	2.13797e+00	2.25603e+00	2.60758e+00	2.88395e+00	2.92702e+00	3.04811e+00	2.05680e+00	2.32866e+00	2.58076e+00	2.83971e+00	2.99363e+00	3.24712e+00	3.46314e+00	3.53735e+00	3.64416e+00	3.75822e+00	3.77644e+00	3.78142e+00	3.77115e+00	3.74325e+00	2.87388e+00	6.50933e+00	6.77725e+00	6.92164e+00	7.16300e+00	7.26379e+00	7.35113e+00	7.46260e+00	7.61456e+00	7.76620e+00	7.89460e+00	8.09073e+00	8.29293e+00	8.58150e+00	8.93004e+00	1.32040e+01	5.49061e+00	1.67949e+01
Sensitivity vector: 
dXdS[0] = -1.20519e-02
dXdS[1] = -3.14573e-02
dXdS[2] = 6.01917e-02
dXdS[3] = -4.10224e-03
dXdS[4] = 4.30625e-02
dXdS[5] = -1.78689e-02
dXdS[6] = 8.28422e-02
dXdS[7] = 9.68575e-02
dXdS[8] = 1.09743e-01
dXdS[9] = 1.20983e-01
dXdS[10] = 1.43164e-01
dXdS[11] = 1.43128e-01
dXdS[12] = 1.75332e-01
dXdS[13] = 1.63394e-01
dXdS[14] = 1.69280e-01
dXdS[15] = 1.99902e-01
dXdS[16] = 2.19407e-01
dXdS[17] = 2.24033e-01
dXdS[18] = 2.31800e-01
dXdS[19] = 1.64223e-01
dXdS[20] = 1.84096e-01
dXdS[21] = 2.02118e-01
dXdS[22] = 2.21609e-01
dXdS[23] = 2.32501e-01
dXdS[24] = 2.50701e-01
dXdS[25] = 2.66524e-01
dXdS[26] = 2.68898e-01
dXdS[27] = 2.75579e-01
dXdS[28] = 2.82468e-01
dXdS[29] = 2.81007e-01
dXdS[30] = 2.78347e-01
dXdS[31] = 2.74316e-01
dXdS[32] = 2.68711e-01
dXdS[33] = 1.94082e-01
dXdS[34] = 5.04366e-01
dXdS[35] = 5.23803e-01
dXdS[36] = 5.31906e-01
dXdS[37] = 5.48717e-01
dXdS[38] = 5.53649e-01
dXdS[39] = 5.56871e-01
dXdS[40] = 5.62020e-01
dXdS[41] = 5.70476e-01
dXdS[42] = 5.78263e-01
dXdS[43] = 5.83886e-01
dXdS[44] = 5.95093e-01
dXdS[45] = 6.06104e-01
dXdS[46] = 6.24042e-01
dXdS[47] = 6.47068e-01
dXdS[48] = 1.00000e+00
dXdS[49] = -4.12823e-02
dXdS[50] = -1.29528e-01


Iteration: 121
Index of specified variable before Newton's method: 48
Temperature before Newton's method: 2.40434e+02 K
Pressure before Newton's method: 1.91704e+07 Pa
Interpolation Scheme: Polynomial (Cubic)
Mixed error in Newton's method (should be < 1): 7.55293e-02
Nº of Newton iterations: 1
Delta of specified variable for the next iteration: 2.00000e-01
Next Iteration variable updated index: 48
lnK[0]		lnK[1]		lnK[2]		lnK[3]		lnK[4]		lnK[5]		lnK[6]		lnK[7]		lnK[8]		lnK[9]		lnK[10]		lnK[11]		lnK[12]		lnK[13]		lnK[14]		lnK[15]		lnK[16]		lnK[17]		lnK[18]		lnK[19]		lnK[20]		lnK[21]		lnK[22]		lnK[23]		lnK[24]		lnK[25]		lnK[26]		lnK[27]		lnK[28]		lnK[29]		lnK[30]		lnK[31]		lnK[32]		lnK[33]		lnK[34]		lnK[35]		lnK[36]		lnK[37]		lnK[38]		lnK[39]		lnK[40]		lnK[41]		lnK[42]		lnK[43]		lnK[44]		lnK[45]		lnK[46]		lnK[47]		lnK[48]		lnT(K)		lnP(Pa)		
-4.58744e-01	-7.49021e-01	4.52895e-01	-3.07242e-01	3.51179e-01	-5.59109e-01	9.53190e-01	1.13411e+00	1.36374e+00	1.47780e+00	1.79368e+00	1.91177e+00	2.29470e+00	2.17063e+00	2.28987e+00	2.64753e+00	2.92780e+00	2.97180e+00	3.09444e+00	2.08965e+00	2.36549e+00	2.62120e+00	2.88405e+00	3.04015e+00	3.29729e+00	3.51648e+00	3.59117e+00	3.69932e+00	3.81476e+00	3.83270e+00	3.83716e+00	3.82609e+00	3.79708e+00	2.91290e+00	6.61021e+00	6.88203e+00	7.02805e+00	7.27278e+00	7.37457e+00	7.46256e+00	7.57508e+00	7.72875e+00	7.88196e+00	8.01149e+00	8.20987e+00	8.41428e+00	8.70645e+00	9.05961e+00	1.34040e+01	5.48245e+00	1.67689e+01
Sensitivity vector: 
dXdS[0] = -1.19383e-02
dXdS[1] = -3.12323e-02
dXdS[2] = 6.00865e-02
dXdS[3] = -3.99082e-03
dXdS[4] = 4.30679e-02
dXdS[5] = -1.76016e-02
dXdS[6] = 8.28690e-02
dXdS[7] = 9.68327e-02
dXdS[8] = 1.09699e-01
dXdS[9] = 1.20968e-01
dXdS[10] = 1.43172e-01
dXdS[11] = 1.42987e-01
dXdS[12] = 1.74979e-01
dXdS[13] = 1.63160e-01
dXdS[14] = 1.69126e-01
dXdS[15] = 1.99566e-01
dXdS[16] = 2.19089e-01
dXdS[17] = 2.23723e-01
dXdS[18] = 2.31430e-01
dXdS[19] = 1.64264e-01
dXdS[20] = 1.84182e-01
dXdS[21] = 2.02256e-01
dXdS[22] = 2.21804e-01
dXdS[23] = 2.32746e-01
dXdS[24] = 2.51061e-01
dXdS[25] = 2.66857e-01
dXdS[26] = 2.69335e-01
dXdS[27] = 2.76059e-01
dXdS[28] = 2.82998e-01
dXdS[29] = 2.81614e-01
dXdS[30] = 2.79041e-01
dXdS[31] = 2.75106e-01
dXdS[32] = 2.69610e-01
dXdS[33] = 1.96119e-01
dXdS[34] = 5.04459e-01
dXdS[35] = 5.23944e-01
dXdS[36] = 5.32159e-01
dXdS[37] = 5.49051e-01
dXdS[38] = 5.54114e-01
dXdS[39] = 5.57490e-01
dXdS[40] = 5.62777e-01
dXdS[41] = 5.71345e-01
dXdS[42] = 5.79260e-01
dXdS[43] = 5.85032e-01
dXdS[44] = 5.96344e-01
dXdS[45] = 6.07472e-01
dXdS[46] = 6.25519e-01
dXdS[47] = 6.48650e-01
dXdS[48] = 1.00000e+00
dXdS[49] = -4.03688e-02
dXdS[50] = -1.30700e-01


Iteration: 122
Index of specified variable before Newton's method: 48
Temperature before Newton's method: 2.38522e+02 K
Pressure before Newton's method: 1.86737e+07 Pa
Interpolation Scheme: Polynomial (Cubic)
Mixed error in Newton's method (should be < 1): 7.47754e-02
Nº of Newton iterations: 1
Delta of specified variable for the next iteration: 2.00000e-01
Next Iteration variable updated index: 48
lnK[0]		lnK[1]		lnK[2]		lnK[3]		lnK[4]		lnK[5]		lnK[6]		lnK[7]		lnK[8]		lnK[9]		lnK[10]		lnK[11]		lnK[12]		lnK[13]		lnK[14]		lnK[15]		lnK[16]		lnK[17]		lnK[18]		lnK[19]		lnK[20]		lnK[21]		lnK[22]		lnK[23]		lnK[24]		lnK[25]		lnK[26]		lnK[27]		lnK[28]		lnK[29]		lnK[30]		lnK[31]		lnK[32]		lnK[33]		lnK[34]		lnK[35]		lnK[36]		lnK[37]		lnK[38]		lnK[39]		lnK[40]		lnK[41]		lnK[42]		lnK[43]		lnK[44]		lnK[45]		lnK[46]		lnK[47]		lnK[48]		lnT(K)		lnP(Pa)		
-4.61121e-01	-7.55245e-01	4.64901e-01	-3.08030e-01	3.59792e-01	-5.62602e-01	9.69766e-01	1.15347e+00	1.38567e+00	1.50200e+00	1.82232e+00	1.94035e+00	2.32966e+00	2.20324e+00	2.32368e+00	2.68741e+00	2.97159e+00	3.01651e+00	3.14068e+00	2.12251e+00	2.40233e+00	2.66167e+00	2.92843e+00	3.08673e+00	3.34754e+00	3.56988e+00	3.64508e+00	3.75458e+00	3.87142e+00	3.88908e+00	3.89304e+00	3.88120e+00	3.85110e+00	2.95234e+00	6.71111e+00	6.98683e+00	7.13451e+00	7.38262e+00	7.48544e+00	7.57413e+00	7.68771e+00	7.84310e+00	7.99791e+00	8.12862e+00	8.32927e+00	8.53592e+00	8.83171e+00	9.18950e+00	1.36040e+01	5.47446e+00	1.67426e+01
Sensitivity vector: 
dXdS[0] = -1.18309e-02
dXdS[1] = -3.10114e-02
dXdS[2] = 5.99649e-02
dXdS[3] = -3.88351e-03
dXdS[4] = 4.30669e-02
dXdS[5] = -1.73369e-02
dXdS[6] = 8.28934e-02
dXdS[7] = 9.68034e-02
dXdS[8] = 1.09653e-01
dXdS[9] = 1.20950e-01
dXdS[10] = 1.43178e-01
dXdS[11] = 1.42845e-01
dXdS[12] = 1.74615e-01
dXdS[13] = 1.62923e-01
dXdS[14] = 1.68971e-01
dXdS[15] = 1.99221e-01
dXdS[16] = 2.18764e-01
dXdS[17] = 2.23406e-01
dXdS[18] = 2.31051e-01
dXdS[19] = 1.64304e-01
dXdS[20] = 1.84269e-01
dXdS[21] = 2.02397e-01
dXdS[22] = 2.22005e-01
dXdS[23] = 2.32999e-01
dXdS[24] = 2.51433e-01
dXdS[25] = 2.67202e-01
dXdS[26] = 2.69788e-01
dXdS[27] = 2.76559e-01
dXdS[28] = 2.83550e-01
dXdS[29] = 2.82247e-01
dXdS[30] = 2.79765e-01
dXdS[31] = 2.75933e-01
dXdS[32] = 2.70552e-01
dXdS[33] = 1.98240e-01
dXdS[34] = 5.04550e-01
dXdS[35] = 5.24086e-01
dXdS[36] = 5.32418e-01
dXdS[37] = 5.49395e-01
dXdS[38] = 5.54594e-01
dXdS[39] = 5.58130e-01
dXdS[40] = 5.63562e-01
dXdS[41] = 5.72248e-01
dXdS[42] = 5.80298e-01
dXdS[43] = 5.86226e-01
dXdS[44] = 5.97648e-01
dXdS[45] = 6.08901e-01
dXdS[46] = 6.27062e-01
dXdS[47] = 6.50303e-01
dXdS[48] = 1.00000e+00
dXdS[49] = -3.94668e-02
dXdS[50] = -1.31844e-01


Iteration: 123
Index of specified variable before Newton's method: 48
Temperature before Newton's method: 2.36668e+02 K
Pressure before Newton's method: 1.81856e+07 Pa
Interpolation Scheme: Polynomial (Cubic)
Mixed error in Newton's method (should be < 1): 7.43585e-02
Nº of Newton iterations: 1
Delta of specified variable for the next iteration: 2.00000e-01
Next Iteration variable updated index: 48
lnK[0]		lnK[1]		lnK[2]		lnK[3]		lnK[4]		lnK[5]		lnK[6]		lnK[7]		lnK[8]		lnK[9]		lnK[10]		lnK[11]		lnK[12]		lnK[13]		lnK[14]		lnK[15]		lnK[16]		lnK[17]		lnK[18]		lnK[19]		lnK[20]		lnK[21]		lnK[22]		lnK[23]		lnK[24]		lnK[25]		lnK[26]		lnK[27]		lnK[28]		lnK[29]		lnK[30]		lnK[31]		lnK[32]		lnK[33]		lnK[34]		lnK[35]		lnK[36]		lnK[37]		lnK[38]		lnK[39]		lnK[40]		lnK[41]		lnK[42]		lnK[43]		lnK[44]		lnK[45]		lnK[46]		lnK[47]		lnK[48]		lnT(K)		lnP(Pa)		
-4.63477e-01	-7.61426e-01	4.76880e-01	-3.08796e-01	3.68405e-01	-5.66044e-01	9.86347e-01	1.17283e+00	1.40760e+00	1.52618e+00	1.85095e+00	1.96890e+00	2.36454e+00	2.23580e+00	2.35746e+00	2.72721e+00	3.01531e+00	3.06116e+00	3.18686e+00	2.15537e+00	2.43920e+00	2.70216e+00	2.97286e+00	3.13335e+00	3.39787e+00	3.62336e+00	3.69909e+00	3.80995e+00	3.92818e+00	3.94560e+00	3.94907e+00	3.93647e+00	3.90531e+00	2.99220e+00	6.81203e+00	7.09166e+00	7.24102e+00	7.49254e+00	7.59641e+00	7.68582e+00	7.80050e+00	7.95765e+00	8.11408e+00	8.24599e+00	8.44893e+00	8.65785e+00	8.95728e+00	9.31973e+00	1.38040e+01	5.46666e+00	1.67161e+01
Sensitivity vector: 
dXdS[0] = -1.17296e-02
dXdS[1] = -3.07945e-02
dXdS[2] = 5.98272e-02
dXdS[3] = -3.78014e-03
dXdS[4] = 4.30597e-02
dXdS[5] = -1.70744e-02
dXdS[6] = 8.29154e-02
dXdS[7] = 9.67698e-02
dXdS[8] = 1.09605e-01
dXdS[9] = 1.20929e-01
dXdS[10] = 1.43183e-01
dXdS[11] = 1.42703e-01
dXdS[12] = 1.74242e-01
dXdS[13] = 1.62681e-01
dXdS[14] = 1.68818e-01
dXdS[15] = 1.98868e-01
dXdS[16] = 2.18432e-01
dXdS[17] = 2.23081e-01
dXdS[18] = 2.30664e-01
dXdS[19] = 1.64343e-01
dXdS[20] = 1.84359e-01
dXdS[21] = 2.02542e-01
dXdS[22] = 2.22211e-01
dXdS[23] = 2.33259e-01
dXdS[24] = 2.51818e-01
dXdS[25] = 2.67558e-01
dXdS[26] = 2.70258e-01
dXdS[27] = 2.77078e-01
dXdS[28] = 2.84123e-01
dXdS[29] = 2.82906e-01
dXdS[30] = 2.80520e-01
dXdS[31] = 2.76796e-01
dXdS[32] = 2.71535e-01
dXdS[33] = 2.00444e-01
dXdS[34] = 5.04639e-01
dXdS[35] = 5.24227e-01
dXdS[36] = 5.32682e-01
dXdS[37] = 5.49747e-01
dXdS[38] = 5.55088e-01
dXdS[39] = 5.58792e-01
dXdS[40] = 5.64376e-01
dXdS[41] = 5.73185e-01
dXdS[42] = 5.81376e-01
dXdS[43] = 5.87466e-01
dXdS[44] = 5.99006e-01
dXdS[45] = 6.10389e-01
dXdS[46] = 6.28671e-01
dXdS[47] = 6.52026e-01
dXdS[48] = 1.00000e+00
dXdS[49] = -3.85763e-02
dXdS[50] = -1.32960e-01


Iteration: 124
Index of specified variable before Newton's method: 48
Temperature before Newton's method: 2.34870e+02 K
Pressure before Newton's method: 1.77065e+07 Pa
Interpolation Scheme: Polynomial (Cubic)
Mixed error in Newton's method (should be < 1): 7.42201e-02
Nº of Newton iterations: 1
Delta of specified variable for the next iteration: 2.00000e-01
Next Iteration variable updated index: 48
lnK[0]		lnK[1]		lnK[2]		lnK[3]		lnK[4]		lnK[5]		lnK[6]		lnK[7]		lnK[8]		lnK[9]		lnK[10]		lnK[11]		lnK[12]		lnK[13]		lnK[14]		lnK[15]		lnK[16]		lnK[17]		lnK[18]		lnK[19]		lnK[20]		lnK[21]		lnK[22]		lnK[23]		lnK[24]		lnK[25]		lnK[26]		lnK[27]		lnK[28]		lnK[29]		lnK[30]		lnK[31]		lnK[32]		lnK[33]		lnK[34]		lnK[35]		lnK[36]		lnK[37]		lnK[38]		lnK[39]		lnK[40]		lnK[41]		lnK[42]		lnK[43]		lnK[44]		lnK[45]		lnK[46]		lnK[47]		lnK[48]		lnT(K)		lnP(Pa)		
-4.65814e-01	-7.67563e-01	4.88831e-01	-3.09542e-01	3.77016e-01	-5.69432e-01	1.00293e+00	1.19218e+00	1.42951e+00	1.55037e+00	1.87959e+00	1.99743e+00	2.39936e+00	2.26831e+00	2.39120e+00	2.76695e+00	3.05896e+00	3.10574e+00	3.23295e+00	2.18825e+00	2.47608e+00	2.74268e+00	3.01732e+00	3.18003e+00	3.44827e+00	3.67691e+00	3.75319e+00	3.86541e+00	3.98507e+00	4.00225e+00	4.00525e+00	3.99192e+00	3.95972e+00	3.03252e+00	6.91297e+00	7.19652e+00	7.34758e+00	7.60252e+00	7.70748e+00	7.79764e+00	7.91346e+00	8.07238e+00	8.23046e+00	8.36361e+00	8.56888e+00	8.78008e+00	9.08318e+00	9.45032e+00	1.40040e+01	5.45903e+00	1.66894e+01
Sensitivity vector: 
dXdS[0] = -1.16341e-02
dXdS[1] = -3.05814e-02
dXdS[2] = 5.96739e-02
dXdS[3] = -3.68057e-03
dXdS[4] = 4.30465e-02
dXdS[5] = -1.68142e-02
dXdS[6] = 8.29352e-02
dXdS[7] = 9.67319e-02
dXdS[8] = 1.09554e-01
dXdS[9] = 1.20905e-01
dXdS[10] = 1.43186e-01
dXdS[11] = 1.42561e-01
dXdS[12] = 1.73860e-01
dXdS[13] = 1.62435e-01
dXdS[14] = 1.68664e-01
dXdS[15] = 1.98507e-01
dXdS[16] = 2.18094e-01
dXdS[17] = 2.22749e-01
dXdS[18] = 2.30268e-01
dXdS[19] = 1.64383e-01
dXdS[20] = 1.84450e-01
dXdS[21] = 2.02692e-01
dXdS[22] = 2.22423e-01
dXdS[23] = 2.33528e-01
dXdS[24] = 2.52214e-01
dXdS[25] = 2.67926e-01
dXdS[26] = 2.70745e-01
dXdS[27] = 2.77616e-01
dXdS[28] = 2.84718e-01
dXdS[29] = 2.83591e-01
dXdS[30] = 2.81305e-01
dXdS[31] = 2.77693e-01
dXdS[32] = 2.72558e-01
dXdS[33] = 2.02729e-01
dXdS[34] = 5.04727e-01
dXdS[35] = 5.24368e-01
dXdS[36] = 5.32952e-01
dXdS[37] = 5.50108e-01
dXdS[38] = 5.55596e-01
dXdS[39] = 5.59476e-01
dXdS[40] = 5.65216e-01
dXdS[41] = 5.74154e-01
dXdS[42] = 5.82492e-01
dXdS[43] = 5.88753e-01
dXdS[44] = 6.00414e-01
dXdS[45] = 6.11934e-01
dXdS[46] = 6.30342e-01
dXdS[47] = 6.53818e-01
dXdS[48] = 1.00000e+00
dXdS[49] = -3.76970e-02
dXdS[50] = -1.34047e-01


Iteration: 125
Index of specified variable before Newton's method: 48
Temperature before Newton's method: 2.33126e+02 K
Pressure before Newton's method: 1.72363e+07 Pa
Interpolation Scheme: Polynomial (Cubic)
Mixed error in Newton's method (should be < 1): 7.43112e-02
Nº of Newton iterations: 1
Delta of specified variable for the next iteration: 2.00000e-01
Next Iteration variable updated index: 48
lnK[0]		lnK[1]		lnK[2]		lnK[3]		lnK[4]		lnK[5]		lnK[6]		lnK[7]		lnK[8]		lnK[9]		lnK[10]		lnK[11]		lnK[12]		lnK[13]		lnK[14]		lnK[15]		lnK[16]		lnK[17]		lnK[18]		lnK[19]		lnK[20]		lnK[21]		lnK[22]		lnK[23]		lnK[24]		lnK[25]		lnK[26]		lnK[27]		lnK[28]		lnK[29]		lnK[30]		lnK[31]		lnK[32]		lnK[33]		lnK[34]		lnK[35]		lnK[36]		lnK[37]		lnK[38]		lnK[39]		lnK[40]		lnK[41]		lnK[42]		lnK[43]		lnK[44]		lnK[45]		lnK[46]		lnK[47]		lnK[48]		lnT(K)		lnP(Pa)		
-4.68131e-01	-7.73659e-01	5.00749e-01	-3.10269e-01	3.85623e-01	-5.72769e-01	1.01952e+00	1.21152e+00	1.45142e+00	1.57455e+00	1.90823e+00	2.02593e+00	2.43409e+00	2.30077e+00	2.42492e+00	2.80662e+00	3.10255e+00	3.15026e+00	3.27896e+00	2.22113e+00	2.51298e+00	2.78324e+00	3.06183e+00	3.22677e+00	3.49875e+00	3.73053e+00	3.80739e+00	3.92099e+00	4.04207e+00	4.05904e+00	4.06159e+00	4.04755e+00	4.01433e+00	3.07330e+00	7.01392e+00	7.30141e+00	7.45420e+00	7.71258e+00	7.81865e+00	7.90961e+00	8.02659e+00	8.18731e+00	8.34708e+00	8.48149e+00	8.68910e+00	8.90263e+00	9.20942e+00	9.58126e+00	1.42040e+01	5.45158e+00	1.66625e+01
Sensitivity vector: 
dXdS[0] = -1.15443e-02
dXdS[1] = -3.03719e-02
dXdS[2] = 5.95055e-02
dXdS[3] = -3.58464e-03
dXdS[4] = 4.30274e-02
dXdS[5] = -1.65560e-02
dXdS[6] = 8.29529e-02
dXdS[7] = 9.66899e-02
dXdS[8] = 1.09502e-01
dXdS[9] = 1.20878e-01
dXdS[10] = 1.43187e-01
dXdS[11] = 1.42417e-01
dXdS[12] = 1.73468e-01
dXdS[13] = 1.62186e-01
dXdS[14] = 1.68511e-01
dXdS[15] = 1.98138e-01
dXdS[16] = 2.17749e-01
dXdS[17] = 2.22410e-01
dXdS[18] = 2.29865e-01
dXdS[19] = 1.64423e-01
dXdS[20] = 1.84543e-01
dXdS[21] = 2.02845e-01
dXdS[22] = 2.22640e-01
dXdS[23] = 2.33803e-01
dXdS[24] = 2.52621e-01
dXdS[25] = 2.68304e-01
dXdS[26] = 2.71247e-01
dXdS[27] = 2.78171e-01
dXdS[28] = 2.85332e-01
dXdS[29] = 2.84299e-01
dXdS[30] = 2.82119e-01
dXdS[31] = 2.78624e-01
dXdS[32] = 2.73620e-01
dXdS[33] = 2.05093e-01
dXdS[34] = 5.04812e-01
dXdS[35] = 5.24509e-01
dXdS[36] = 5.33226e-01
dXdS[37] = 5.50477e-01
dXdS[38] = 5.56118e-01
dXdS[39] = 5.60179e-01
dXdS[40] = 5.66083e-01
dXdS[41] = 5.75155e-01
dXdS[42] = 5.83646e-01
dXdS[43] = 5.90084e-01
dXdS[44] = 6.01872e-01
dXdS[45] = 6.13535e-01
dXdS[46] = 6.32075e-01
dXdS[47] = 6.55677e-01
dXdS[48] = 1.00000e+00
dXdS[49] = -3.68289e-02
dXdS[50] = -1.35103e-01


Iteration: 126
Index of specified variable before Newton's method: 48
Temperature before Newton's method: 2.31435e+02 K
Pressure before Newton's method: 1.67750e+07 Pa
Interpolation Scheme: Polynomial (Cubic)
Mixed error in Newton's method (should be < 1): 7.45886e-02
Nº of Newton iterations: 1
Delta of specified variable for the next iteration: 2.00000e-01
Next Iteration variable updated index: 48
lnK[0]		lnK[1]		lnK[2]		lnK[3]		lnK[4]		lnK[5]		lnK[6]		lnK[7]		lnK[8]		lnK[9]		lnK[10]		lnK[11]		lnK[12]		lnK[13]		lnK[14]		lnK[15]		lnK[16]		lnK[17]		lnK[18]		lnK[19]		lnK[20]		lnK[21]		lnK[22]		lnK[23]		lnK[24]		lnK[25]		lnK[26]		lnK[27]		lnK[28]		lnK[29]		lnK[30]		lnK[31]		lnK[32]		lnK[33]		lnK[34]		lnK[35]		lnK[36]		lnK[37]		lnK[38]		lnK[39]		lnK[40]		lnK[41]		lnK[42]		lnK[43]		lnK[44]		lnK[45]		lnK[46]		lnK[47]		lnK[48]		lnT(K)		lnP(Pa)		
-4.70432e-01	-7.79712e-01	5.12632e-01	-3.10976e-01	3.94226e-01	-5.76055e-01	1.03611e+00	1.23085e+00	1.47332e+00	1.59872e+00	1.93686e+00	2.05440e+00	2.46874e+00	2.33318e+00	2.45861e+00	2.84621e+00	3.14606e+00	3.19470e+00	3.32489e+00	2.25402e+00	2.54990e+00	2.82382e+00	3.10638e+00	3.27355e+00	3.54932e+00	3.78423e+00	3.86169e+00	3.97668e+00	4.09920e+00	4.11597e+00	4.11810e+00	4.10337e+00	4.06917e+00	3.11456e+00	7.11489e+00	7.40633e+00	7.56087e+00	7.82271e+00	7.92993e+00	8.02172e+00	8.13990e+00	8.30244e+00	8.46393e+00	8.59965e+00	8.80963e+00	9.02550e+00	9.33601e+00	9.71259e+00	1.44040e+01	5.44430e+00	1.66354e+01
Sensitivity vector: 
dXdS[0] = -1.14598e-02
dXdS[1] = -3.01659e-02
dXdS[2] = 5.93225e-02
dXdS[3] = -3.49222e-03
dXdS[4] = 4.30028e-02
dXdS[5] = -1.62997e-02
dXdS[6] = 8.29684e-02
dXdS[7] = 9.66440e-02
dXdS[8] = 1.09447e-01
dXdS[9] = 1.20848e-01
dXdS[10] = 1.43187e-01
dXdS[11] = 1.42274e-01
dXdS[12] = 1.73068e-01
dXdS[13] = 1.61932e-01
dXdS[14] = 1.68358e-01
dXdS[15] = 1.97762e-01
dXdS[16] = 2.17398e-01
dXdS[17] = 2.22064e-01
dXdS[18] = 2.29454e-01
dXdS[19] = 1.64463e-01
dXdS[20] = 1.84637e-01
dXdS[21] = 2.03001e-01
dXdS[22] = 2.22863e-01
dXdS[23] = 2.34086e-01
dXdS[24] = 2.53039e-01
dXdS[25] = 2.68692e-01
dXdS[26] = 2.71764e-01
dXdS[27] = 2.78744e-01
dXdS[28] = 2.85967e-01
dXdS[29] = 2.85032e-01
dXdS[30] = 2.82961e-01
dXdS[31] = 2.79588e-01
dXdS[32] = 2.74721e-01
dXdS[33] = 2.07534e-01
dXdS[34] = 5.04896e-01
dXdS[35] = 5.24650e-01
dXdS[36] = 5.33505e-01
dXdS[37] = 5.50854e-01
dXdS[38] = 5.56654e-01
dXdS[39] = 5.60902e-01
dXdS[40] = 5.66976e-01
dXdS[41] = 5.76187e-01
dXdS[42] = 5.84837e-01
dXdS[43] = 5.91459e-01
dXdS[44] = 6.03379e-01
dXdS[45] = 6.15191e-01
dXdS[46] = 6.33868e-01
dXdS[47] = 6.57600e-01
dXdS[48] = 1.00000e+00
dXdS[49] = -3.59718e-02
dXdS[50] = -1.36127e-01


Iteration: 127
Index of specified variable before Newton's method: 48
Temperature before Newton's method: 2.29796e+02 K
Pressure before Newton's method: 1.63229e+07 Pa
Interpolation Scheme: Polynomial (Cubic)
Mixed error in Newton's method (should be < 1): 7.50123e-02
Nº of Newton iterations: 1
Delta of specified variable for the next iteration: 2.00000e-01
Next Iteration variable updated index: 48
lnK[0]		lnK[1]		lnK[2]		lnK[3]		lnK[4]		lnK[5]		lnK[6]		lnK[7]		lnK[8]		lnK[9]		lnK[10]		lnK[11]		lnK[12]		lnK[13]		lnK[14]		lnK[15]		lnK[16]		lnK[17]		lnK[18]		lnK[19]		lnK[20]		lnK[21]		lnK[22]		lnK[23]		lnK[24]		lnK[25]		lnK[26]		lnK[27]		lnK[28]		lnK[29]		lnK[30]		lnK[31]		lnK[32]		lnK[33]		lnK[34]		lnK[35]		lnK[36]		lnK[37]		lnK[38]		lnK[39]		lnK[40]		lnK[41]		lnK[42]		lnK[43]		lnK[44]		lnK[45]		lnK[46]		lnK[47]		lnK[48]		lnT(K)		lnP(Pa)		
-4.72716e-01	-7.85725e-01	5.24477e-01	-3.11666e-01	4.02824e-01	-5.79289e-01	1.05271e+00	1.25018e+00	1.49520e+00	1.62288e+00	1.96550e+00	2.08284e+00	2.50331e+00	2.36554e+00	2.49226e+00	2.88572e+00	3.18950e+00	3.23908e+00	3.37074e+00	2.28691e+00	2.58683e+00	2.86444e+00	3.15097e+00	3.32040e+00	3.59997e+00	3.83801e+00	3.91609e+00	4.03249e+00	4.15646e+00	4.17305e+00	4.17478e+00	4.15938e+00	4.12422e+00	3.15632e+00	7.21588e+00	7.51127e+00	7.66760e+00	7.93292e+00	8.04131e+00	8.13397e+00	8.25339e+00	8.41779e+00	8.58101e+00	8.71808e+00	8.93046e+00	9.14871e+00	9.46297e+00	9.84431e+00	1.46040e+01	5.43719e+00	1.66081e+01
Sensitivity vector: 
dXdS[0] = -1.13806e-02
dXdS[1] = -2.99632e-02
dXdS[2] = 5.91253e-02
dXdS[3] = -3.40318e-03
dXdS[4] = 4.29728e-02
dXdS[5] = -1.60453e-02
dXdS[6] = 8.29819e-02
dXdS[7] = 9.65942e-02
dXdS[8] = 1.09390e-01
dXdS[9] = 1.20815e-01
dXdS[10] = 1.43185e-01
dXdS[11] = 1.42130e-01
dXdS[12] = 1.72659e-01
dXdS[13] = 1.61675e-01
dXdS[14] = 1.68205e-01
dXdS[15] = 1.97378e-01
dXdS[16] = 2.17041e-01
dXdS[17] = 2.21711e-01
dXdS[18] = 2.29035e-01
dXdS[19] = 1.64503e-01
dXdS[20] = 1.84733e-01
dXdS[21] = 2.03162e-01
dXdS[22] = 2.23091e-01
dXdS[23] = 2.34376e-01
dXdS[24] = 2.53468e-01
dXdS[25] = 2.69091e-01
dXdS[26] = 2.72297e-01
dXdS[27] = 2.79334e-01
dXdS[28] = 2.86622e-01
dXdS[29] = 2.85788e-01
dXdS[30] = 2.83830e-01
dXdS[31] = 2.80584e-01
dXdS[32] = 2.75859e-01
dXdS[33] = 2.10050e-01
dXdS[34] = 5.04978e-01
dXdS[35] = 5.24791e-01
dXdS[36] = 5.33789e-01
dXdS[37] = 5.51239e-01
dXdS[38] = 5.57203e-01
dXdS[39] = 5.61645e-01
dXdS[40] = 5.67895e-01
dXdS[41] = 5.77249e-01
dXdS[42] = 5.86063e-01
dXdS[43] = 5.92875e-01
dXdS[44] = 6.04933e-01
dXdS[45] = 6.16900e-01
dXdS[46] = 6.35719e-01
dXdS[47] = 6.59586e-01
dXdS[48] = 1.00000e+00
dXdS[49] = -3.51257e-02
dXdS[50] = -1.37119e-01


Iteration: 128
Index of specified variable before Newton's method: 48
Temperature before Newton's method: 2.28206e+02 K
Pressure before Newton's method: 1.58798e+07 Pa
Interpolation Scheme: Polynomial (Cubic)
Mixed error in Newton's method (should be < 1): 7.55510e-02
Nº of Newton iterations: 1
Delta of specified variable for the next iteration: 2.00000e-01
Next Iteration variable updated index: 48
lnK[0]		lnK[1]		lnK[2]		lnK[3]		lnK[4]		lnK[5]		lnK[6]		lnK[7]		lnK[8]		lnK[9]		lnK[10]		lnK[11]		lnK[12]		lnK[13]		lnK[14]		lnK[15]		lnK[16]		lnK[17]		lnK[18]		lnK[19]		lnK[20]		lnK[21]		lnK[22]		lnK[23]		lnK[24]		lnK[25]		lnK[26]		lnK[27]		lnK[28]		lnK[29]		lnK[30]		lnK[31]		lnK[32]		lnK[33]		lnK[34]		lnK[35]		lnK[36]		lnK[37]		lnK[38]		lnK[39]		lnK[40]		lnK[41]		lnK[42]		lnK[43]		lnK[44]		lnK[45]		lnK[46]		lnK[47]		lnK[48]		lnT(K)		lnP(Pa)		
-4.74984e-01	-7.91698e-01	5.36281e-01	-3.12338e-01	4.11415e-01	-5.82473e-01	1.06931e+00	1.26949e+00	1.51707e+00	1.64704e+00	1.99414e+00	2.11125e+00	2.53781e+00	2.39785e+00	2.52589e+00	2.92516e+00	3.23288e+00	3.28339e+00	3.41651e+00	2.31982e+00	2.62379e+00	2.90509e+00	3.19561e+00	3.36730e+00	3.65071e+00	3.89187e+00	3.97061e+00	4.08842e+00	4.21385e+00	4.23029e+00	4.23164e+00	4.21560e+00	4.17951e+00	3.19859e+00	7.31689e+00	7.61624e+00	7.77439e+00	8.04321e+00	8.15281e+00	8.24638e+00	8.36706e+00	8.53335e+00	8.69835e+00	8.83680e+00	9.05160e+00	9.27226e+00	9.59031e+00	9.97643e+00	1.48040e+01	5.43025e+00	1.65806e+01
Sensitivity vector: 
dXdS[0] = -1.13065e-02
dXdS[1] = -2.97636e-02
dXdS[2] = 5.89143e-02
dXdS[3] = -3.31737e-03
dXdS[4] = 4.29374e-02
dXdS[5] = -1.57927e-02
dXdS[6] = 8.29935e-02
dXdS[7] = 9.65407e-02
dXdS[8] = 1.09332e-01
dXdS[9] = 1.20780e-01
dXdS[10] = 1.43182e-01
dXdS[11] = 1.41985e-01
dXdS[12] = 1.72241e-01
dXdS[13] = 1.61414e-01
dXdS[14] = 1.68053e-01
dXdS[15] = 1.96988e-01
dXdS[16] = 2.16678e-01
dXdS[17] = 2.21352e-01
dXdS[18] = 2.28609e-01
dXdS[19] = 1.64542e-01
dXdS[20] = 1.84830e-01
dXdS[21] = 2.03325e-01
dXdS[22] = 2.23324e-01
dXdS[23] = 2.34672e-01
dXdS[24] = 2.53908e-01
dXdS[25] = 2.69500e-01
dXdS[26] = 2.72844e-01
dXdS[27] = 2.79940e-01
dXdS[28] = 2.87295e-01
dXdS[29] = 2.86566e-01
dXdS[30] = 2.84726e-01
dXdS[31] = 2.81611e-01
dXdS[32] = 2.77032e-01
dXdS[33] = 2.12637e-01
dXdS[34] = 5.05058e-01
dXdS[35] = 5.24933e-01
dXdS[36] = 5.34078e-01
dXdS[37] = 5.51632e-01
dXdS[38] = 5.57764e-01
dXdS[39] = 5.62407e-01
dXdS[40] = 5.68837e-01
dXdS[41] = 5.78340e-01
dXdS[42] = 5.87324e-01
dXdS[43] = 5.94333e-01
dXdS[44] = 6.06534e-01
dXdS[45] = 6.18660e-01
dXdS[46] = 6.37627e-01
dXdS[47] = 6.61634e-01
dXdS[48] = 1.00000e+00
dXdS[49] = -3.42905e-02
dXdS[50] = -1.38076e-01


Iteration: 129
Index of specified variable before Newton's method: 48
Temperature before Newton's method: 2.26665e+02 K
Pressure before Newton's method: 1.54458e+07 Pa
Interpolation Scheme: Polynomial (Cubic)
Mixed error in Newton's method (should be < 1): 7.61716e-02
Nº of Newton iterations: 1
Delta of specified variable for the next iteration: 2.00000e-01
Next Iteration variable updated index: 48
lnK[0]		lnK[1]		lnK[2]		lnK[3]		lnK[4]		lnK[5]		lnK[6]		lnK[7]		lnK[8]		lnK[9]		lnK[10]		lnK[11]		lnK[12]		lnK[13]		lnK[14]		lnK[15]		lnK[16]		lnK[17]		lnK[18]		lnK[19]		lnK[20]		lnK[21]		lnK[22]		lnK[23]		lnK[24]		lnK[25]		lnK[26]		lnK[27]		lnK[28]		lnK[29]		lnK[30]		lnK[31]		lnK[32]		lnK[33]		lnK[34]		lnK[35]		lnK[36]		lnK[37]		lnK[38]		lnK[39]		lnK[40]		lnK[41]		lnK[42]		lnK[43]		lnK[44]		lnK[45]		lnK[46]		lnK[47]		lnK[48]		lnT(K)		lnP(Pa)		
-4.77238e-01	-7.97631e-01	5.48042e-01	-3.12993e-01	4.19999e-01	-5.85607e-01	1.08591e+00	1.28879e+00	1.53893e+00	1.67120e+00	2.02278e+00	2.13963e+00	2.57221e+00	2.43011e+00	2.55949e+00	2.96452e+00	3.27618e+00	3.32762e+00	3.46219e+00	2.35273e+00	2.66076e+00	2.94577e+00	3.24030e+00	3.41427e+00	3.70153e+00	3.94581e+00	4.02523e+00	4.14447e+00	4.27138e+00	4.28768e+00	4.28867e+00	4.27203e+00	4.23504e+00	3.24138e+00	7.41791e+00	7.72124e+00	7.88123e+00	8.15358e+00	8.26442e+00	8.35893e+00	8.48092e+00	8.64913e+00	8.81595e+00	8.95581e+00	9.17307e+00	9.39617e+00	9.71803e+00	1.01090e+01	1.50040e+01	5.42347e+00	1.65528e+01
Sensitivity vector: 
dXdS[0] = -1.12372e-02
dXdS[1] = -2.95671e-02
dXdS[2] = 5.86901e-02
dXdS[3] = -3.23470e-03
dXdS[4] = 4.28970e-02
dXdS[5] = -1.55417e-02
dXdS[6] = 8.30032e-02
dXdS[7] = 9.64837e-02
dXdS[8] = 1.09272e-01
dXdS[9] = 1.20742e-01
dXdS[10] = 1.43178e-01
dXdS[11] = 1.41840e-01
dXdS[12] = 1.71815e-01
dXdS[13] = 1.61150e-01
dXdS[14] = 1.67900e-01
dXdS[15] = 1.96590e-01
dXdS[16] = 2.16310e-01
dXdS[17] = 2.20987e-01
dXdS[18] = 2.28175e-01
dXdS[19] = 1.64582e-01
dXdS[20] = 1.84929e-01
dXdS[21] = 2.03492e-01
dXdS[22] = 2.23562e-01
dXdS[23] = 2.34975e-01
dXdS[24] = 2.54357e-01
dXdS[25] = 2.69918e-01
dXdS[26] = 2.73405e-01
dXdS[27] = 2.80562e-01
dXdS[28] = 2.87986e-01
dXdS[29] = 2.87366e-01
dXdS[30] = 2.85647e-01
dXdS[31] = 2.82668e-01
dXdS[32] = 2.78241e-01
dXdS[33] = 2.15295e-01
dXdS[34] = 5.05137e-01
dXdS[35] = 5.25074e-01
dXdS[36] = 5.34371e-01
dXdS[37] = 5.52032e-01
dXdS[38] = 5.58338e-01
dXdS[39] = 5.63186e-01
dXdS[40] = 5.69803e-01
dXdS[41] = 5.79459e-01
dXdS[42] = 5.88619e-01
dXdS[43] = 5.95831e-01
dXdS[44] = 6.08178e-01
dXdS[45] = 6.20470e-01
dXdS[46] = 6.39589e-01
dXdS[47] = 6.63740e-01
dXdS[48] = 1.00000e+00
dXdS[49] = -3.34661e-02
dXdS[50] = -1.38998e-01


Iteration: 130
Index of specified variable before Newton's method: 48
Temperature before Newton's method: 2.25171e+02 K
Pressure before Newton's method: 1.50210e+07 Pa
Interpolation Scheme: Polynomial (Cubic)
Mixed error in Newton's method (should be < 1): 7.68488e-02
Nº of Newton iterations: 1
Delta of specified variable for the next iteration: 2.00000e-01
Next Iteration variable updated index: 48
lnK[0]		lnK[1]		lnK[2]		lnK[3]		lnK[4]		lnK[5]		lnK[6]		lnK[7]		lnK[8]		lnK[9]		lnK[10]		lnK[11]		lnK[12]		lnK[13]		lnK[14]		lnK[15]		lnK[16]		lnK[17]		lnK[18]		lnK[19]		lnK[20]		lnK[21]		lnK[22]		lnK[23]		lnK[24]		lnK[25]		lnK[26]		lnK[27]		lnK[28]		lnK[29]		lnK[30]		lnK[31]		lnK[32]		lnK[33]		lnK[34]		lnK[35]		lnK[36]		lnK[37]		lnK[38]		lnK[39]		lnK[40]		lnK[41]		lnK[42]		lnK[43]		lnK[44]		lnK[45]		lnK[46]		lnK[47]		lnK[48]		lnT(K)		lnP(Pa)		
-4.79479e-01	-8.03525e-01	5.59756e-01	-3.13632e-01	4.28574e-01	-5.88690e-01	1.10251e+00	1.30808e+00	1.56078e+00	1.69534e+00	2.05141e+00	2.16799e+00	2.60653e+00	2.46231e+00	2.59305e+00	3.00379e+00	3.31940e+00	3.37178e+00	3.50778e+00	2.38565e+00	2.69776e+00	2.98648e+00	3.28504e+00	3.46130e+00	3.75245e+00	3.99983e+00	4.07997e+00	4.20065e+00	4.32905e+00	4.34523e+00	4.34590e+00	4.32867e+00	4.29081e+00	3.28471e+00	7.51894e+00	7.82627e+00	7.98814e+00	8.26402e+00	8.37614e+00	8.47165e+00	8.59498e+00	8.76513e+00	8.93380e+00	9.07513e+00	9.29488e+00	9.52045e+00	9.84614e+00	1.02419e+01	1.52040e+01	5.41686e+00	1.65250e+01
Sensitivity vector: 
dXdS[0] = -1.11726e-02
dXdS[1] = -2.93736e-02
dXdS[2] = 5.84530e-02
dXdS[3] = -3.15504e-03
dXdS[4] = 4.28518e-02
dXdS[5] = -1.52923e-02
dXdS[6] = 8.30111e-02
dXdS[7] = 9.64232e-02
dXdS[8] = 1.09210e-01
dXdS[9] = 1.20702e-01
dXdS[10] = 1.43173e-01
dXdS[11] = 1.41695e-01
dXdS[12] = 1.71381e-01
dXdS[13] = 1.60882e-01
dXdS[14] = 1.67748e-01
dXdS[15] = 1.96186e-01
dXdS[16] = 2.15935e-01
dXdS[17] = 2.20616e-01
dXdS[18] = 2.27735e-01
dXdS[19] = 1.64622e-01
dXdS[20] = 1.85030e-01
dXdS[21] = 2.03663e-01
dXdS[22] = 2.23804e-01
dXdS[23] = 2.35285e-01
dXdS[24] = 2.54817e-01
dXdS[25] = 2.70346e-01
dXdS[26] = 2.73980e-01
dXdS[27] = 2.81200e-01
dXdS[28] = 2.88695e-01
dXdS[29] = 2.88188e-01
dXdS[30] = 2.86594e-01
dXdS[31] = 2.83754e-01
dXdS[32] = 2.79483e-01
dXdS[33] = 2.18021e-01
dXdS[34] = 5.05214e-01
dXdS[35] = 5.25215e-01
dXdS[36] = 5.34669e-01
dXdS[37] = 5.52439e-01
dXdS[38] = 5.58924e-01
dXdS[39] = 5.63984e-01
dXdS[40] = 5.70792e-01
dXdS[41] = 5.80605e-01
dXdS[42] = 5.89946e-01
dXdS[43] = 5.97367e-01
dXdS[44] = 6.09866e-01
dXdS[45] = 6.22329e-01
dXdS[46] = 6.41605e-01
dXdS[47] = 6.65904e-01
dXdS[48] = 1.00000e+00
dXdS[49] = -3.26523e-02
dXdS[50] = -1.39882e-01


Iteration: 131
Index of specified variable before Newton's method: 48
Temperature before Newton's method: 2.23724e+02 K
Pressure before Newton's method: 1.46054e+07 Pa
Interpolation Scheme: Polynomial (Cubic)
Mixed error in Newton's method (should be < 1): 7.75608e-02
Nº of Newton iterations: 1
Delta of specified variable for the next iteration: 2.00000e-01
Next Iteration variable updated index: 48
lnK[0]		lnK[1]		lnK[2]		lnK[3]		lnK[4]		lnK[5]		lnK[6]		lnK[7]		lnK[8]		lnK[9]		lnK[10]		lnK[11]		lnK[12]		lnK[13]		lnK[14]		lnK[15]		lnK[16]		lnK[17]		lnK[18]		lnK[19]		lnK[20]		lnK[21]		lnK[22]		lnK[23]		lnK[24]		lnK[25]		lnK[26]		lnK[27]		lnK[28]		lnK[29]		lnK[30]		lnK[31]		lnK[32]		lnK[33]		lnK[34]		lnK[35]		lnK[36]		lnK[37]		lnK[38]		lnK[39]		lnK[40]		lnK[41]		lnK[42]		lnK[43]		lnK[44]		lnK[45]		lnK[46]		lnK[47]		lnK[48]		lnT(K)		lnP(Pa)		
-4.81708e-01	-8.09380e-01	5.71422e-01	-3.14255e-01	4.37139e-01	-5.91724e-01	1.11911e+00	1.32736e+00	1.58262e+00	1.71948e+00	2.08004e+00	2.19631e+00	2.64076e+00	2.49446e+00	2.62658e+00	3.04299e+00	3.36255e+00	3.41587e+00	3.55328e+00	2.41858e+00	2.73478e+00	3.02723e+00	3.32982e+00	3.50838e+00	3.80346e+00	4.05395e+00	4.13482e+00	4.25695e+00	4.38686e+00	4.40295e+00	4.40331e+00	4.38553e+00	4.34684e+00	3.32859e+00	7.61999e+00	7.93133e+00	8.09510e+00	8.37455e+00	8.48799e+00	8.58453e+00	8.70924e+00	8.88137e+00	9.05193e+00	9.19476e+00	9.41702e+00	9.64511e+00	9.97467e+00	1.03753e+01	1.54040e+01	5.41041e+00	1.64969e+01
Sensitivity vector: 
dXdS[0] = -1.11125e-02
dXdS[1] = -2.91828e-02
dXdS[2] = 5.82035e-02
dXdS[3] = -3.07828e-03
dXdS[4] = 4.28017e-02
dXdS[5] = -1.50444e-02
dXdS[6] = 8.30173e-02
dXdS[7] = 9.63593e-02
dXdS[8] = 1.09146e-01
dXdS[9] = 1.20659e-01
dXdS[10] = 1.43166e-01
dXdS[11] = 1.41549e-01
dXdS[12] = 1.70939e-01
dXdS[13] = 1.60611e-01
dXdS[14] = 1.67596e-01
dXdS[15] = 1.95775e-01
dXdS[16] = 2.15556e-01
dXdS[17] = 2.20238e-01
dXdS[18] = 2.27288e-01
dXdS[19] = 1.64662e-01
dXdS[20] = 1.85132e-01
dXdS[21] = 2.03836e-01
dXdS[22] = 2.24051e-01
dXdS[23] = 2.35601e-01
dXdS[24] = 2.55286e-01
dXdS[25] = 2.70783e-01
dXdS[26] = 2.74568e-01
dXdS[27] = 2.81853e-01
dXdS[28] = 2.89421e-01
dXdS[29] = 2.89029e-01
dXdS[30] = 2.87565e-01
dXdS[31] = 2.84869e-01
dXdS[32] = 2.80758e-01
dXdS[33] = 2.20813e-01
dXdS[34] = 5.05290e-01
dXdS[35] = 5.25357e-01
dXdS[36] = 5.34971e-01
dXdS[37] = 5.52854e-01
dXdS[38] = 5.59521e-01
dXdS[39] = 5.64798e-01
dXdS[40] = 5.71804e-01
dXdS[41] = 5.81778e-01
dXdS[42] = 5.91305e-01
dXdS[43] = 5.98940e-01
dXdS[44] = 6.11595e-01
dXdS[45] = 6.24234e-01
dXdS[46] = 6.43671e-01
dXdS[47] = 6.68124e-01
dXdS[48] = 1.00000e+00
dXdS[49] = -3.18493e-02
dXdS[50] = -1.40726e-01


Iteration: 132
Index of specified variable before Newton's method: 48
Temperature before Newton's method: 2.22321e+02 K
Pressure before Newton's method: 1.41989e+07 Pa
Interpolation Scheme: Polynomial (Cubic)
Mixed error in Newton's method (should be < 1): 7.82864e-02
Nº of Newton iterations: 1
Delta of specified variable for the next iteration: 2.00000e-01
Next Iteration variable updated index: 48
lnK[0]		lnK[1]		lnK[2]		lnK[3]		lnK[4]		lnK[5]		lnK[6]		lnK[7]		lnK[8]		lnK[9]		lnK[10]		lnK[11]		lnK[12]		lnK[13]		lnK[14]		lnK[15]		lnK[16]		lnK[17]		lnK[18]		lnK[19]		lnK[20]		lnK[21]		lnK[22]		lnK[23]		lnK[24]		lnK[25]		lnK[26]		lnK[27]		lnK[28]		lnK[29]		lnK[30]		lnK[31]		lnK[32]		lnK[33]		lnK[34]		lnK[35]		lnK[36]		lnK[37]		lnK[38]		lnK[39]		lnK[40]		lnK[41]		lnK[42]		lnK[43]		lnK[44]		lnK[45]		lnK[46]		lnK[47]		lnK[48]		lnT(K)		lnP(Pa)		
-4.83925e-01	-8.15198e-01	5.83037e-01	-3.14863e-01	4.45694e-01	-5.94708e-01	1.13571e+00	1.34663e+00	1.60444e+00	1.74360e+00	2.10868e+00	2.22461e+00	2.67491e+00	2.52656e+00	2.66009e+00	3.08210e+00	3.40562e+00	3.45988e+00	3.59869e+00	2.45151e+00	2.77181e+00	3.06802e+00	3.37466e+00	3.55554e+00	3.85456e+00	4.10815e+00	4.18980e+00	4.31339e+00	4.44482e+00	4.46085e+00	4.46092e+00	4.44262e+00	4.40312e+00	3.37304e+00	7.72106e+00	8.03642e+00	8.20213e+00	8.48516e+00	8.59995e+00	8.69757e+00	8.82370e+00	8.99784e+00	9.17033e+00	9.31471e+00	9.53952e+00	9.77015e+00	1.01036e+01	1.05092e+01	1.56040e+01	5.40412e+00	1.64687e+01
Sensitivity vector: 
dXdS[0] = -1.10568e-02
dXdS[1] = -2.89948e-02
dXdS[2] = 5.79420e-02
dXdS[3] = -3.00433e-03
dXdS[4] = 4.27471e-02
dXdS[5] = -1.47980e-02
dXdS[6] = 8.30218e-02
dXdS[7] = 9.62922e-02
dXdS[8] = 1.09080e-01
dXdS[9] = 1.20613e-01
dXdS[10] = 1.43158e-01
dXdS[11] = 1.41403e-01
dXdS[12] = 1.70490e-01
dXdS[13] = 1.60337e-01
dXdS[14] = 1.67444e-01
dXdS[15] = 1.95358e-01
dXdS[16] = 2.15171e-01
dXdS[17] = 2.19855e-01
dXdS[18] = 2.26834e-01
dXdS[19] = 1.64701e-01
dXdS[20] = 1.85235e-01
dXdS[21] = 2.04013e-01
dXdS[22] = 2.24303e-01
dXdS[23] = 2.35922e-01
dXdS[24] = 2.55764e-01
dXdS[25] = 2.71229e-01
dXdS[26] = 2.75169e-01
dXdS[27] = 2.82520e-01
dXdS[28] = 2.90164e-01
dXdS[29] = 2.89891e-01
dXdS[30] = 2.88559e-01
dXdS[31] = 2.86011e-01
dXdS[32] = 2.82065e-01
dXdS[33] = 2.23668e-01
dXdS[34] = 5.05364e-01
dXdS[35] = 5.25499e-01
dXdS[36] = 5.35277e-01
dXdS[37] = 5.53275e-01
dXdS[38] = 5.60129e-01
dXdS[39] = 5.65629e-01
dXdS[40] = 5.72836e-01
dXdS[41] = 5.82977e-01
dXdS[42] = 5.92694e-01
dXdS[43] = 6.00549e-01
dXdS[44] = 6.13364e-01
dXdS[45] = 6.26184e-01
dXdS[46] = 6.45787e-01
dXdS[47] = 6.70397e-01
dXdS[48] = 1.00000e+00
dXdS[49] = -3.10568e-02
dXdS[50] = -1.41529e-01


Iteration: 133
Index of specified variable before Newton's method: 48
Temperature before Newton's method: 2.20961e+02 K
Pressure before Newton's method: 1.38015e+07 Pa
Interpolation Scheme: Polynomial (Cubic)
Mixed error in Newton's method (should be < 1): 7.90121e-02
Nº of Newton iterations: 1
Delta of specified variable for the next iteration: 2.00000e-01
Next Iteration variable updated index: 48
lnK[0]		lnK[1]		lnK[2]		lnK[3]		lnK[4]		lnK[5]		lnK[6]		lnK[7]		lnK[8]		lnK[9]		lnK[10]		lnK[11]		lnK[12]		lnK[13]		lnK[14]		lnK[15]		lnK[16]		lnK[17]		lnK[18]		lnK[19]		lnK[20]		lnK[21]		lnK[22]		lnK[23]		lnK[24]		lnK[25]		lnK[26]		lnK[27]		lnK[28]		lnK[29]		lnK[30]		lnK[31]		lnK[32]		lnK[33]		lnK[34]		lnK[35]		lnK[36]		lnK[37]		lnK[38]		lnK[39]		lnK[40]		lnK[41]		lnK[42]		lnK[43]		lnK[44]		lnK[45]		lnK[46]		lnK[47]		lnK[48]		lnT(K)		lnP(Pa)		
-4.86131e-01	-8.20979e-01	5.94598e-01	-3.15457e-01	4.54237e-01	-5.97643e-01	1.15232e+00	1.36588e+00	1.62625e+00	1.76772e+00	2.13731e+00	2.25287e+00	2.70896e+00	2.55860e+00	2.69356e+00	3.12113e+00	3.44862e+00	3.50381e+00	3.64401e+00	2.48446e+00	2.80887e+00	3.10884e+00	3.41954e+00	3.60275e+00	3.90576e+00	4.16244e+00	4.24489e+00	4.36996e+00	4.50292e+00	4.51891e+00	4.51874e+00	4.49994e+00	4.45966e+00	3.41806e+00	7.82214e+00	8.14153e+00	8.30921e+00	8.59586e+00	8.71204e+00	8.81078e+00	8.93838e+00	9.11456e+00	9.28901e+00	9.43498e+00	9.66237e+00	9.89558e+00	1.02330e+01	1.06435e+01	1.58040e+01	5.39799e+00	1.64403e+01
Sensitivity vector: 
dXdS[0] = -1.10053e-02
dXdS[1] = -2.88094e-02
dXdS[2] = 5.76690e-02
dXdS[3] = -2.93308e-03
dXdS[4] = 4.26881e-02
dXdS[5] = -1.45531e-02
dXdS[6] = 8.30246e-02
dXdS[7] = 9.62220e-02
dXdS[8] = 1.09013e-01
dXdS[9] = 1.20566e-01
dXdS[10] = 1.43149e-01
dXdS[11] = 1.41256e-01
dXdS[12] = 1.70034e-01
dXdS[13] = 1.60059e-01
dXdS[14] = 1.67293e-01
dXdS[15] = 1.94935e-01
dXdS[16] = 2.14781e-01
dXdS[17] = 2.19467e-01
dXdS[18] = 2.26374e-01
dXdS[19] = 1.64741e-01
dXdS[20] = 1.85340e-01
dXdS[21] = 2.04193e-01
dXdS[22] = 2.24559e-01
dXdS[23] = 2.36250e-01
dXdS[24] = 2.56251e-01
dXdS[25] = 2.71682e-01
dXdS[26] = 2.75782e-01
dXdS[27] = 2.83202e-01
dXdS[28] = 2.90922e-01
dXdS[29] = 2.90771e-01
dXdS[30] = 2.89575e-01
dXdS[31] = 2.87179e-01
dXdS[32] = 2.83402e-01
dXdS[33] = 2.26584e-01
dXdS[34] = 5.05437e-01
dXdS[35] = 5.25640e-01
dXdS[36] = 5.35587e-01
dXdS[37] = 5.53702e-01
dXdS[38] = 5.60748e-01
dXdS[39] = 5.66476e-01
dXdS[40] = 5.73889e-01
dXdS[41] = 5.84200e-01
dXdS[42] = 5.94112e-01
dXdS[43] = 6.02192e-01
dXdS[44] = 6.15172e-01
dXdS[45] = 6.28177e-01
dXdS[46] = 6.47951e-01
dXdS[47] = 6.72721e-01
dXdS[48] = 1.00000e+00
dXdS[49] = -3.02748e-02
dXdS[50] = -1.42289e-01


Iteration: 134
Index of specified variable before Newton's method: 48
Temperature before Newton's method: 2.19645e+02 K
Pressure before Newton's method: 1.34133e+07 Pa
Interpolation Scheme: Polynomial (Cubic)
Mixed error in Newton's method (should be < 1): 7.97184e-02
Nº of Newton iterations: 1
Delta of specified variable for the next iteration: 2.00000e-01
Next Iteration variable updated index: 48
lnK[0]		lnK[1]		lnK[2]		lnK[3]		lnK[4]		lnK[5]		lnK[6]		lnK[7]		lnK[8]		lnK[9]		lnK[10]		lnK[11]		lnK[12]		lnK[13]		lnK[14]		lnK[15]		lnK[16]		lnK[17]		lnK[18]		lnK[19]		lnK[20]		lnK[21]		lnK[22]		lnK[23]		lnK[24]		lnK[25]		lnK[26]		lnK[27]		lnK[28]		lnK[29]		lnK[30]		lnK[31]		lnK[32]		lnK[33]		lnK[34]		lnK[35]		lnK[36]		lnK[37]		lnK[38]		lnK[39]		lnK[40]		lnK[41]		lnK[42]		lnK[43]		lnK[44]		lnK[45]		lnK[46]		lnK[47]		lnK[48]		lnT(K)		lnP(Pa)		
-4.88327e-01	-8.26722e-01	6.06104e-01	-3.16037e-01	4.62769e-01	-6.00529e-01	1.16892e+00	1.38512e+00	1.64804e+00	1.79183e+00	2.16594e+00	2.28111e+00	2.74292e+00	2.59058e+00	2.72701e+00	3.16008e+00	3.49153e+00	3.54766e+00	3.68924e+00	2.51741e+00	2.84595e+00	3.14970e+00	3.46448e+00	3.65004e+00	3.95706e+00	4.21682e+00	4.30011e+00	4.42667e+00	4.56119e+00	4.57716e+00	4.57675e+00	4.55750e+00	4.51648e+00	3.46368e+00	7.92323e+00	8.24667e+00	8.41636e+00	8.70665e+00	8.82425e+00	8.92416e+00	9.05326e+00	9.23153e+00	9.40797e+00	9.55559e+00	9.78559e+00	1.00214e+01	1.03628e+01	1.07783e+01	1.60040e+01	5.39201e+00	1.64118e+01
Sensitivity vector: 
dXdS[0] = -1.09579e-02
dXdS[1] = -2.86266e-02
dXdS[2] = 5.73848e-02
dXdS[3] = -2.86444e-03
dXdS[4] = 4.26249e-02
dXdS[5] = -1.43095e-02
dXdS[6] = 8.30259e-02
dXdS[7] = 9.61488e-02
dXdS[8] = 1.08945e-01
dXdS[9] = 1.20516e-01
dXdS[10] = 1.43139e-01
dXdS[11] = 1.41109e-01
dXdS[12] = 1.69571e-01
dXdS[13] = 1.59779e-01
dXdS[14] = 1.67141e-01
dXdS[15] = 1.94506e-01
dXdS[16] = 2.14386e-01
dXdS[17] = 2.19073e-01
dXdS[18] = 2.25909e-01
dXdS[19] = 1.64781e-01
dXdS[20] = 1.85446e-01
dXdS[21] = 2.04375e-01
dXdS[22] = 2.24819e-01
dXdS[23] = 2.36583e-01
dXdS[24] = 2.56746e-01
dXdS[25] = 2.72144e-01
dXdS[26] = 2.76407e-01
dXdS[27] = 2.83896e-01
dXdS[28] = 2.91696e-01
dXdS[29] = 2.91670e-01
dXdS[30] = 2.90613e-01
dXdS[31] = 2.88372e-01
dXdS[32] = 2.84768e-01
dXdS[33] = 2.29559e-01
dXdS[34] = 5.05509e-01
dXdS[35] = 5.25782e-01
dXdS[36] = 5.35901e-01
dXdS[37] = 5.54136e-01
dXdS[38] = 5.61378e-01
dXdS[39] = 5.67338e-01
dXdS[40] = 5.74962e-01
dXdS[41] = 5.85447e-01
dXdS[42] = 5.95559e-01
dXdS[43] = 6.03869e-01
dXdS[44] = 6.17017e-01
dXdS[45] = 6.30213e-01
dXdS[46] = 6.50161e-01
dXdS[47] = 6.75095e-01
dXdS[48] = 1.00000e+00
dXdS[49] = -2.95033e-02
dXdS[50] = -1.43004e-01


Iteration: 135
Index of specified variable before Newton's method: 48
Temperature before Newton's method: 2.18369e+02 K
Pressure before Newton's method: 1.30343e+07 Pa
Interpolation Scheme: Polynomial (Cubic)
Mixed error in Newton's method (should be < 1): 8.03866e-02
Nº of Newton iterations: 1
Delta of specified variable for the next iteration: 2.00000e-01
Next Iteration variable updated index: 48
lnK[0]		lnK[1]		lnK[2]		lnK[3]		lnK[4]		lnK[5]		lnK[6]		lnK[7]		lnK[8]		lnK[9]		lnK[10]		lnK[11]		lnK[12]		lnK[13]		lnK[14]		lnK[15]		lnK[16]		lnK[17]		lnK[18]		lnK[19]		lnK[20]		lnK[21]		lnK[22]		lnK[23]		lnK[24]		lnK[25]		lnK[26]		lnK[27]		lnK[28]		lnK[29]		lnK[30]		lnK[31]		lnK[32]		lnK[33]		lnK[34]		lnK[35]		lnK[36]		lnK[37]		lnK[38]		lnK[39]		lnK[40]		lnK[41]		lnK[42]		lnK[43]		lnK[44]		lnK[45]		lnK[46]		lnK[47]		lnK[48]		lnT(K)		lnP(Pa)		
-4.90514e-01	-8.32429e-01	6.17551e-01	-3.16603e-01	4.71287e-01	-6.03367e-01	1.18553e+00	1.40434e+00	1.66983e+00	1.81593e+00	2.19456e+00	2.30931e+00	2.77679e+00	2.62251e+00	2.76042e+00	3.19893e+00	3.53437e+00	3.59144e+00	3.73438e+00	2.55037e+00	2.88305e+00	3.19059e+00	3.50947e+00	3.69739e+00	4.00846e+00	4.27130e+00	4.35546e+00	4.48352e+00	4.61960e+00	4.63558e+00	4.63498e+00	4.61529e+00	4.57357e+00	3.50989e+00	8.02434e+00	8.35184e+00	8.52357e+00	8.81752e+00	8.93659e+00	9.03772e+00	9.16836e+00	9.34874e+00	9.52723e+00	9.67653e+00	9.90918e+00	1.01477e+01	1.04931e+01	1.09135e+01	1.62040e+01	5.38619e+00	1.63831e+01
Sensitivity vector: 
dXdS[0] = -1.09144e-02
dXdS[1] = -2.84462e-02
dXdS[2] = 5.70900e-02
dXdS[3] = -2.79833e-03
dXdS[4] = 4.25576e-02
dXdS[5] = -1.40672e-02
dXdS[6] = 8.30257e-02
dXdS[7] = 9.60727e-02
dXdS[8] = 1.08875e-01
dXdS[9] = 1.20465e-01
dXdS[10] = 1.43127e-01
dXdS[11] = 1.40961e-01
dXdS[12] = 1.69101e-01
dXdS[13] = 1.59496e-01
dXdS[14] = 1.66990e-01
dXdS[15] = 1.94071e-01
dXdS[16] = 2.13987e-01
dXdS[17] = 2.18674e-01
dXdS[18] = 2.25437e-01
dXdS[19] = 1.64821e-01
dXdS[20] = 1.85553e-01
dXdS[21] = 2.04560e-01
dXdS[22] = 2.25083e-01
dXdS[23] = 2.36921e-01
dXdS[24] = 2.57250e-01
dXdS[25] = 2.72614e-01
dXdS[26] = 2.77043e-01
dXdS[27] = 2.84604e-01
dXdS[28] = 2.92484e-01
dXdS[29] = 2.92586e-01
dXdS[30] = 2.91672e-01
dXdS[31] = 2.89589e-01
dXdS[32] = 2.86162e-01
dXdS[33] = 2.32590e-01
dXdS[34] = 5.05579e-01
dXdS[35] = 5.25924e-01
dXdS[36] = 5.36219e-01
dXdS[37] = 5.54576e-01
dXdS[38] = 5.62017e-01
dXdS[39] = 5.68215e-01
dXdS[40] = 5.76054e-01
dXdS[41] = 5.86716e-01
dXdS[42] = 5.97032e-01
dXdS[43] = 6.05578e-01
dXdS[44] = 6.18898e-01
dXdS[45] = 6.32288e-01
dXdS[46] = 6.52414e-01
dXdS[47] = 6.77517e-01
dXdS[48] = 1.00000e+00
dXdS[49] = -2.87423e-02
dXdS[50] = -1.43670e-01


Iteration: 136
Index of specified variable before Newton's method: 48
Temperature before Newton's method: 2.17134e+02 K
Pressure before Newton's method: 1.26643e+07 Pa
Interpolation Scheme: Polynomial (Cubic)
Mixed error in Newton's method (should be < 1): 8.10123e-02
Nº of Newton iterations: 1
Delta of specified variable for the next iteration: 2.00000e-01
Next Iteration variable updated index: 48
lnK[0]		lnK[1]		lnK[2]		lnK[3]		lnK[4]		lnK[5]		lnK[6]		lnK[7]		lnK[8]		lnK[9]		lnK[10]		lnK[11]		lnK[12]		lnK[13]		lnK[14]		lnK[15]		lnK[16]		lnK[17]		lnK[18]		lnK[19]		lnK[20]		lnK[21]		lnK[22]		lnK[23]		lnK[24]		lnK[25]		lnK[26]		lnK[27]		lnK[28]		lnK[29]		lnK[30]		lnK[31]		lnK[32]		lnK[33]		lnK[34]		lnK[35]		lnK[36]		lnK[37]		lnK[38]		lnK[39]		lnK[40]		lnK[41]		lnK[42]		lnK[43]		lnK[44]		lnK[45]		lnK[46]		lnK[47]		lnK[48]		lnT(K)		lnP(Pa)		
-4.92693e-01	-8.38101e-01	6.28939e-01	-3.17156e-01	4.79792e-01	-6.06156e-01	1.20213e+00	1.42355e+00	1.69159e+00	1.84002e+00	2.22319e+00	2.33749e+00	2.81056e+00	2.65438e+00	2.79380e+00	3.23771e+00	3.57713e+00	3.63513e+00	3.77942e+00	2.58334e+00	2.92017e+00	3.23152e+00	3.55452e+00	3.74481e+00	4.05996e+00	4.32587e+00	4.41093e+00	4.54051e+00	4.67818e+00	4.69419e+00	4.69342e+00	4.67333e+00	4.63095e+00	3.55672e+00	8.12546e+00	8.45704e+00	8.63085e+00	8.92848e+00	9.04906e+00	9.15145e+00	9.28368e+00	9.46621e+00	9.64679e+00	9.79782e+00	1.00332e+01	1.02743e+01	1.06238e+01	1.10493e+01	1.64040e+01	5.38051e+00	1.63543e+01
Sensitivity vector: 
dXdS[0] = -1.08746e-02
dXdS[1] = -2.82681e-02
dXdS[2] = 5.67849e-02
dXdS[3] = -2.73465e-03
dXdS[4] = 4.24863e-02
dXdS[5] = -1.38263e-02
dXdS[6] = 8.30240e-02
dXdS[7] = 9.59938e-02
dXdS[8] = 1.08803e-01
dXdS[9] = 1.20411e-01
dXdS[10] = 1.43115e-01
dXdS[11] = 1.40814e-01
dXdS[12] = 1.68625e-01
dXdS[13] = 1.59210e-01
dXdS[14] = 1.66838e-01
dXdS[15] = 1.93631e-01
dXdS[16] = 2.13583e-01
dXdS[17] = 2.18270e-01
dXdS[18] = 2.24960e-01
dXdS[19] = 1.64860e-01
dXdS[20] = 1.85661e-01
dXdS[21] = 2.04748e-01
dXdS[22] = 2.25351e-01
dXdS[23] = 2.37265e-01
dXdS[24] = 2.57761e-01
dXdS[25] = 2.73091e-01
dXdS[26] = 2.77691e-01
dXdS[27] = 2.85324e-01
dXdS[28] = 2.93287e-01
dXdS[29] = 2.93519e-01
dXdS[30] = 2.92750e-01
dXdS[31] = 2.90829e-01
dXdS[32] = 2.87583e-01
dXdS[33] = 2.35675e-01
dXdS[34] = 5.05648e-01
dXdS[35] = 5.26066e-01
dXdS[36] = 5.36540e-01
dXdS[37] = 5.55021e-01
dXdS[38] = 5.62666e-01
dXdS[39] = 5.69105e-01
dXdS[40] = 5.77165e-01
dXdS[41] = 5.88007e-01
dXdS[42] = 5.98532e-01
dXdS[43] = 6.07318e-01
dXdS[44] = 6.20813e-01
dXdS[45] = 6.34401e-01
dXdS[46] = 6.54710e-01
dXdS[47] = 6.79984e-01
dXdS[48] = 1.00000e+00
dXdS[49] = -2.79917e-02
dXdS[50] = -1.44285e-01


Iteration: 137
Index of specified variable before Newton's method: 48
Temperature before Newton's method: 2.15937e+02 K
Pressure before Newton's method: 1.23033e+07 Pa
Interpolation Scheme: Polynomial (Cubic)
Mixed error in Newton's method (should be < 1): 8.15790e-02
Nº of Newton iterations: 1
Delta of specified variable for the next iteration: 2.00000e-01
Next Iteration variable updated index: 48
lnK[0]		lnK[1]		lnK[2]		lnK[3]		lnK[4]		lnK[5]		lnK[6]		lnK[7]		lnK[8]		lnK[9]		lnK[10]		lnK[11]		lnK[12]		lnK[13]		lnK[14]		lnK[15]		lnK[16]		lnK[17]		lnK[18]		lnK[19]		lnK[20]		lnK[21]		lnK[22]		lnK[23]		lnK[24]		lnK[25]		lnK[26]		lnK[27]		lnK[28]		lnK[29]		lnK[30]		lnK[31]		lnK[32]		lnK[33]		lnK[34]		lnK[35]		lnK[36]		lnK[37]		lnK[38]		lnK[39]		lnK[40]		lnK[41]		lnK[42]		lnK[43]		lnK[44]		lnK[45]		lnK[46]		lnK[47]		lnK[48]		lnT(K)		lnP(Pa)		
-4.94864e-01	-8.43737e-01	6.40265e-01	-3.17697e-01	4.88281e-01	-6.08897e-01	1.21874e+00	1.44274e+00	1.71335e+00	1.86409e+00	2.25181e+00	2.36564e+00	2.84424e+00	2.68619e+00	2.82715e+00	3.27639e+00	3.61980e+00	3.67875e+00	3.82436e+00	2.61631e+00	2.95731e+00	3.27249e+00	3.59961e+00	3.79229e+00	4.11157e+00	4.38053e+00	4.46653e+00	4.59765e+00	4.73692e+00	4.75299e+00	4.75208e+00	4.73162e+00	4.68861e+00	3.60416e+00	8.22660e+00	8.56227e+00	8.73819e+00	9.03953e+00	9.16166e+00	9.26536e+00	9.39923e+00	9.58395e+00	9.76665e+00	9.91946e+00	1.01575e+01	1.04014e+01	1.07549e+01	1.11855e+01	1.66040e+01	5.37499e+00	1.63254e+01
Sensitivity vector: 
dXdS[0] = -1.08385e-02
dXdS[1] = -2.80924e-02
dXdS[2] = 5.64700e-02
dXdS[3] = -2.67332e-03
dXdS[4] = 4.24112e-02
dXdS[5] = -1.35866e-02
dXdS[6] = 8.30209e-02
dXdS[7] = 9.59122e-02
dXdS[8] = 1.08731e-01
dXdS[9] = 1.20355e-01
dXdS[10] = 1.43102e-01
dXdS[11] = 1.40665e-01
dXdS[12] = 1.68143e-01
dXdS[13] = 1.58921e-01
dXdS[14] = 1.66687e-01
dXdS[15] = 1.93186e-01
dXdS[16] = 2.13175e-01
dXdS[17] = 2.17862e-01
dXdS[18] = 2.24477e-01
dXdS[19] = 1.64900e-01
dXdS[20] = 1.85770e-01
dXdS[21] = 2.04938e-01
dXdS[22] = 2.25622e-01
dXdS[23] = 2.37613e-01
dXdS[24] = 2.58280e-01
dXdS[25] = 2.73575e-01
dXdS[26] = 2.78348e-01
dXdS[27] = 2.86056e-01
dXdS[28] = 2.94102e-01
dXdS[29] = 2.94469e-01
dXdS[30] = 2.93848e-01
dXdS[31] = 2.92092e-01
dXdS[32] = 2.89030e-01
dXdS[33] = 2.38812e-01
dXdS[34] = 5.05716e-01
dXdS[35] = 5.26208e-01
dXdS[36] = 5.36864e-01
dXdS[37] = 5.55472e-01
dXdS[38] = 5.63324e-01
dXdS[39] = 5.70010e-01
dXdS[40] = 5.78292e-01
dXdS[41] = 5.89319e-01
dXdS[42] = 6.00056e-01
dXdS[43] = 6.09086e-01
dXdS[44] = 6.22761e-01
dXdS[45] = 6.36551e-01
dXdS[46] = 6.57046e-01
dXdS[47] = 6.82495e-01
dXdS[48] = 1.00000e+00
dXdS[49] = -2.72515e-02
dXdS[50] = -1.44848e-01


Iteration: 138
Index of specified variable before Newton's method: 48
Temperature before Newton's method: 2.14779e+02 K
Pressure before Newton's method: 1.19514e+07 Pa
Interpolation Scheme: Polynomial (Cubic)
Mixed error in Newton's method (should be < 1): 8.20731e-02
Nº of Newton iterations: 1
Delta of specified variable for the next iteration: 2.00000e-01
Next Iteration variable updated index: 48
lnK[0]		lnK[1]		lnK[2]		lnK[3]		lnK[4]		lnK[5]		lnK[6]		lnK[7]		lnK[8]		lnK[9]		lnK[10]		lnK[11]		lnK[12]		lnK[13]		lnK[14]		lnK[15]		lnK[16]		lnK[17]		lnK[18]		lnK[19]		lnK[20]		lnK[21]		lnK[22]		lnK[23]		lnK[24]		lnK[25]		lnK[26]		lnK[27]		lnK[28]		lnK[29]		lnK[30]		lnK[31]		lnK[32]		lnK[33]		lnK[34]		lnK[35]		lnK[36]		lnK[37]		lnK[38]		lnK[39]		lnK[40]		lnK[41]		lnK[42]		lnK[43]		lnK[44]		lnK[45]		lnK[46]		lnK[47]		lnK[48]		lnT(K)		lnP(Pa)		
-4.97029e-01	-8.49338e-01	6.51526e-01	-3.18226e-01	4.96756e-01	-6.11591e-01	1.23534e+00	1.46191e+00	1.73509e+00	1.88816e+00	2.28043e+00	2.39376e+00	2.87782e+00	2.71795e+00	2.86048e+00	3.31498e+00	3.66240e+00	3.72228e+00	3.86921e+00	2.64930e+00	2.99448e+00	3.31350e+00	3.64476e+00	3.83985e+00	4.16328e+00	4.43530e+00	4.52227e+00	4.65493e+00	4.79582e+00	4.81198e+00	4.81096e+00	4.79017e+00	4.74656e+00	3.65224e+00	8.32775e+00	8.66752e+00	8.84560e+00	9.15067e+00	9.27439e+00	9.37945e+00	9.51500e+00	9.70194e+00	9.88681e+00	1.00415e+01	1.02823e+01	1.05290e+01	1.08866e+01	1.13223e+01	1.68040e+01	5.36961e+00	1.62964e+01
Sensitivity vector: 
dXdS[0] = -1.08059e-02
dXdS[1] = -2.79190e-02
dXdS[2] = 5.61456e-02
dXdS[3] = -2.61426e-03
dXdS[4] = 4.23326e-02
dXdS[5] = -1.33483e-02
dXdS[6] = 8.30165e-02
dXdS[7] = 9.58281e-02
dXdS[8] = 1.08657e-01
dXdS[9] = 1.20298e-01
dXdS[10] = 1.43087e-01
dXdS[11] = 1.40517e-01
dXdS[12] = 1.67655e-01
dXdS[13] = 1.58630e-01
dXdS[14] = 1.66536e-01
dXdS[15] = 1.92737e-01
dXdS[16] = 2.12763e-01
dXdS[17] = 2.17449e-01
dXdS[18] = 2.23990e-01
dXdS[19] = 1.64940e-01
dXdS[20] = 1.85881e-01
dXdS[21] = 2.05131e-01
dXdS[22] = 2.25897e-01
dXdS[23] = 2.37966e-01
dXdS[24] = 2.58805e-01
dXdS[25] = 2.74066e-01
dXdS[26] = 2.79015e-01
dXdS[27] = 2.86798e-01
dXdS[28] = 2.94931e-01
dXdS[29] = 2.95433e-01
dXdS[30] = 2.94963e-01
dXdS[31] = 2.93376e-01
dXdS[32] = 2.90501e-01
dXdS[33] = 2.41998e-01
dXdS[34] = 5.05783e-01
dXdS[35] = 5.26350e-01
dXdS[36] = 5.37192e-01
dXdS[37] = 5.55928e-01
dXdS[38] = 5.63991e-01
dXdS[39] = 5.70926e-01
dXdS[40] = 5.79436e-01
dXdS[41] = 5.90651e-01
dXdS[42] = 6.01603e-01
dXdS[43] = 6.10883e-01
dXdS[44] = 6.24740e-01
dXdS[45] = 6.38737e-01
dXdS[46] = 6.59420e-01
dXdS[47] = 6.85048e-01
dXdS[48] = 1.00000e+00
dXdS[49] = -2.65216e-02
dXdS[50] = -1.45354e-01


Iteration: 139
Index of specified variable before Newton's method: 48
Temperature before Newton's method: 2.13659e+02 K
Pressure before Newton's method: 1.16085e+07 Pa
Interpolation Scheme: Polynomial (Cubic)
Mixed error in Newton's method (should be < 1): 8.24852e-02
Nº of Newton iterations: 1
Delta of specified variable for the next iteration: 2.00000e-01
Next Iteration variable updated index: 48
lnK[0]		lnK[1]		lnK[2]		lnK[3]		lnK[4]		lnK[5]		lnK[6]		lnK[7]		lnK[8]		lnK[9]		lnK[10]		lnK[11]		lnK[12]		lnK[13]		lnK[14]		lnK[15]		lnK[16]		lnK[17]		lnK[18]		lnK[19]		lnK[20]		lnK[21]		lnK[22]		lnK[23]		lnK[24]		lnK[25]		lnK[26]		lnK[27]		lnK[28]		lnK[29]		lnK[30]		lnK[31]		lnK[32]		lnK[33]		lnK[34]		lnK[35]		lnK[36]		lnK[37]		lnK[38]		lnK[39]		lnK[40]		lnK[41]		lnK[42]		lnK[43]		lnK[44]		lnK[45]		lnK[46]		lnK[47]		lnK[48]		lnT(K)		lnP(Pa)		
-4.99187e-01	-8.54904e-01	6.62722e-01	-3.18743e-01	5.05214e-01	-6.14237e-01	1.25194e+00	1.48107e+00	1.75681e+00	1.91221e+00	2.30904e+00	2.42185e+00	2.91130e+00	2.74964e+00	2.89377e+00	3.35348e+00	3.70491e+00	3.76573e+00	3.91395e+00	2.68229e+00	3.03167e+00	3.35454e+00	3.68997e+00	3.88748e+00	4.21509e+00	4.49016e+00	4.57814e+00	4.71237e+00	4.85489e+00	4.87116e+00	4.87007e+00	4.84898e+00	4.80481e+00	3.70097e+00	8.42891e+00	8.77281e+00	8.95307e+00	9.26190e+00	9.38726e+00	9.49373e+00	9.63100e+00	9.82021e+00	1.00073e+01	1.01638e+01	1.04074e+01	1.06569e+01	1.10187e+01	1.14596e+01	1.70040e+01	5.36438e+00	1.62672e+01
Sensitivity vector: 
dXdS[0] = -1.07767e-02
dXdS[1] = -2.77477e-02
dXdS[2] = 5.58123e-02
dXdS[3] = -2.55740e-03
dXdS[4] = 4.22504e-02
dXdS[5] = -1.31111e-02
dXdS[6] = 8.30107e-02
dXdS[7] = 9.57415e-02
dXdS[8] = 1.08581e-01
dXdS[9] = 1.20239e-01
dXdS[10] = 1.43072e-01
dXdS[11] = 1.40368e-01
dXdS[12] = 1.67161e-01
dXdS[13] = 1.58337e-01
dXdS[14] = 1.66385e-01
dXdS[15] = 1.92282e-01
dXdS[16] = 2.12347e-01
dXdS[17] = 2.17032e-01
dXdS[18] = 2.23498e-01
dXdS[19] = 1.64979e-01
dXdS[20] = 1.85992e-01
dXdS[21] = 2.05326e-01
dXdS[22] = 2.26175e-01
dXdS[23] = 2.38323e-01
dXdS[24] = 2.59338e-01
dXdS[25] = 2.74563e-01
dXdS[26] = 2.79692e-01
dXdS[27] = 2.87552e-01
dXdS[28] = 2.95771e-01
dXdS[29] = 2.96412e-01
dXdS[30] = 2.96096e-01
dXdS[31] = 2.94679e-01
dXdS[32] = 2.91996e-01
dXdS[33] = 2.45231e-01
dXdS[34] = 5.05849e-01
dXdS[35] = 5.26492e-01
dXdS[36] = 5.37522e-01
dXdS[37] = 5.56389e-01
dXdS[38] = 5.64665e-01
dXdS[39] = 5.71855e-01
dXdS[40] = 5.80596e-01
dXdS[41] = 5.92002e-01
dXdS[42] = 6.03173e-01
dXdS[43] = 6.12706e-01
dXdS[44] = 6.26748e-01
dXdS[45] = 6.40955e-01
dXdS[46] = 6.61831e-01
dXdS[47] = 6.87640e-01
dXdS[48] = 1.00000e+00
dXdS[49] = -2.58021e-02
dXdS[50] = -1.45802e-01


Iteration: 140
Index of specified variable before Newton's method: 48
Temperature before Newton's method: 2.12574e+02 K
Pressure before Newton's method: 1.12744e+07 Pa
Interpolation Scheme: Polynomial (Cubic)
Mixed error in Newton's method (should be < 1): 8.27990e-02
Nº of Newton iterations: 1
Delta of specified variable for the next iteration: 2.00000e-01
Next Iteration variable updated index: 48
lnK[0]		lnK[1]		lnK[2]		lnK[3]		lnK[4]		lnK[5]		lnK[6]		lnK[7]		lnK[8]		lnK[9]		lnK[10]		lnK[11]		lnK[12]		lnK[13]		lnK[14]		lnK[15]		lnK[16]		lnK[17]		lnK[18]		lnK[19]		lnK[20]		lnK[21]		lnK[22]		lnK[23]		lnK[24]		lnK[25]		lnK[26]		lnK[27]		lnK[28]		lnK[29]		lnK[30]		lnK[31]		lnK[32]		lnK[33]		lnK[34]		lnK[35]		lnK[36]		lnK[37]		lnK[38]		lnK[39]		lnK[40]		lnK[41]		lnK[42]		lnK[43]		lnK[44]		lnK[45]		lnK[46]		lnK[47]		lnK[48]		lnT(K)		lnP(Pa)		
-5.01340e-01	-8.60437e-01	6.73851e-01	-3.19249e-01	5.13656e-01	-6.16835e-01	1.26855e+00	1.50021e+00	1.77852e+00	1.93625e+00	2.33766e+00	2.44991e+00	2.94468e+00	2.78128e+00	2.92703e+00	3.39189e+00	3.74734e+00	3.80909e+00	3.95860e+00	2.71529e+00	3.06888e+00	3.39563e+00	3.73523e+00	3.93518e+00	4.26701e+00	4.54512e+00	4.63415e+00	4.76996e+00	4.91413e+00	4.93055e+00	4.92940e+00	4.90804e+00	4.86336e+00	3.75034e+00	8.53009e+00	8.87812e+00	9.06060e+00	9.37322e+00	9.50026e+00	9.60820e+00	9.74724e+00	9.93874e+00	1.01281e+01	1.02865e+01	1.05330e+01	1.07853e+01	1.11513e+01	1.15973e+01	1.72040e+01	5.35929e+00	1.62380e+01
Sensitivity vector: 
dXdS[0] = -1.07507e-02
dXdS[1] = -2.75785e-02
dXdS[2] = 5.54704e-02
dXdS[3] = -2.50267e-03
dXdS[4] = 4.21649e-02
dXdS[5] = -1.28753e-02
dXdS[6] = 8.30036e-02
dXdS[7] = 9.56526e-02
dXdS[8] = 1.08504e-01
dXdS[9] = 1.20178e-01
dXdS[10] = 1.43056e-01
dXdS[11] = 1.40219e-01
dXdS[12] = 1.66663e-01
dXdS[13] = 1.58042e-01
dXdS[14] = 1.66234e-01
dXdS[15] = 1.91823e-01
dXdS[16] = 2.11928e-01
dXdS[17] = 2.16612e-01
dXdS[18] = 2.23001e-01
dXdS[19] = 1.65019e-01
dXdS[20] = 1.86104e-01
dXdS[21] = 2.05523e-01
dXdS[22] = 2.26456e-01
dXdS[23] = 2.38684e-01
dXdS[24] = 2.59877e-01
dXdS[25] = 2.75067e-01
dXdS[26] = 2.80378e-01
dXdS[27] = 2.88315e-01
dXdS[28] = 2.96624e-01
dXdS[29] = 2.97404e-01
dXdS[30] = 2.97244e-01
dXdS[31] = 2.96002e-01
dXdS[32] = 2.93512e-01
dXdS[33] = 2.48508e-01
dXdS[34] = 5.05913e-01
dXdS[35] = 5.26634e-01
dXdS[36] = 5.37856e-01
dXdS[37] = 5.56854e-01
dXdS[38] = 5.65348e-01
dXdS[39] = 5.72796e-01
dXdS[40] = 5.81771e-01
dXdS[41] = 5.93370e-01
dXdS[42] = 6.04764e-01
dXdS[43] = 6.14554e-01
dXdS[44] = 6.28785e-01
dXdS[45] = 6.43205e-01
dXdS[46] = 6.64277e-01
dXdS[47] = 6.90269e-01
dXdS[48] = 1.00000e+00
dXdS[49] = -2.50928e-02
dXdS[50] = -1.46187e-01


Iteration: 141
Index of specified variable before Newton's method: 48
Temperature before Newton's method: 2.11525e+02 K
Pressure before Newton's method: 1.09492e+07 Pa
Interpolation Scheme: Polynomial (Cubic)
Mixed error in Newton's method (should be < 1): 8.30077e-02
Nº of Newton iterations: 1
Delta of specified variable for the next iteration: 2.00000e-01
Next Iteration variable updated index: 48
lnK[0]		lnK[1]		lnK[2]		lnK[3]		lnK[4]		lnK[5]		lnK[6]		lnK[7]		lnK[8]		lnK[9]		lnK[10]		lnK[11]		lnK[12]		lnK[13]		lnK[14]		lnK[15]		lnK[16]		lnK[17]		lnK[18]		lnK[19]		lnK[20]		lnK[21]		lnK[22]		lnK[23]		lnK[24]		lnK[25]		lnK[26]		lnK[27]		lnK[28]		lnK[29]		lnK[30]		lnK[31]		lnK[32]		lnK[33]		lnK[34]		lnK[35]		lnK[36]		lnK[37]		lnK[38]		lnK[39]		lnK[40]		lnK[41]		lnK[42]		lnK[43]		lnK[44]		lnK[45]		lnK[46]		lnK[47]		lnK[48]		lnT(K)		lnP(Pa)		
-5.03487e-01	-8.65936e-01	6.84910e-01	-3.19744e-01	5.22080e-01	-6.19387e-01	1.28515e+00	1.51933e+00	1.80021e+00	1.96028e+00	2.36627e+00	2.47793e+00	2.97796e+00	2.81286e+00	2.96026e+00	3.43021e+00	3.78968e+00	3.85237e+00	4.00315e+00	2.74830e+00	3.10611e+00	3.43675e+00	3.78055e+00	3.98295e+00	4.31904e+00	4.60019e+00	4.69029e+00	4.82770e+00	4.97354e+00	4.99013e+00	4.98897e+00	4.96738e+00	4.92222e+00	3.80037e+00	8.63128e+00	8.98346e+00	9.16821e+00	9.48464e+00	9.61340e+00	9.72285e+00	9.86371e+00	1.00576e+01	1.02492e+01	1.04096e+01	1.06589e+01	1.09142e+01	1.12844e+01	1.17357e+01	1.74040e+01	5.35434e+00	1.62088e+01
Sensitivity vector: 
dXdS[0] = -1.07278e-02
dXdS[1] = -2.74114e-02
dXdS[2] = 5.51203e-02
dXdS[3] = -2.45000e-03
dXdS[4] = 4.20763e-02
dXdS[5] = -1.26407e-02
dXdS[6] = 8.29953e-02
dXdS[7] = 9.55614e-02
dXdS[8] = 1.08427e-01
dXdS[9] = 1.20115e-01
dXdS[10] = 1.43039e-01
dXdS[11] = 1.40069e-01
dXdS[12] = 1.66159e-01
dXdS[13] = 1.57744e-01
dXdS[14] = 1.66084e-01
dXdS[15] = 1.91360e-01
dXdS[16] = 2.11505e-01
dXdS[17] = 2.16187e-01
dXdS[18] = 2.22500e-01
dXdS[19] = 1.65058e-01
dXdS[20] = 1.86218e-01
dXdS[21] = 2.05721e-01
dXdS[22] = 2.26739e-01
dXdS[23] = 2.39049e-01
dXdS[24] = 2.60421e-01
dXdS[25] = 2.75576e-01
dXdS[26] = 2.81072e-01
dXdS[27] = 2.89088e-01
dXdS[28] = 2.97486e-01
dXdS[29] = 2.98410e-01
dXdS[30] = 2.98409e-01
dXdS[31] = 2.97343e-01
dXdS[32] = 2.95049e-01
dXdS[33] = 2.51827e-01
dXdS[34] = 5.05977e-01
dXdS[35] = 5.26775e-01
dXdS[36] = 5.38191e-01
dXdS[37] = 5.57324e-01
dXdS[38] = 5.66037e-01
dXdS[39] = 5.73747e-01
dXdS[40] = 5.82960e-01
dXdS[41] = 5.94755e-01
dXdS[42] = 6.06375e-01
dXdS[43] = 6.16425e-01
dXdS[44] = 6.30848e-01
dXdS[45] = 6.45484e-01
dXdS[46] = 6.66755e-01
dXdS[47] = 6.92934e-01
dXdS[48] = 1.00000e+00
dXdS[49] = -2.43939e-02
dXdS[50] = -1.46508e-01


Iteration: 142
Index of specified variable before Newton's method: 48
Temperature before Newton's method: 2.10510e+02 K
Pressure before Newton's method: 1.06327e+07 Pa
Interpolation Scheme: Polynomial (Cubic)
Mixed error in Newton's method (should be < 1): 8.31019e-02
Nº of Newton iterations: 1
Delta of specified variable for the next iteration: 2.00000e-01
Next Iteration variable updated index: 48
lnK[0]		lnK[1]		lnK[2]		lnK[3]		lnK[4]		lnK[5]		lnK[6]		lnK[7]		lnK[8]		lnK[9]		lnK[10]		lnK[11]		lnK[12]		lnK[13]		lnK[14]		lnK[15]		lnK[16]		lnK[17]		lnK[18]		lnK[19]		lnK[20]		lnK[21]		lnK[22]		lnK[23]		lnK[24]		lnK[25]		lnK[26]		lnK[27]		lnK[28]		lnK[29]		lnK[30]		lnK[31]		lnK[32]		lnK[33]		lnK[34]		lnK[35]		lnK[36]		lnK[37]		lnK[38]		lnK[39]		lnK[40]		lnK[41]		lnK[42]		lnK[43]		lnK[44]		lnK[45]		lnK[46]		lnK[47]		lnK[48]		lnT(K)		lnP(Pa)		
-5.05631e-01	-8.71402e-01	6.95898e-01	-3.20229e-01	5.30486e-01	-6.21892e-01	1.30174e+00	1.53843e+00	1.82189e+00	1.98430e+00	2.39487e+00	2.50593e+00	3.01114e+00	2.84438e+00	2.99346e+00	3.46844e+00	3.83194e+00	3.89557e+00	4.04760e+00	2.78131e+00	3.14336e+00	3.47792e+00	3.82593e+00	4.03080e+00	4.37118e+00	4.65535e+00	4.74658e+00	4.88559e+00	5.03313e+00	5.04991e+00	5.04877e+00	5.02698e+00	4.98138e+00	3.85107e+00	8.73248e+00	9.08883e+00	9.27588e+00	9.59615e+00	9.72667e+00	9.83770e+00	9.98043e+00	1.01766e+01	1.03706e+01	1.05331e+01	1.07853e+01	1.10435e+01	1.14180e+01	1.18745e+01	1.76040e+01	5.34953e+00	1.61794e+01
Sensitivity vector: 
dXdS[0] = -1.07079e-02
dXdS[1] = -2.72463e-02
dXdS[2] = 5.47625e-02
dXdS[3] = -2.39931e-03
dXdS[4] = 4.19845e-02
dXdS[5] = -1.24073e-02
dXdS[6] = 8.29859e-02
dXdS[7] = 9.54680e-02
dXdS[8] = 1.08348e-01
dXdS[9] = 1.20051e-01
dXdS[10] = 1.43021e-01
dXdS[11] = 1.39919e-01
dXdS[12] = 1.65651e-01
dXdS[13] = 1.57444e-01
dXdS[14] = 1.65933e-01
dXdS[15] = 1.90894e-01
dXdS[16] = 2.11078e-01
dXdS[17] = 2.15759e-01
dXdS[18] = 2.21995e-01
dXdS[19] = 1.65097e-01
dXdS[20] = 1.86331e-01
dXdS[21] = 2.05922e-01
dXdS[22] = 2.27026e-01
dXdS[23] = 2.39418e-01
dXdS[24] = 2.60972e-01
dXdS[25] = 2.76090e-01
dXdS[26] = 2.81773e-01
dXdS[27] = 2.89870e-01
dXdS[28] = 2.98360e-01
dXdS[29] = 2.99428e-01
dXdS[30] = 2.99587e-01
dXdS[31] = 2.98700e-01
dXdS[32] = 2.96606e-01
dXdS[33] = 2.55185e-01
dXdS[34] = 5.06040e-01
dXdS[35] = 5.26917e-01
dXdS[36] = 5.38530e-01
dXdS[37] = 5.57798e-01
dXdS[38] = 5.66734e-01
dXdS[39] = 5.74708e-01
dXdS[40] = 5.84162e-01
dXdS[41] = 5.96156e-01
dXdS[42] = 6.08005e-01
dXdS[43] = 6.18319e-01
dXdS[44] = 6.32936e-01
dXdS[45] = 6.47792e-01
dXdS[46] = 6.69264e-01
dXdS[47] = 6.95632e-01
dXdS[48] = 1.00000e+00
dXdS[49] = -2.37052e-02
dXdS[50] = -1.46760e-01


Iteration: 143
Index of specified variable before Newton's method: 48
Temperature before Newton's method: 2.09528e+02 K
Pressure before Newton's method: 1.03250e+07 Pa
Interpolation Scheme: Polynomial (Cubic)
Mixed error in Newton's method (should be < 1): 8.30622e-02
Nº of Newton iterations: 1
Delta of specified variable for the next iteration: 2.00000e-01
Next Iteration variable updated index: 48
lnK[0]		lnK[1]		lnK[2]		lnK[3]		lnK[4]		lnK[5]		lnK[6]		lnK[7]		lnK[8]		lnK[9]		lnK[10]		lnK[11]		lnK[12]		lnK[13]		lnK[14]		lnK[15]		lnK[16]		lnK[17]		lnK[18]		lnK[19]		lnK[20]		lnK[21]		lnK[22]		lnK[23]		lnK[24]		lnK[25]		lnK[26]		lnK[27]		lnK[28]		lnK[29]		lnK[30]		lnK[31]		lnK[32]		lnK[33]		lnK[34]		lnK[35]		lnK[36]		lnK[37]		lnK[38]		lnK[39]		lnK[40]		lnK[41]		lnK[42]		lnK[43]		lnK[44]		lnK[45]		lnK[46]		lnK[47]		lnK[48]		lnT(K)		lnP(Pa)		
-5.07771e-01	-8.76835e-01	7.06814e-01	-3.20704e-01	5.38874e-01	-6.24350e-01	1.31834e+00	1.55751e+00	1.84355e+00	2.00830e+00	2.42347e+00	2.53390e+00	3.04422e+00	2.87584e+00	3.02664e+00	3.50657e+00	3.87411e+00	3.93867e+00	4.09195e+00	2.81434e+00	3.18064e+00	3.51912e+00	3.87136e+00	4.07872e+00	4.42343e+00	4.71062e+00	4.80300e+00	4.94364e+00	5.09289e+00	5.10990e+00	5.10881e+00	5.08686e+00	5.04086e+00	3.90245e+00	8.83369e+00	9.19423e+00	9.38362e+00	9.70776e+00	9.84009e+00	9.95274e+00	1.00974e+01	1.02960e+01	1.04924e+01	1.06570e+01	1.09121e+01	1.11733e+01	1.15521e+01	1.20139e+01	1.78040e+01	5.34486e+00	1.61501e+01
Sensitivity vector: 
dXdS[0] = -1.06909e-02
dXdS[1] = -2.70832e-02
dXdS[2] = 5.43974e-02
dXdS[3] = -2.35054e-03
dXdS[4] = 4.18899e-02
dXdS[5] = -1.21752e-02
dXdS[6] = 8.29752e-02
dXdS[7] = 9.53726e-02
dXdS[8] = 1.08268e-01
dXdS[9] = 1.19985e-01
dXdS[10] = 1.43002e-01
dXdS[11] = 1.39769e-01
dXdS[12] = 1.65138e-01
dXdS[13] = 1.57143e-01
dXdS[14] = 1.65783e-01
dXdS[15] = 1.90423e-01
dXdS[16] = 2.10649e-01
dXdS[17] = 2.15327e-01
dXdS[18] = 2.21486e-01
dXdS[19] = 1.65137e-01
dXdS[20] = 1.86446e-01
dXdS[21] = 2.06124e-01
dXdS[22] = 2.27314e-01
dXdS[23] = 2.39790e-01
dXdS[24] = 2.61527e-01
dXdS[25] = 2.76609e-01
dXdS[26] = 2.82482e-01
dXdS[27] = 2.90661e-01
dXdS[28] = 2.99242e-01
dXdS[29] = 3.00457e-01
dXdS[30] = 3.00779e-01
dXdS[31] = 3.00074e-01
dXdS[32] = 2.98181e-01
dXdS[33] = 2.58580e-01
dXdS[34] = 5.06101e-01
dXdS[35] = 5.27059e-01
dXdS[36] = 5.38870e-01
dXdS[37] = 5.58276e-01
dXdS[38] = 5.67437e-01
dXdS[39] = 5.75679e-01
dXdS[40] = 5.85376e-01
dXdS[41] = 5.97571e-01
dXdS[42] = 6.09653e-01
dXdS[43] = 6.20234e-01
dXdS[44] = 6.35047e-01
dXdS[45] = 6.50126e-01
dXdS[46] = 6.71802e-01
dXdS[47] = 6.98361e-01
dXdS[48] = 1.00000e+00
dXdS[49] = -2.30268e-02
dXdS[50] = -1.46941e-01


Iteration: 144
Index of specified variable before Newton's method: 48
Temperature before Newton's method: 2.08580e+02 K
Pressure before Newton's method: 1.00258e+07 Pa
Interpolation Scheme: Polynomial (Cubic)
Mixed error in Newton's method (should be < 1): 8.28843e-02
Nº of Newton iterations: 1
Delta of specified variable for the next iteration: 2.00000e-01
Next Iteration variable updated index: 48
lnK[0]		lnK[1]		lnK[2]		lnK[3]		lnK[4]		lnK[5]		lnK[6]		lnK[7]		lnK[8]		lnK[9]		lnK[10]		lnK[11]		lnK[12]		lnK[13]		lnK[14]		lnK[15]		lnK[16]		lnK[17]		lnK[18]		lnK[19]		lnK[20]		lnK[21]		lnK[22]		lnK[23]		lnK[24]		lnK[25]		lnK[26]		lnK[27]		lnK[28]		lnK[29]		lnK[30]		lnK[31]		lnK[32]		lnK[33]		lnK[34]		lnK[35]		lnK[36]		lnK[37]		lnK[38]		lnK[39]		lnK[40]		lnK[41]		lnK[42]		lnK[43]		lnK[44]		lnK[45]		lnK[46]		lnK[47]		lnK[48]		lnT(K)		lnP(Pa)		
-5.09907e-01	-8.82235e-01	7.17657e-01	-3.21169e-01	5.47242e-01	-6.26762e-01	1.33493e+00	1.57658e+00	1.86520e+00	2.03229e+00	2.45207e+00	2.56184e+00	3.07720e+00	2.90724e+00	3.05978e+00	3.54460e+00	3.91620e+00	3.98170e+00	4.13620e+00	2.84737e+00	3.21794e+00	3.56037e+00	3.91686e+00	4.12672e+00	4.47579e+00	4.76600e+00	4.85957e+00	5.00186e+00	5.15282e+00	5.17009e+00	5.16908e+00	5.14701e+00	5.10065e+00	3.95451e+00	8.93492e+00	9.29965e+00	9.49143e+00	9.81946e+00	9.95365e+00	1.00680e+01	1.02146e+01	1.04157e+01	1.06145e+01	1.07812e+01	1.10393e+01	1.13036e+01	1.16868e+01	1.21539e+01	1.80040e+01	5.34032e+00	1.61207e+01
Sensitivity vector: 
dXdS[0] = -1.06767e-02
dXdS[1] = -2.69221e-02
dXdS[2] = 5.40254e-02
dXdS[3] = -2.30363e-03
dXdS[4] = 4.17926e-02
dXdS[5] = -1.19443e-02
dXdS[6] = 8.29635e-02
dXdS[7] = 9.52753e-02
dXdS[8] = 1.08187e-01
dXdS[9] = 1.19918e-01
dXdS[10] = 1.42983e-01
dXdS[11] = 1.39619e-01
dXdS[12] = 1.64622e-01
dXdS[13] = 1.56840e-01
dXdS[14] = 1.65633e-01
dXdS[15] = 1.89949e-01
dXdS[16] = 2.10218e-01
dXdS[17] = 2.14893e-01
dXdS[18] = 2.20974e-01
dXdS[19] = 1.65176e-01
dXdS[20] = 1.86561e-01
dXdS[21] = 2.06328e-01
dXdS[22] = 2.27606e-01
dXdS[23] = 2.40165e-01
dXdS[24] = 2.62088e-01
dXdS[25] = 2.77133e-01
dXdS[26] = 2.83198e-01
dXdS[27] = 2.91459e-01
dXdS[28] = 3.00134e-01
dXdS[29] = 3.01497e-01
dXdS[30] = 3.01984e-01
dXdS[31] = 3.01462e-01
dXdS[32] = 2.99774e-01
dXdS[33] = 2.62009e-01
dXdS[34] = 5.06162e-01
dXdS[35] = 5.27200e-01
dXdS[36] = 5.39213e-01
dXdS[37] = 5.58757e-01
dXdS[38] = 5.68145e-01
dXdS[39] = 5.76659e-01
dXdS[40] = 5.86602e-01
dXdS[41] = 5.99001e-01
dXdS[42] = 6.11317e-01
dXdS[43] = 6.22168e-01
dXdS[44] = 6.37180e-01
dXdS[45] = 6.52484e-01
dXdS[46] = 6.74366e-01
dXdS[47] = 7.01120e-01
dXdS[48] = 1.00000e+00
dXdS[49] = -2.23587e-02
dXdS[50] = -1.47047e-01


Iteration: 145
Index of specified variable before Newton's method: 48
Temperature before Newton's method: 2.07663e+02 K
Pressure before Newton's method: 9.73522e+06 Pa
Interpolation Scheme: Polynomial (Cubic)
Mixed error in Newton's method (should be < 1): 8.25517e-02
Nº of Newton iterations: 1
Delta of specified variable for the next iteration: 2.00000e-01
Next Iteration variable updated index: 48
lnK[0]		lnK[1]		lnK[2]		lnK[3]		lnK[4]		lnK[5]		lnK[6]		lnK[7]		lnK[8]		lnK[9]		lnK[10]		lnK[11]		lnK[12]		lnK[13]		lnK[14]		lnK[15]		lnK[16]		lnK[17]		lnK[18]		lnK[19]		lnK[20]		lnK[21]		lnK[22]		lnK[23]		lnK[24]		lnK[25]		lnK[26]		lnK[27]		lnK[28]		lnK[29]		lnK[30]		lnK[31]		lnK[32]		lnK[33]		lnK[34]		lnK[35]		lnK[36]		lnK[37]		lnK[38]		lnK[39]		lnK[40]		lnK[41]		lnK[42]		lnK[43]		lnK[44]		lnK[45]		lnK[46]		lnK[47]		lnK[48]		lnT(K)		lnP(Pa)		
-5.12042e-01	-8.87604e-01	7.28424e-01	-3.21625e-01	5.55590e-01	-6.29128e-01	1.35153e+00	1.59562e+00	1.88682e+00	2.05627e+00	2.48067e+00	2.58975e+00	3.11007e+00	2.93857e+00	3.09289e+00	3.58255e+00	3.95820e+00	4.02463e+00	4.18034e+00	2.88041e+00	3.25526e+00	3.60165e+00	3.96241e+00	4.17479e+00	4.52827e+00	4.82148e+00	4.91628e+00	5.06023e+00	5.21294e+00	5.23050e+00	5.22960e+00	5.20744e+00	5.16077e+00	4.00725e+00	9.03616e+00	9.40511e+00	9.59931e+00	9.93126e+00	1.00673e+01	1.01834e+01	1.03320e+01	1.05356e+01	1.07369e+01	1.09058e+01	1.11670e+01	1.14343e+01	1.18219e+01	1.22944e+01	1.82040e+01	5.33591e+00	1.60913e+01
Sensitivity vector: 
dXdS[0] = -1.06652e-02
dXdS[1] = -2.67629e-02
dXdS[2] = 5.36468e-02
dXdS[3] = -2.25852e-03
dXdS[4] = 4.16926e-02
dXdS[5] = -1.17148e-02
dXdS[6] = 8.29507e-02
dXdS[7] = 9.51761e-02
dXdS[8] = 1.08105e-01
dXdS[9] = 1.19849e-01
dXdS[10] = 1.42963e-01
dXdS[11] = 1.39469e-01
dXdS[12] = 1.64102e-01
dXdS[13] = 1.56535e-01
dXdS[14] = 1.65483e-01
dXdS[15] = 1.89473e-01
dXdS[16] = 2.09783e-01
dXdS[17] = 2.14456e-01
dXdS[18] = 2.20459e-01
dXdS[19] = 1.65215e-01
dXdS[20] = 1.86677e-01
dXdS[21] = 2.06533e-01
dXdS[22] = 2.27899e-01
dXdS[23] = 2.40543e-01
dXdS[24] = 2.62652e-01
dXdS[25] = 2.77661e-01
dXdS[26] = 2.83920e-01
dXdS[27] = 2.92264e-01
dXdS[28] = 3.01033e-01
dXdS[29] = 3.02546e-01
dXdS[30] = 3.03200e-01
dXdS[31] = 3.02864e-01
dXdS[32] = 3.01382e-01
dXdS[33] = 2.65470e-01
dXdS[34] = 5.06221e-01
dXdS[35] = 5.27341e-01
dXdS[36] = 5.39558e-01
dXdS[37] = 5.59241e-01
dXdS[38] = 5.68859e-01
dXdS[39] = 5.77646e-01
dXdS[40] = 5.87838e-01
dXdS[41] = 6.00443e-01
dXdS[42] = 6.12996e-01
dXdS[43] = 6.24120e-01
dXdS[44] = 6.39333e-01
dXdS[45] = 6.54865e-01
dXdS[46] = 6.76956e-01
dXdS[47] = 7.03905e-01
dXdS[48] = 1.00000e+00
dXdS[49] = -2.17008e-02
dXdS[50] = -1.47074e-01


