
Bubble Line Calculations
Phase stability calculation to find initial guesses Temperature and Vapor Molar Fraction

Starting Bubble Line (beta = 0) calculations

Iteration: 0
Index of specified variable before Newton's method: 10
Temperature before Newton's method: 3.60000e+02 K
Pressure before Newton's method: 6.07950e+05 Pa
Interpolation Scheme: Linear
Mixed error in Newton's method (should be < 1): 7.38021e-03
Nº of Newton iterations: 5
Delta of specified variable for the next iteration: 1.00000e-01
Next Iteration variable updated index: 10
lnK[0]		lnK[1]		lnK[2]		lnK[3]		lnK[4]		lnK[5]		lnK[6]		lnK[7]		lnK[8]		lnK[9]		lnT(K)		lnP(Pa)		
-6.58364e+00	-5.27038e+00	-6.77862e+00	-3.61221e+00	-3.34668e+00	-2.75795e+00	-2.43517e+00	-1.55436e+00	3.25745e-01	5.13893e+00	5.88610e+00	1.04685e+01
Sensitivity vector: 
dXdS[0] = 1.88044e+01
dXdS[1] = 1.65847e+01
dXdS[2] = 1.88305e+01
dXdS[3] = 1.38788e+01
dXdS[4] = 1.33892e+01
dXdS[5] = 1.25716e+01
dXdS[6] = 1.18300e+01
dXdS[7] = 1.03145e+01
dXdS[8] = 7.45873e+00
dXdS[9] = -5.11669e-01
dXdS[10] = 1.00000e+00
dXdS[11] = 2.01173e+01


Iteration: 1
Index of specified variable before Newton's method: 10
Temperature before Newton's method: 3.97862e+02 K
Pressure before Newton's method: 2.63090e+05 Pa
Interpolation Scheme: Linear
Mixed error in Newton's method (should be < 1): 3.11014e-07
Nº of Newton iterations: 4
Delta of specified variable for the next iteration: 2.50000e-02
Next Iteration variable updated index: 11
lnK[0]		lnK[1]		lnK[2]		lnK[3]		lnK[4]		lnK[5]		lnK[6]		lnK[7]		lnK[8]		lnK[9]		lnT(K)		lnP(Pa)		
-4.79079e+00	-3.69295e+00	-4.98052e+00	-2.29846e+00	-2.08003e+00	-1.57236e+00	-1.31975e+00	-5.85845e-01	1.01392e+00	5.05141e+00	5.98610e+00	1.23670e+01
Sensitivity vector: 
dXdS[0] = 1.73116e+01
dXdS[1] = 1.51800e+01
dXdS[2] = 1.73935e+01
dXdS[3] = 1.25533e+01
dXdS[4] = 1.20933e+01
dXdS[5] = 1.12693e+01
dXdS[6] = 1.05956e+01
dXdS[7] = 9.14128e+00
dXdS[8] = 6.32415e+00
dXdS[9] = -1.39546e+00
dXdS[10] = 1.00000e+00
dXdS[11] = 1.80885e+01


Iteration: 2
Index of specified variable before Newton's method: 11
Temperature before Newton's method: 4.07933e+02 K
Pressure before Newton's method: 3.69231e+05 Pa
Interpolation Scheme: Polynomial (Cubic)
Mixed error in Newton's method (should be < 1): 1.77965e-04
Nº of Newton iterations: 4
Delta of specified variable for the next iteration: 1.25000e-02
Next Iteration variable updated index: 11
lnK[0]		lnK[1]		lnK[2]		lnK[3]		lnK[4]		lnK[5]		lnK[6]		lnK[7]		lnK[8]		lnK[9]		lnT(K)		lnP(Pa)		
-4.76686e+00	-3.67197e+00	-4.95647e+00	-2.28111e+00	-2.06331e+00	-1.55679e+00	-1.30511e+00	-5.73214e-01	1.02265e+00	5.04946e+00	5.98749e+00	1.23920e+01
Sensitivity vector: 
dXdS[0] = 9.57490e-01
dXdS[1] = 8.39489e-01
dXdS[2] = 9.62077e-01
dXdS[3] = 6.94035e-01
dXdS[4] = 6.68583e-01
dXdS[5] = 6.22920e-01
dXdS[6] = 5.85666e-01
dXdS[7] = 5.05148e-01
dXdS[8] = 3.49105e-01
dXdS[9] = -7.83608e-02
dXdS[10] = 5.53314e-02
dXdS[11] = 1.00000e+00


Iteration: 3
Index of specified variable before Newton's method: 11
Temperature before Newton's method: 3.98698e+02 K
Pressure before Newton's method: 2.44008e+05 Pa
Interpolation Scheme: Polynomial (Cubic)
Mixed error in Newton's method (should be < 1): 9.82858e-03
Nº of Newton iterations: 2
Delta of specified variable for the next iteration: 2.50000e-02
Next Iteration variable updated index: 11
lnK[0]		lnK[1]		lnK[2]		lnK[3]		lnK[4]		lnK[5]		lnK[6]		lnK[7]		lnK[8]		lnK[9]		lnT(K)		lnP(Pa)		
-4.75489e+00	-3.66147e+00	-4.94444e+00	-2.27244e+00	-2.05496e+00	-1.54900e+00	-1.29779e+00	-5.66900e-01	1.02702e+00	5.04848e+00	5.98818e+00	1.24045e+01
Sensitivity vector: 
dXdS[0] = 9.57713e-01
dXdS[1] = 8.39631e-01
dXdS[2] = 9.62329e-01
dXdS[3] = 6.94055e-01
dXdS[4] = 6.68592e-01
dXdS[5] = 6.22876e-01
dXdS[6] = 5.85614e-01
dXdS[7] = 5.05038e-01
dXdS[8] = 3.48842e-01
dXdS[9] = -7.89762e-02
dXdS[10] = 5.53547e-02
dXdS[11] = 1.00000e+00


Iteration: 4
Index of specified variable before Newton's method: 11
Temperature before Newton's method: 3.99240e+02 K
Pressure before Newton's method: 2.50062e+05 Pa
Interpolation Scheme: Polynomial (Cubic)
Mixed error in Newton's method (should be < 1): 2.41197e-03
Nº of Newton iterations: 1
Delta of specified variable for the next iteration: 5.00000e-02
Next Iteration variable updated index: 11
lnK[0]		lnK[1]		lnK[2]		lnK[3]		lnK[4]		lnK[5]		lnK[6]		lnK[7]		lnK[8]		lnK[9]		lnT(K)		lnP(Pa)		
-4.73094e+00	-3.64048e+00	-4.92038e+00	-2.25509e+00	-2.03824e+00	-1.53343e+00	-1.28315e+00	-5.54277e-01	1.03573e+00	5.04649e+00	5.98956e+00	1.24295e+01
Sensitivity vector: 
dXdS[0] = 9.58162e-01
dXdS[1] = 8.39915e-01
dXdS[2] = 9.62836e-01
dXdS[3] = 6.94095e-01
dXdS[4] = 6.68609e-01
dXdS[5] = 6.22785e-01
dXdS[6] = 5.85509e-01
dXdS[7] = 5.04814e-01
dXdS[8] = 3.48309e-01
dXdS[9] = -8.02238e-02
dXdS[10] = 5.54001e-02
dXdS[11] = 1.00000e+00


Iteration: 5
Index of specified variable before Newton's method: 11
Temperature before Newton's method: 4.00348e+02 K
Pressure before Newton's method: 2.62883e+05 Pa
Interpolation Scheme: Polynomial (Cubic)
Mixed error in Newton's method (should be < 1): 3.97160e-02
Nº of Newton iterations: 1
Delta of specified variable for the next iteration: 1.00000e-01
Next Iteration variable updated index: 11
lnK[0]		lnK[1]		lnK[2]		lnK[3]		lnK[4]		lnK[5]		lnK[6]		lnK[7]		lnK[8]		lnK[9]		lnT(K)		lnP(Pa)		
-4.68301e+00	-3.59847e+00	-4.87221e+00	-2.22038e+00	-2.00481e+00	-1.50229e+00	-1.25388e+00	-5.29048e-01	1.05312e+00	5.04241e+00	5.99234e+00	1.24795e+01
Sensitivity vector: 
dXdS[0] = 9.59079e-01
dXdS[1] = 8.40494e-01
dXdS[2] = 9.63869e-01
dXdS[3] = 6.94170e-01
dXdS[4] = 6.68639e-01
dXdS[5] = 6.22594e-01
dXdS[6] = 5.85288e-01
dXdS[7] = 5.04350e-01
dXdS[8] = 3.47211e-01
dXdS[9] = -8.27871e-02
dXdS[10] = 5.54863e-02
dXdS[11] = 1.00000e+00


Iteration: 6
Index of specified variable before Newton's method: 11
Temperature before Newton's method: 4.02579e+02 K
Pressure before Newton's method: 2.90531e+05 Pa
Interpolation Scheme: Polynomial (Cubic)
Mixed error in Newton's method (should be < 1): 7.04448e-01
Nº of Newton iterations: 1
Delta of specified variable for the next iteration: 2.00000e-01
Next Iteration variable updated index: 11
lnK[0]		lnK[1]		lnK[2]		lnK[3]		lnK[4]		lnK[5]		lnK[6]		lnK[7]		lnK[8]		lnK[9]		lnT(K)		lnP(Pa)		
-4.58701e+00	-3.51436e+00	-4.77572e+00	-2.15096e+00	-1.93794e+00	-1.44006e+00	-1.19537e+00	-4.78662e-01	1.08773e+00	5.03387e+00	5.99789e+00	1.25795e+01
Sensitivity vector: 
dXdS[0] = 9.60982e-01
dXdS[1] = 8.41690e-01
dXdS[2] = 9.66013e-01
dXdS[3] = 6.94308e-01
dXdS[4] = 6.68682e-01
dXdS[5] = 6.22173e-01
dXdS[6] = 5.84802e-01
dXdS[7] = 5.03352e-01
dXdS[8] = 3.44884e-01
dXdS[9] = -8.82007e-02
dXdS[10] = 5.56382e-02
dXdS[11] = 1.00000e+00


Iteration: 7
Index of specified variable before Newton's method: 11
Temperature before Newton's method: 4.07094e+02 K
Pressure before Newton's method: 3.54855e+05 Pa
Interpolation Scheme: Polynomial (Cubic)
Mixed error in Newton's method (should be < 1): 3.57123e-05
Nº of Newton iterations: 2
Delta of specified variable for the next iteration: 2.00000e-01
Next Iteration variable updated index: 11
lnK[0]		lnK[1]		lnK[2]		lnK[3]		lnK[4]		lnK[5]		lnK[6]		lnK[7]		lnK[8]		lnK[9]		lnT(K)		lnP(Pa)		
-4.39441e+00	-3.34577e+00	-4.58206e+00	-2.01207e+00	-1.80420e+00	-1.31572e+00	-1.07853e+00	-3.78215e-01	1.15619e+00	5.01505e+00	6.00904e+00	1.27795e+01
Sensitivity vector: 
dXdS[0] = 9.65092e-01
dXdS[1] = 8.44243e-01
dXdS[2] = 9.70638e-01
dXdS[3] = 6.94516e-01
dXdS[4] = 6.68683e-01
dXdS[5] = 6.21152e-01
dXdS[6] = 5.83632e-01
dXdS[7] = 5.01045e-01
dXdS[8] = 3.39638e-01
dXdS[9] = -1.00300e-01
dXdS[10] = 5.58470e-02
dXdS[11] = 1.00000e+00


Iteration: 8
Index of specified variable before Newton's method: 11
Temperature before Newton's method: 4.11670e+02 K
Pressure before Newton's method: 4.33421e+05 Pa
Interpolation Scheme: Polynomial (Cubic)
Mixed error in Newton's method (should be < 1): 1.84533e-04
Nº of Newton iterations: 2
Delta of specified variable for the next iteration: 2.00000e-01
Next Iteration variable updated index: 11
lnK[0]		lnK[1]		lnK[2]		lnK[3]		lnK[4]		lnK[5]		lnK[6]		lnK[7]		lnK[8]		lnK[9]		lnT(K)		lnP(Pa)		
-4.20094e+00	-3.17665e+00	-4.38743e+00	-1.87316e+00	-1.67048e+00	-1.19161e+00	-9.61942e-01	-2.78277e-01	1.22352e+00	4.99362e+00	6.02022e+00	1.29795e+01
Sensitivity vector: 
dXdS[0] = 9.69655e-01
dXdS[1] = 8.47028e-01
dXdS[2] = 9.75766e-01
dXdS[3] = 6.94605e-01
dXdS[4] = 6.68540e-01
dXdS[5] = 6.19840e-01
dXdS[6] = 5.82140e-01
dXdS[7] = 4.98243e-01
dXdS[8] = 3.33467e-01
dXdS[9] = -1.14369e-01
dXdS[10] = 5.58999e-02
dXdS[11] = 1.00000e+00


Iteration: 9
Index of specified variable before Newton's method: 11
Temperature before Newton's method: 4.16294e+02 K
Pressure before Newton's method: 5.29382e+05 Pa
Interpolation Scheme: Polynomial (Cubic)
Mixed error in Newton's method (should be < 1): 3.93418e-04
Nº of Newton iterations: 2
Delta of specified variable for the next iteration: 2.00000e-01
Next Iteration variable updated index: 11
lnK[0]		lnK[1]		lnK[2]		lnK[3]		lnK[4]		lnK[5]		lnK[6]		lnK[7]		lnK[8]		lnK[9]		lnT(K)		lnP(Pa)		
-4.00651e+00	-3.00694e+00	-4.19171e+00	-1.73424e+00	-1.53680e+00	-1.06781e+00	-8.45696e-01	-1.78959e-01	1.28950e+00	4.96914e+00	6.03139e+00	1.31795e+01
Sensitivity vector: 
dXdS[0] = 9.74737e-01
dXdS[1] = 8.50066e-01
dXdS[2] = 9.81477e-01
dXdS[3] = 6.94530e-01
dXdS[4] = 6.68201e-01
dXdS[5] = 6.18158e-01
dXdS[6] = 5.80241e-01
dXdS[7] = 4.94827e-01
dXdS[8] = 3.26172e-01
dXdS[9] = -1.30809e-01
dXdS[10] = 5.57538e-02
dXdS[11] = 1.00000e+00


Iteration: 10
Index of specified variable before Newton's method: 11
Temperature before Newton's method: 4.20947e+02 K
Pressure before Newton's method: 6.46588e+05 Pa
Interpolation Scheme: Polynomial (Cubic)
Mixed error in Newton's method (should be < 1): 1.32162e-03
Nº of Newton iterations: 2
Delta of specified variable for the next iteration: 2.00000e-01
Next Iteration variable updated index: 11
lnK[0]		lnK[1]		lnK[2]		lnK[3]		lnK[4]		lnK[5]		lnK[6]		lnK[7]		lnK[8]		lnK[9]		lnT(K)		lnP(Pa)		
-3.81101e+00	-2.83660e+00	-3.99479e+00	-1.59536e+00	-1.40322e+00	-9.44383e-01	-7.29880e-01	-8.03971e-02	1.35390e+00	4.94110e+00	6.04250e+00	1.33795e+01
Sensitivity vector: 
dXdS[0] = 9.80417e-01
dXdS[1] = 8.53381e-01
dXdS[2] = 9.87865e-01
dXdS[3] = 6.94231e-01
dXdS[4] = 6.67597e-01
dXdS[5] = 6.16001e-01
dXdS[6] = 5.77824e-01
dXdS[7] = 4.90646e-01
dXdS[8] = 3.17494e-01
dXdS[9] = -1.50122e-01
dXdS[10] = 5.53553e-02
dXdS[11] = 1.00000e+00


Iteration: 11
Index of specified variable before Newton's method: 11
Temperature before Newton's method: 4.25605e+02 K
Pressure before Newton's method: 7.89745e+05 Pa
Interpolation Scheme: Polynomial (Cubic)
Mixed error in Newton's method (should be < 1): 5.11136e-03
Nº of Newton iterations: 2
Delta of specified variable for the next iteration: 2.00000e-01
Next Iteration variable updated index: 11
lnK[0]		lnK[1]		lnK[2]		lnK[3]		lnK[4]		lnK[5]		lnK[6]		lnK[7]		lnK[8]		lnK[9]		lnT(K)		lnP(Pa)		
-3.61430e+00	-2.66557e+00	-3.79652e+00	-1.45657e+00	-1.26979e+00	-8.21448e-01	-6.14611e-01	1.72354e-02	1.41639e+00	4.90886e+00	6.05351e+00	1.35795e+01
Sensitivity vector: 
dXdS[0] = 9.86793e-01
dXdS[1] = 8.56998e-01
dXdS[2] = 9.95050e-01
dXdS[3] = 6.93624e-01
dXdS[4] = 6.66637e-01
dXdS[5] = 6.13232e-01
dXdS[6] = 5.74742e-01
dXdS[7] = 4.85499e-01
dXdS[8] = 3.07104e-01
dXdS[9] = -1.72949e-01
dXdS[10] = 5.46372e-02
dXdS[11] = 1.00000e+00


Iteration: 12
Index of specified variable before Newton's method: 11
Temperature before Newton's method: 4.30237e+02 K
Pressure before Newton's method: 9.64596e+05 Pa
Interpolation Scheme: Polynomial (Cubic)
Mixed error in Newton's method (should be < 1): 1.86779e-03
Nº of Newton iterations: 2
Delta of specified variable for the next iteration: 2.00000e-01
Next Iteration variable updated index: 11
lnK[0]		lnK[1]		lnK[2]		lnK[3]		lnK[4]		lnK[5]		lnK[6]		lnK[7]		lnK[8]		lnK[9]		lnT(K)		lnP(Pa)		
-3.41624e+00	-2.49378e+00	-3.59671e+00	-1.31794e+00	-1.13659e+00	-6.99142e-01	-5.00041e-01	1.13721e-01	1.47660e+00	4.87163e+00	6.06433e+00	1.37795e+01
Sensitivity vector: 
dXdS[0] = 9.93990e-01
dXdS[1] = 8.60945e-01
dXdS[2] = 1.00318e+00
dXdS[3] = 6.92601e-01
dXdS[4] = 6.65194e-01
dXdS[5] = 6.09669e-01
dXdS[6] = 5.70801e-01
dXdS[7] = 4.79125e-01
dXdS[8] = 2.94572e-01
dXdS[9] = -2.00120e-01
dXdS[10] = 5.35149e-02
dXdS[11] = 1.00000e+00


Iteration: 13
Index of specified variable before Newton's method: 11
Temperature before Newton's method: 4.34800e+02 K
Pressure before Newton's method: 1.17816e+06 Pa
Interpolation Scheme: Polynomial (Cubic)
Mixed error in Newton's method (should be < 1): 1.99578e-03
Nº of Newton iterations: 2
Delta of specified variable for the next iteration: 2.00000e-01
Next Iteration variable updated index: 11
lnK[0]		lnK[1]		lnK[2]		lnK[3]		lnK[4]		lnK[5]		lnK[6]		lnK[7]		lnK[8]		lnK[9]		lnT(K)		lnP(Pa)		
-3.21664e+00	-2.32117e+00	-3.39517e+00	-1.17957e+00	-1.00375e+00	-5.77649e-01	-3.86365e-01	2.08781e-01	1.53404e+00	4.82845e+00	6.07488e+00	1.39795e+01
Sensitivity vector: 
dXdS[0] = 1.00216e+00
dXdS[1] = 8.65250e-01
dXdS[2] = 1.01247e+00
dXdS[3] = 6.91014e-01
dXdS[4] = 6.63101e-01
dXdS[5] = 6.05067e-01
dXdS[6] = 5.65740e-01
dXdS[7] = 4.71176e-01
dXdS[8] = 2.79327e-01
dXdS[9] = -2.32718e-01
dXdS[10] = 5.18808e-02
dXdS[11] = 1.00000e+00


Iteration: 14
Index of specified variable before Newton's method: 11
Temperature before Newton's method: 4.39240e+02 K
Pressure before Newton's method: 1.43901e+06 Pa
Interpolation Scheme: Polynomial (Cubic)
Mixed error in Newton's method (should be < 1): 2.99400e-03
Nº of Newton iterations: 2
Delta of specified variable for the next iteration: 2.00000e-01
Next Iteration variable updated index: 11
lnK[0]		lnK[1]		lnK[2]		lnK[3]		lnK[4]		lnK[5]		lnK[6]		lnK[7]		lnK[8]		lnK[9]		lnT(K)		lnP(Pa)		
-3.01529e+00	-2.14765e+00	-3.19163e+00	-1.04158e+00	-8.71412e-01	-4.57207e-01	-2.73842e-01	3.02055e-01	1.58809e+00	4.77809e+00	6.08504e+00	1.41795e+01
Sensitivity vector: 
dXdS[0] = 1.01153e+00
dXdS[1] = 8.69951e-01
dXdS[2] = 1.02317e+00
dXdS[3] = 6.88659e-01
dXdS[4] = 6.60126e-01
dXdS[5] = 5.99095e-01
dXdS[6] = 5.59206e-01
dXdS[7] = 4.61179e-01
dXdS[8] = 2.60607e-01
dXdS[9] = -2.72187e-01
dXdS[10] = 4.95965e-02
dXdS[11] = 1.00000e+00


Iteration: 15
Index of specified variable before Newton's method: 11
Temperature before Newton's method: 4.43488e+02 K
Pressure before Newton's method: 1.75761e+06 Pa
Interpolation Scheme: Polynomial (Cubic)
Mixed error in Newton's method (should be < 1): 5.50291e-03
Nº of Newton iterations: 2
Delta of specified variable for the next iteration: 2.00000e-01
Next Iteration variable updated index: 11
lnK[0]		lnK[1]		lnK[2]		lnK[3]		lnK[4]		lnK[5]		lnK[6]		lnK[7]		lnK[8]		lnK[9]		lnT(K)		lnP(Pa)		
-2.81193e+00	-1.97316e+00	-2.98578e+00	-9.04171e-01	-7.39782e-01	-3.38133e-01	-1.62813e-01	3.93073e-01	1.63798e+00	4.71899e+00	6.09467e+00	1.43795e+01
Sensitivity vector: 
dXdS[0] = 1.02237e+00
dXdS[1] = 8.75091e-01
dXdS[2] = 1.03566e+00
dXdS[3] = 6.85261e-01
dXdS[4] = 6.55947e-01
dXdS[5] = 5.91294e-01
dXdS[6] = 5.50711e-01
dXdS[7] = 4.48488e-01
dXdS[8] = 2.37365e-01
dXdS[9] = -3.20492e-01
dXdS[10] = 4.64820e-02
dXdS[11] = 1.00000e+00


Iteration: 16
Index of specified variable before Newton's method: 11
Temperature before Newton's method: 4.47453e+02 K
Pressure before Newton's method: 2.14675e+06 Pa
Interpolation Scheme: Polynomial (Cubic)
Mixed error in Newton's method (should be < 1): 1.26526e-02
Nº of Newton iterations: 2
Delta of specified variable for the next iteration: 2.00000e-01
Next Iteration variable updated index: 11
lnK[0]		lnK[1]		lnK[2]		lnK[3]		lnK[4]		lnK[5]		lnK[6]		lnK[7]		lnK[8]		lnK[9]		lnT(K)		lnP(Pa)		
-2.60622e+00	-1.79758e+00	-2.77721e+00	-7.67574e-01	-6.09144e-01	-2.20853e-01	-5.37341e-02	4.81211e-01	1.68264e+00	4.64912e+00	6.10356e+00	1.45795e+01
Sensitivity vector: 
dXdS[0] = 1.03510e+00
dXdS[1] = 8.80731e-01
dXdS[2] = 1.05047e+00
dXdS[3] = 6.80429e-01
dXdS[4] = 6.50111e-01
dXdS[5] = 5.81024e-01
dXdS[6] = 5.39568e-01
dXdS[7] = 4.32195e-01
dXdS[8] = 2.08142e-01
dXdS[9] = -3.80364e-01
dXdS[10] = 4.22990e-02
dXdS[11] = 1.00000e+00


Iteration: 17
Index of specified variable before Newton's method: 11
Temperature before Newton's method: 4.51017e+02 K
Pressure before Newton's method: 2.62204e+06 Pa
Interpolation Scheme: Polynomial (Cubic)
Mixed error in Newton's method (should be < 1): 3.45195e-02
Nº of Newton iterations: 2
Delta of specified variable for the next iteration: 2.00000e-01
Next Iteration variable updated index: 11
lnK[0]		lnK[1]		lnK[2]		lnK[3]		lnK[4]		lnK[5]		lnK[6]		lnK[7]		lnK[8]		lnK[9]		lnT(K)		lnP(Pa)		
-2.39772e+00	-1.62083e+00	-2.56539e+00	-6.32131e-01	-4.79891e-01	-1.05948e-01	5.27726e-02	5.65625e-01	1.72070e+00	4.56582e+00	6.11149e+00	1.47795e+01
Sensitivity vector: 
dXdS[0] = 1.05031e+00
dXdS[1] = 8.86954e-01
dXdS[2] = 1.06836e+00
dXdS[3] = 6.73606e-01
dXdS[4] = 6.41963e-01
dXdS[5] = 5.67359e-01
dXdS[6] = 5.24788e-01
dXdS[7] = 4.10989e-01
dXdS[8] = 1.70836e-01
dXdS[9] = -4.55712e-01
dXdS[10] = 3.67253e-02
dXdS[11] = 1.00000e+00


Iteration: 18
Index of specified variable before Newton's method: 11
Temperature before Newton's method: 4.54023e+02 K
Pressure before Newton's method: 3.20257e+06 Pa
Interpolation Scheme: Polynomial (Cubic)
Mixed error in Newton's method (should be < 1): 2.48483e-01
Nº of Newton iterations: 2
Delta of specified variable for the next iteration: 2.00000e-01
Next Iteration variable updated index: 11
lnK[0]		lnK[1]		lnK[2]		lnK[3]		lnK[4]		lnK[5]		lnK[6]		lnK[7]		lnK[8]		lnK[9]		lnT(K)		lnP(Pa)		
-2.18587e+00	-1.44276e+00	-2.34959e+00	-4.98318e-01	-3.52577e-01	5.77405e-03	1.55842e-01	6.45151e-01	1.75023e+00	4.46543e+00	6.11813e+00	1.49795e+01
Sensitivity vector: 
dXdS[0] = 1.06889e+00
dXdS[1] = 8.93884e-01
dXdS[2] = 1.09049e+00
dXdS[3] = 6.63962e-01
dXdS[4] = 6.30522e-01
dXdS[5] = 5.48921e-01
dXdS[6] = 5.04890e-01
dXdS[7] = 3.82915e-01
dXdS[8] = 1.22328e-01
dXdS[9] = -5.52324e-01
dXdS[10] = 2.93133e-02
dXdS[11] = 1.00000e+00


Iteration: 19
Index of specified variable before Newton's method: 11
Temperature before Newton's method: 4.56266e+02 K
Pressure before Newton's method: 3.91163e+06 Pa
Interpolation Scheme: Linear
Mixed error in Newton's method (should be < 1): 2.86033e-01
Nº of Newton iterations: 2
Delta of specified variable for the next iteration: 4.25758e-02
Next Iteration variable updated index: 2
lnK[0]		lnK[1]		lnK[2]		lnK[3]		lnK[4]		lnK[5]		lnK[6]		lnK[7]		lnK[8]		lnK[9]		lnT(K)		lnP(Pa)		
-1.96985e+00	-1.26321e+00	-2.12879e+00	-3.66819e-01	-2.28002e-01	1.13162e-01	2.54237e-01	7.18135e-01	1.76857e+00	4.34289e+00	6.12305e+00	1.51795e+01
Sensitivity vector: 
dXdS[0] = 1.09222e+00
dXdS[1] = 9.01693e-01
dXdS[2] = 1.11867e+00
dXdS[3] = 6.50204e-01
dXdS[4] = 6.14251e-01
dXdS[5] = 5.23569e-01
dXdS[6] = 4.77566e-01
dXdS[7] = 3.44932e-01
dXdS[8] = 5.77858e-02
dXdS[9] = -6.79121e-01
dXdS[10] = 1.94192e-02
dXdS[11] = 1.00000e+00


Iteration: 20
Index of specified variable before Newton's method: 2
Temperature before Newton's method: 4.56633e+02 K
Pressure before Newton's method: 4.08177e+06 Pa
Interpolation Scheme: Polynomial (Cubic)
Mixed error in Newton's method (should be < 1): 2.62428e-04
Nº of Newton iterations: 3
Delta of specified variable for the next iteration: 4.17243e-02
Next Iteration variable updated index: 2
lnK[0]		lnK[1]		lnK[2]		lnK[3]		lnK[4]		lnK[5]		lnK[6]		lnK[7]		lnK[8]		lnK[9]		lnT(K)		lnP(Pa)		
-1.92830e+00	-1.22896e+00	-2.08621e+00	-3.42201e-01	-2.04760e-01	1.32924e-01	2.72244e-01	7.31063e-01	1.77049e+00	4.31657e+00	6.12375e+00	1.52174e+01
Sensitivity vector: 
dXdS[0] = 9.75503e-01
dXdS[1] = 8.02993e-01
dXdS[2] = 1.00000e+00
dXdS[3] = 5.75136e-01
dXdS[4] = 5.42652e-01
dXdS[5] = 4.60234e-01
dXdS[6] = 4.18937e-01
dXdS[7] = 2.98906e-01
dXdS[8] = 3.83600e-02
dXdS[9] = -6.29075e-01
dXdS[10] = 1.52804e-02
dXdS[11] = 8.88963e-01


Iteration: 21
Index of specified variable before Newton's method: 2
Temperature before Newton's method: 4.56862e+02 K
Pressure before Newton's method: 4.21530e+06 Pa
Interpolation Scheme: Polynomial (Cubic)
Mixed error in Newton's method (should be < 1): 1.58873e-07
Nº of Newton iterations: 3
Delta of specified variable for the next iteration: 4.08898e-02
Next Iteration variable updated index: 2
lnK[0]		lnK[1]		lnK[2]		lnK[3]		lnK[4]		lnK[5]		lnK[6]		lnK[7]		lnK[8]		lnK[9]		lnT(K)		lnP(Pa)		
-1.88762e+00	-1.19552e+00	-2.04449e+00	-3.18334e-01	-1.82255e-01	1.51962e-01	2.89555e-01	7.43335e-01	1.77180e+00	4.28986e+00	6.12434e+00	1.52544e+01
Sensitivity vector: 
dXdS[0] = 9.74618e-01
dXdS[1] = 7.99856e-01
dXdS[2] = 1.00000e+00
dXdS[3] = 5.68890e-01
dXdS[4] = 5.36048e-01
dXdS[5] = 4.52249e-01
dXdS[6] = 4.10770e-01
dXdS[7] = 2.89240e-01
dXdS[8] = 2.47581e-02
dXdS[9] = -6.51540e-01
dXdS[10] = 1.31613e-02
dXdS[11] = 8.83927e-01


Iteration: 22
Index of specified variable before Newton's method: 2
Temperature before Newton's method: 4.57070e+02 K
Pressure before Newton's method: 4.37075e+06 Pa
Interpolation Scheme: Polynomial (Cubic)
Mixed error in Newton's method (should be < 1): 5.85325e-07
Nº of Newton iterations: 2
Delta of specified variable for the next iteration: 4.00720e-02
Next Iteration variable updated index: 2
lnK[0]		lnK[1]		lnK[2]		lnK[3]		lnK[4]		lnK[5]		lnK[6]		lnK[7]		lnK[8]		lnK[9]		lnT(K)		lnP(Pa)		
-1.84778e+00	-1.16288e+00	-2.00360e+00	-2.95201e-01	-1.60473e-01	1.70288e-01	3.06181e-01	7.54961e-01	1.77253e+00	4.26275e+00	6.12484e+00	1.52904e+01
Sensitivity vector: 
dXdS[0] = 9.73708e-01
dXdS[1] = 7.96633e-01
dXdS[2] = 1.00000e+00
dXdS[3] = 5.62497e-01
dXdS[4] = 5.29280e-01
dXdS[5] = 4.44074e-01
dXdS[6] = 4.02405e-01
dXdS[7] = 2.79345e-01
dXdS[8] = 1.08520e-02
dXdS[9] = -6.74471e-01
dXdS[10] = 1.10038e-02
dXdS[11] = 8.78814e-01


Iteration: 23
Index of specified variable before Newton's method: 2
Temperature before Newton's method: 4.57251e+02 K
Pressure before Newton's method: 4.52695e+06 Pa
Interpolation Scheme: Polynomial (Cubic)
Mixed error in Newton's method (should be < 1): 5.72311e-07
Nº of Newton iterations: 2
Delta of specified variable for the next iteration: 3.92706e-02
Next Iteration variable updated index: 2
lnK[0]		lnK[1]		lnK[2]		lnK[3]		lnK[4]		lnK[5]		lnK[6]		lnK[7]		lnK[8]		lnK[9]		lnT(K)		lnP(Pa)		
-1.80878e+00	-1.13102e+00	-1.96353e+00	-2.72791e-01	-1.39402e-01	1.87917e-01	3.22136e-01	7.65953e-01	1.77269e+00	4.23526e+00	6.12523e+00	1.53256e+01
Sensitivity vector: 
dXdS[0] = 9.72772e-01
dXdS[1] = 7.93324e-01
dXdS[2] = 1.00000e+00
dXdS[3] = 5.55955e-01
dXdS[4] = 5.22349e-01
dXdS[5] = 4.35711e-01
dXdS[6] = 3.93844e-01
dXdS[7] = 2.69224e-01
dXdS[8] = -3.35599e-03
dXdS[9] = -6.97864e-01
dXdS[10] = 8.80972e-03
dXdS[11] = 8.73627e-01


Iteration: 24
Index of specified variable before Newton's method: 2
Temperature before Newton's method: 4.57390e+02 K
Pressure before Newton's method: 4.68447e+06 Pa
Interpolation Scheme: Polynomial (Cubic)
Mixed error in Newton's method (should be < 1): 6.72082e-07
Nº of Newton iterations: 2
Delta of specified variable for the next iteration: 3.84852e-02
Next Iteration variable updated index: 2
lnK[0]		lnK[1]		lnK[2]		lnK[3]		lnK[4]		lnK[5]		lnK[6]		lnK[7]		lnK[8]		lnK[9]		lnT(K)		lnP(Pa)		
-1.77060e+00	-1.09994e+00	-1.92426e+00	-2.51089e-01	-1.19027e-01	2.04861e-01	3.37432e-01	7.76324e-01	1.77227e+00	4.20739e+00	6.12554e+00	1.53598e+01
Sensitivity vector: 
dXdS[0] = 9.71811e-01
dXdS[1] = 7.89929e-01
dXdS[2] = 1.00000e+00
dXdS[3] = 5.49268e-01
dXdS[4] = 5.15256e-01
dXdS[5] = 4.27162e-01
dXdS[6] = 3.85088e-01
dXdS[7] = 2.58876e-01
dXdS[8] = -1.78632e-02
dXdS[9] = -7.21713e-01
dXdS[10] = 6.58104e-03
dXdS[11] = 8.68367e-01


Iteration: 25
Index of specified variable before Newton's method: 2
Temperature before Newton's method: 4.57486e+02 K
Pressure before Newton's method: 4.84317e+06 Pa
Interpolation Scheme: Polynomial (Cubic)
Mixed error in Newton's method (should be < 1): 6.37650e-07
Nº of Newton iterations: 2
Delta of specified variable for the next iteration: 3.77154e-02
Next Iteration variable updated index: 2
lnK[0]		lnK[1]		lnK[2]		lnK[3]		lnK[4]		lnK[5]		lnK[6]		lnK[7]		lnK[8]		lnK[9]		lnT(K)		lnP(Pa)		
-1.73322e+00	-1.06960e+00	-1.88577e+00	-2.30081e-01	-9.93360e-02	2.21133e-01	3.52081e-01	7.86085e-01	1.77130e+00	4.17915e+00	6.12575e+00	1.53931e+01
Sensitivity vector: 
dXdS[0] = 9.70825e-01
dXdS[1] = 7.86447e-01
dXdS[2] = 1.00000e+00
dXdS[3] = 5.42435e-01
dXdS[4] = 5.08003e-01
dXdS[5] = 4.18427e-01
dXdS[6] = 3.76138e-01
dXdS[7] = 2.48305e-01
dXdS[8] = -3.26666e-02
dXdS[9] = -7.46013e-01
dXdS[10] = 4.31968e-03
dXdS[11] = 8.63035e-01


Iteration: 26
Index of specified variable before Newton's method: 2
Temperature before Newton's method: 4.57541e+02 K
Pressure before Newton's method: 5.00290e+06 Pa
Interpolation Scheme: Polynomial (Cubic)
Mixed error in Newton's method (should be < 1): 7.06950e-07
Nº of Newton iterations: 2
Delta of specified variable for the next iteration: 3.69611e-02
Next Iteration variable updated index: 2
lnK[0]		lnK[1]		lnK[2]		lnK[3]		lnK[4]		lnK[5]		lnK[6]		lnK[7]		lnK[8]		lnK[9]		lnT(K)		lnP(Pa)		
-1.69662e+00	-1.04001e+00	-1.84806e+00	-2.09753e-01	-8.03153e-02	2.36747e-01	3.66096e-01	7.95248e-01	1.76979e+00	4.15055e+00	6.12587e+00	1.54255e+01
Sensitivity vector: 
dXdS[0] = 9.69815e-01
dXdS[1] = 7.82881e-01
dXdS[2] = 1.00000e+00
dXdS[3] = 5.35458e-01
dXdS[4] = 5.00590e-01
dXdS[5] = 4.09510e-01
dXdS[6] = 3.66997e-01
dXdS[7] = 2.37512e-01
dXdS[8] = -4.77625e-02
dXdS[9] = -7.70757e-01
dXdS[10] = 2.02765e-03
dXdS[11] = 8.57633e-01


Iteration: 27
Index of specified variable before Newton's method: 2
Temperature before Newton's method: 4.57555e+02 K
Pressure before Newton's method: 5.16351e+06 Pa
Interpolation Scheme: Polynomial (Cubic)
Mixed error in Newton's method (should be < 1): 7.23099e-07
Nº of Newton iterations: 2
Delta of specified variable for the next iteration: 3.62219e-02
Next Iteration variable updated index: 2
lnK[0]		lnK[1]		lnK[2]		lnK[3]		lnK[4]		lnK[5]		lnK[6]		lnK[7]		lnK[8]		lnK[9]		lnT(K)		lnP(Pa)		
-1.66080e+00	-1.01114e+00	-1.81110e+00	-1.90093e-01	-6.19519e-02	2.51716e-01	3.79490e-01	8.03824e-01	1.76774e+00	4.12160e+00	6.12590e+00	1.54571e+01
Sensitivity vector: 
dXdS[0] = 9.68781e-01
dXdS[1] = 7.79231e-01
dXdS[2] = 1.00000e+00
dXdS[3] = 5.28340e-01
dXdS[4] = 4.93019e-01
dXdS[5] = 4.00412e-01
dXdS[6] = 3.57666e-01
dXdS[7] = 2.26499e-01
dXdS[8] = -6.31469e-02
dXdS[9] = -7.95940e-01
dXdS[10] = -2.93046e-04
dXdS[11] = 8.52166e-01


Iteration: 28
Index of specified variable before Newton's method: 2
Temperature before Newton's method: 4.57531e+02 K
Pressure before Newton's method: 5.32485e+06 Pa
Interpolation Scheme: Polynomial (Cubic)
Mixed error in Newton's method (should be < 1): 1.35647e-06
Nº of Newton iterations: 2
Delta of specified variable for the next iteration: 3.54975e-02
Next Iteration variable updated index: 2
lnK[0]		lnK[1]		lnK[2]		lnK[3]		lnK[4]		lnK[5]		lnK[6]		lnK[7]		lnK[8]		lnK[9]		lnT(K)		lnP(Pa)		
-1.62573e+00	-9.82980e-01	-1.77487e+00	-1.71086e-01	-4.42328e-02	2.66053e-01	3.92274e-01	8.11827e-01	1.76517e+00	4.09231e+00	6.12585e+00	1.54879e+01
Sensitivity vector: 
dXdS[0] = 9.67724e-01
dXdS[1] = 7.75498e-01
dXdS[2] = 1.00000e+00
dXdS[3] = 5.21083e-01
dXdS[4] = 4.85293e-01
dXdS[5] = 3.91136e-01
dXdS[6] = 3.48148e-01
dXdS[7] = 2.15271e-01
dXdS[8] = -7.88154e-02
dXdS[9] = -8.21553e-01
dXdS[10] = -2.64036e-03
dXdS[11] = 8.46634e-01


Iteration: 29
Index of specified variable before Newton's method: 2
Temperature before Newton's method: 4.57469e+02 K
Pressure before Newton's method: 5.48677e+06 Pa
Interpolation Scheme: Polynomial (Cubic)
Mixed error in Newton's method (should be < 1): 2.42117e-06
Nº of Newton iterations: 2
Delta of specified variable for the next iteration: 3.47875e-02
Next Iteration variable updated index: 2
lnK[0]		lnK[1]		lnK[2]		lnK[3]		lnK[4]		lnK[5]		lnK[6]		lnK[7]		lnK[8]		lnK[9]		lnT(K)		lnP(Pa)		
-1.59139e+00	-9.55519e-01	-1.73938e+00	-1.52719e-01	-2.71450e-02	2.79771e-01	4.04461e-01	8.19266e-01	1.76209e+00	4.06269e+00	6.12571e+00	1.55178e+01
Sensitivity vector: 
dXdS[0] = 9.66644e-01
dXdS[1] = 7.71683e-01
dXdS[2] = 1.00000e+00
dXdS[3] = 5.13688e-01
dXdS[4] = 4.77414e-01
dXdS[5] = 3.81685e-01
dXdS[6] = 3.38445e-01
dXdS[7] = 2.03828e-01
dXdS[8] = -9.47633e-02
dXdS[9] = -8.47588e-01
dXdS[10] = -5.01224e-03
dXdS[11] = 8.41041e-01


Iteration: 30
Index of specified variable before Newton's method: 2
Temperature before Newton's method: 4.57370e+02 K
Pressure before Newton's method: 5.64912e+06 Pa
Interpolation Scheme: Polynomial (Cubic)
Mixed error in Newton's method (should be < 1): 4.11805e-05
Nº of Newton iterations: 2
Delta of specified variable for the next iteration: 3.40918e-02
Next Iteration variable updated index: 2
lnK[0]		lnK[1]		lnK[2]		lnK[3]		lnK[4]		lnK[5]		lnK[6]		lnK[7]		lnK[8]		lnK[9]		lnT(K)		lnP(Pa)		
-1.55778e+00	-9.28741e-01	-1.70459e+00	-1.34979e-01	-1.06757e-02	2.92882e-01	4.16064e-01	8.26156e-01	1.75851e+00	4.03274e+00	6.12549e+00	1.55470e+01
Sensitivity vector: 
dXdS[0] = 9.65542e-01
dXdS[1] = 7.67788e-01
dXdS[2] = 1.00000e+00
dXdS[3] = 5.06158e-01
dXdS[4] = 4.69385e-01
dXdS[5] = 3.72063e-01
dXdS[6] = 3.28561e-01
dXdS[7] = 1.92177e-01
dXdS[8] = -1.10985e-01
dXdS[9] = -8.74038e-01
dXdS[10] = -7.40665e-03
dXdS[11] = 8.35391e-01


Iteration: 31
Index of specified variable before Newton's method: 2
Temperature before Newton's method: 4.57236e+02 K
Pressure before Newton's method: 5.81175e+06 Pa
Interpolation Scheme: Polynomial (Cubic)
Mixed error in Newton's method (should be < 1): 2.25481e-06
Nº of Newton iterations: 2
Delta of specified variable for the next iteration: 3.34099e-02
Next Iteration variable updated index: 2
lnK[0]		lnK[1]		lnK[2]		lnK[3]		lnK[4]		lnK[5]		lnK[6]		lnK[7]		lnK[8]		lnK[9]		lnT(K)		lnP(Pa)		
-1.52489e+00	-9.02633e-01	-1.67050e+00	-1.17853e-01	5.18795e-03	3.05401e-01	4.27095e-01	8.32506e-01	1.75445e+00	4.00249e+00	6.12520e+00	1.55754e+01
Sensitivity vector: 
dXdS[0] = 9.64418e-01
dXdS[1] = 7.63814e-01
dXdS[2] = 1.00000e+00
dXdS[3] = 4.98496e-01
dXdS[4] = 4.61208e-01
dXdS[5] = 3.62273e-01
dXdS[6] = 3.18498e-01
dXdS[7] = 1.80319e-01
dXdS[8] = -1.27476e-01
dXdS[9] = -9.00893e-01
dXdS[10] = -9.82154e-03
dXdS[11] = 8.29688e-01


Iteration: 32
Index of specified variable before Newton's method: 2
Temperature before Newton's method: 4.57068e+02 K
Pressure before Newton's method: 5.97454e+06 Pa
Interpolation Scheme: Polynomial (Cubic)
Mixed error in Newton's method (should be < 1): 9.90948e-07
Nº of Newton iterations: 2
Delta of specified variable for the next iteration: 3.27417e-02
Next Iteration variable updated index: 2
lnK[0]		lnK[1]		lnK[2]		lnK[3]		lnK[4]		lnK[5]		lnK[6]		lnK[7]		lnK[8]		lnK[9]		lnT(K)		lnP(Pa)		
-1.49268e+00	-8.77181e-01	-1.63709e+00	-1.01328e-01	2.04587e-02	3.17339e-01	4.37566e-01	8.38331e-01	1.74991e+00	3.97194e+00	6.12483e+00	1.56030e+01
Sensitivity vector: 
dXdS[0] = 9.63274e-01
dXdS[1] = 7.59762e-01
dXdS[2] = 1.00000e+00
dXdS[3] = 4.90704e-01
dXdS[4] = 4.52885e-01
dXdS[5] = 3.52318e-01
dXdS[6] = 3.08262e-01
dXdS[7] = 1.68258e-01
dXdS[8] = -1.44230e-01
dXdS[9] = -9.28145e-01
dXdS[10] = -1.22549e-02
dXdS[11] = 8.23934e-01


Iteration: 33
Index of specified variable before Newton's method: 2
Temperature before Newton's method: 4.56866e+02 K
Pressure before Newton's method: 6.13733e+06 Pa
Interpolation Scheme: Polynomial (Cubic)
Mixed error in Newton's method (should be < 1): 7.18490e-07
Nº of Newton iterations: 2
Delta of specified variable for the next iteration: 3.20869e-02
Next Iteration variable updated index: 2
lnK[0]		lnK[1]		lnK[2]		lnK[3]		lnK[4]		lnK[5]		lnK[6]		lnK[7]		lnK[8]		lnK[9]		lnT(K)		lnP(Pa)		
-1.46116e+00	-8.52372e-01	-1.60435e+00	-8.53904e-02	3.51493e-02	3.28710e-01	4.47489e-01	8.43640e-01	1.74491e+00	3.94110e+00	6.12439e+00	1.56299e+01
Sensitivity vector: 
dXdS[0] = 9.62111e-01
dXdS[1] = 7.55635e-01
dXdS[2] = 1.00000e+00
dXdS[3] = 4.82787e-01
dXdS[4] = 4.44421e-01
dXdS[5] = 3.42203e-01
dXdS[6] = 2.97854e-01
dXdS[7] = 1.56000e-01
dXdS[8] = -1.61240e-01
dXdS[9] = -9.55784e-01
dXdS[10] = -1.47047e-02
dXdS[11] = 8.18135e-01


Iteration: 34
Index of specified variable before Newton's method: 2
Temperature before Newton's method: 4.56633e+02 K
Pressure before Newton's method: 6.29998e+06 Pa
Interpolation Scheme: Polynomial (Cubic)
Mixed error in Newton's method (should be < 1): 5.07231e-07
Nº of Newton iterations: 2
Delta of specified variable for the next iteration: 3.14452e-02
Next Iteration variable updated index: 2
lnK[0]		lnK[1]		lnK[2]		lnK[3]		lnK[4]		lnK[5]		lnK[6]		lnK[7]		lnK[8]		lnK[9]		lnT(K)		lnP(Pa)		
-1.43031e+00	-8.28193e-01	-1.57226e+00	-7.00275e-02	4.92722e-02	3.39526e-01	4.56878e-01	8.48447e-01	1.73946e+00	3.90998e+00	6.12388e+00	1.56561e+01
Sensitivity vector: 
dXdS[0] = 9.60929e-01
dXdS[1] = 7.51435e-01
dXdS[2] = 1.00000e+00
dXdS[3] = 4.74747e-01
dXdS[4] = 4.35819e-01
dXdS[5] = 3.31932e-01
dXdS[6] = 2.87279e-01
dXdS[7] = 1.43549e-01
dXdS[8] = -1.78500e-01
dXdS[9] = -9.83801e-01
dXdS[10] = -1.71691e-02
dXdS[11] = 8.12294e-01


Iteration: 35
Index of specified variable before Newton's method: 2
Temperature before Newton's method: 4.56368e+02 K
Pressure before Newton's method: 6.46238e+06 Pa
Interpolation Scheme: Polynomial (Cubic)
Mixed error in Newton's method (should be < 1): 5.65808e-07
Nº of Newton iterations: 2
Delta of specified variable for the next iteration: 3.08163e-02
Next Iteration variable updated index: 2
lnK[0]		lnK[1]		lnK[2]		lnK[3]		lnK[4]		lnK[5]		lnK[6]		lnK[7]		lnK[8]		lnK[9]		lnT(K)		lnP(Pa)		
-1.40011e+00	-8.04631e-01	-1.54081e+00	-5.52266e-02	6.28400e-02	3.49801e-01	4.65744e-01	8.52764e-01	1.73358e+00	3.87861e+00	6.12330e+00	1.56815e+01
Sensitivity vector: 
dXdS[0] = 9.59729e-01
dXdS[1] = 7.47164e-01
dXdS[2] = 1.00000e+00
dXdS[3] = 4.66587e-01
dXdS[4] = 4.27083e-01
dXdS[5] = 3.21509e-01
dXdS[6] = 2.76541e-01
dXdS[7] = 1.30909e-01
dXdS[8] = -1.96004e-01
dXdS[9] = -1.01218e+00
dXdS[10] = -1.96460e-02
dXdS[11] = 8.06416e-01


Iteration: 36
Index of specified variable before Newton's method: 2
Temperature before Newton's method: 4.56075e+02 K
Pressure before Newton's method: 6.62439e+06 Pa
Interpolation Scheme: Polynomial (Cubic)
Mixed error in Newton's method (should be < 1): 4.47051e-07
Nº of Newton iterations: 2
Delta of specified variable for the next iteration: 3.01999e-02
Next Iteration variable updated index: 2
lnK[0]		lnK[1]		lnK[2]		lnK[3]		lnK[4]		lnK[5]		lnK[6]		lnK[7]		lnK[8]		lnK[9]		lnT(K)		lnP(Pa)		
-1.37056e+00	-7.81673e-01	-1.51000e+00	-4.09749e-02	7.58653e-02	3.59547e-01	4.74099e-01	8.56601e-01	1.72727e+00	3.84697e+00	6.12266e+00	1.57063e+01
Sensitivity vector: 
dXdS[0] = 9.58513e-01
dXdS[1] = 7.42823e-01
dXdS[2] = 1.00000e+00
dXdS[3] = 4.58311e-01
dXdS[4] = 4.18215e-01
dXdS[5] = 3.10938e-01
dXdS[6] = 2.65645e-01
dXdS[7] = 1.18085e-01
dXdS[8] = -2.13745e-01
dXdS[9] = -1.04093e+00
dXdS[10] = -2.21337e-02
dXdS[11] = 8.00505e-01


Iteration: 37
Index of specified variable before Newton's method: 2
Temperature before Newton's method: 4.55753e+02 K
Pressure before Newton's method: 6.78588e+06 Pa
Interpolation Scheme: Polynomial (Cubic)
Mixed error in Newton's method (should be < 1): 1.27293e-06
Nº of Newton iterations: 2
Delta of specified variable for the next iteration: 2.95959e-02
Next Iteration variable updated index: 2
lnK[0]		lnK[1]		lnK[2]		lnK[3]		lnK[4]		lnK[5]		lnK[6]		lnK[7]		lnK[8]		lnK[9]		lnT(K)		lnP(Pa)		
-1.34163e+00	-7.59306e-01	-1.47980e+00	-2.72599e-02	8.83603e-02	3.68776e-01	4.81955e-01	8.59972e-01	1.72054e+00	3.81510e+00	6.12195e+00	1.57304e+01
Sensitivity vector: 
dXdS[0] = 9.57281e-01
dXdS[1] = 7.38416e-01
dXdS[2] = 1.00000e+00
dXdS[3] = 4.49923e-01
dXdS[4] = 4.09221e-01
dXdS[5] = 3.00225e-01
dXdS[6] = 2.54595e-01
dXdS[7] = 1.05082e-01
dXdS[8] = -2.31716e-01
dXdS[9] = -1.07001e+00
dXdS[10] = -2.46303e-02
dXdS[11] = 7.94568e-01


Iteration: 38
Index of specified variable before Newton's method: 2
Temperature before Newton's method: 4.55404e+02 K
Pressure before Newton's method: 6.94674e+06 Pa
Interpolation Scheme: Polynomial (Cubic)
Mixed error in Newton's method (should be < 1): 2.57166e-06
Nº of Newton iterations: 2
Delta of specified variable for the next iteration: 2.90040e-02
Next Iteration variable updated index: 2
lnK[0]		lnK[1]		lnK[2]		lnK[3]		lnK[4]		lnK[5]		lnK[6]		lnK[7]		lnK[8]		lnK[9]		lnT(K)		lnP(Pa)		
-1.31332e+00	-7.37517e-01	-1.45020e+00	-1.40690e-02	1.00337e-01	3.77502e-01	4.89325e-01	8.62888e-01	1.71342e+00	3.78300e+00	6.12119e+00	1.57538e+01
Sensitivity vector: 
dXdS[0] = 9.56034e-01
dXdS[1] = 7.33944e-01
dXdS[2] = 1.00000e+00
dXdS[3] = 4.41426e-01
dXdS[4] = 4.00103e-01
dXdS[5] = 2.89375e-01
dXdS[6] = 2.43396e-01
dXdS[7] = 9.19061e-02
dXdS[8] = -2.49908e-01
dXdS[9] = -1.09944e+00
dXdS[10] = -2.71341e-02
dXdS[11] = 7.88607e-01


Iteration: 39
Index of specified variable before Newton's method: 2
Temperature before Newton's method: 4.55029e+02 K
Pressure before Newton's method: 7.10684e+06 Pa
Interpolation Scheme: Linear
Mixed error in Newton's method (should be < 1): 1.42997e-06
Nº of Newton iterations: 2
Delta of specified variable for the next iteration: 2.90040e-02
Next Iteration variable updated index: 9
lnK[0]		lnK[1]		lnK[2]		lnK[3]		lnK[4]		lnK[5]		lnK[6]		lnK[7]		lnK[8]		lnK[9]		lnT(K)		lnP(Pa)		
-1.28560e+00	-7.16295e-01	-1.42120e+00	-1.38995e-03	1.11809e-01	3.85736e-01	4.96221e-01	8.65361e-01	1.70590e+00	3.75068e+00	6.12036e+00	1.57766e+01
Sensitivity vector: 
dXdS[0] = 9.54775e-01
dXdS[1] = 7.29410e-01
dXdS[2] = 1.00000e+00
dXdS[3] = 4.32825e-01
dXdS[4] = 3.90867e-01
dXdS[5] = 2.78391e-01
dXdS[6] = 2.32052e-01
dXdS[7] = 7.85616e-02
dXdS[8] = -2.68316e-01
dXdS[9] = -1.12919e+00
dXdS[10] = -2.96434e-02
dXdS[11] = 7.82629e-01


Iteration: 40
Index of specified variable before Newton's method: 9
Temperature before Newton's method: 4.54638e+02 K
Pressure before Newton's method: 7.27001e+06 Pa
Interpolation Scheme: Polynomial (Cubic)
Mixed error in Newton's method (should be < 1): 1.29546e-03
Nº of Newton iterations: 3
Delta of specified variable for the next iteration: 2.90040e-02
Next Iteration variable updated index: 9
lnK[0]		lnK[1]		lnK[2]		lnK[3]		lnK[4]		lnK[5]		lnK[6]		lnK[7]		lnK[8]		lnK[9]		lnT(K)		lnP(Pa)		
-1.26138e+00	-6.97831e-01	-1.39581e+00	9.49958e-03	1.21626e-01	3.92678e-01	5.01983e-01	8.67204e-01	1.69888e+00	3.72168e+00	6.11958e+00	1.57964e+01
Sensitivity vector: 
dXdS[0] = -8.24949e-01
dXdS[1] = -6.27435e-01
dXdS[2] = -8.65053e-01
dXdS[3] = -3.67704e-01
dXdS[4] = -3.30908e-01
dXdS[5] = -2.32253e-01
dXdS[6] = -1.91881e-01
dXdS[7] = -5.75423e-02
dXdS[8] = 2.46466e-01
dXdS[9] = 1.00000e+00
dXdS[10] = 2.75826e-02
dXdS[11] = -6.72393e-01


Iteration: 41
Index of specified variable before Newton's method: 9
Temperature before Newton's method: 4.54312e+02 K
Pressure before Newton's method: 7.39103e+06 Pa
Interpolation Scheme: Polynomial (Cubic)
Mixed error in Newton's method (should be < 1): 2.08517e-08
Nº of Newton iterations: 3
Delta of specified variable for the next iteration: 2.90040e-02
Next Iteration variable updated index: 9
lnK[0]		lnK[1]		lnK[2]		lnK[3]		lnK[4]		lnK[5]		lnK[6]		lnK[7]		lnK[8]		lnK[9]		lnT(K)		lnP(Pa)		
-1.23774e+00	-6.79892e-01	-1.37101e+00	1.99461e-02	1.31010e-01	3.99215e-01	5.07357e-01	8.68704e-01	1.69161e+00	3.69267e+00	6.11876e+00	1.58156e+01
Sensitivity vector: 
dXdS[0] = -8.05222e-01
dXdS[1] = -6.09680e-01
dXdS[2] = -8.45374e-01
dXdS[3] = -3.52750e-01
dXdS[4] = -3.16296e-01
dXdS[5] = -2.18556e-01
dXdS[6] = -1.78816e-01
dXdS[7] = -4.60006e-02
dXdS[8] = 2.54951e-01
dXdS[9] = 1.00000e+00
dXdS[10] = 2.88422e-02
dXdS[11] = -6.52597e-01


Iteration: 42
Index of specified variable before Newton's method: 9
Temperature before Newton's method: 4.53914e+02 K
Pressure before Newton's method: 7.52870e+06 Pa
Interpolation Scheme: Polynomial (Cubic)
Mixed error in Newton's method (should be < 1): 1.38449e-06
Nº of Newton iterations: 2
Delta of specified variable for the next iteration: 5.80080e-02
Next Iteration variable updated index: 9
lnK[0]		lnK[1]		lnK[2]		lnK[3]		lnK[4]		lnK[5]		lnK[6]		lnK[7]		lnK[8]		lnK[9]		lnT(K)		lnP(Pa)		
-1.21466e+00	-6.62457e-01	-1.34677e+00	2.99678e-02	1.39979e-01	4.05362e-01	5.12361e-01	8.69877e-01	1.68409e+00	3.66367e+00	6.11791e+00	1.58342e+01
Sensitivity vector: 
dXdS[0] = -7.86306e-01
dXdS[1] = -5.92648e-01
dXdS[2] = -8.26503e-01
dXdS[3] = -3.38404e-01
dXdS[4] = -3.02273e-01
dXdS[5] = -2.05415e-01
dXdS[6] = -1.66276e-01
dXdS[7] = -3.49195e-02
dXdS[8] = 2.63096e-01
dXdS[9] = 1.00000e+00
dXdS[10] = 3.00352e-02
dXdS[11] = -6.33650e-01


Iteration: 43
Index of specified variable before Newton's method: 9
Temperature before Newton's method: 4.53095e+02 K
Pressure before Newton's method: 7.80243e+06 Pa
Interpolation Scheme: Polynomial (Cubic)
Mixed error in Newton's method (should be < 1): 6.01740e-05
Nº of Newton iterations: 2
Delta of specified variable for the next iteration: 7.21132e-02
Next Iteration variable updated index: 9
lnK[0]		lnK[1]		lnK[2]		lnK[3]		lnK[4]		lnK[5]		lnK[6]		lnK[7]		lnK[8]		lnK[9]		lnT(K)		lnP(Pa)		
-1.17010e+00	-6.29021e-01	-1.29987e+00	4.88042e-02	1.56737e-01	4.16550e-01	5.21312e-01	8.71288e-01	1.66838e+00	3.60566e+00	6.11610e+00	1.58699e+01
Sensitivity vector: 
dXdS[0] = -7.50719e-01
dXdS[1] = -5.60583e-01
dXdS[2] = -7.90995e-01
dXdS[3] = -3.11397e-01
dXdS[4] = -2.75863e-01
dXdS[5] = -1.80675e-01
dXdS[6] = -1.42649e-01
dXdS[7] = -1.40349e-02
dXdS[8] = 2.78438e-01
dXdS[9] = 1.00000e+00
dXdS[10] = 3.22368e-02
dXdS[11] = -5.98104e-01


Iteration: 44
Index of specified variable before Newton's method: 9
Temperature before Newton's method: 4.52002e+02 K
Pressure before Newton's method: 8.13434e+06 Pa
Interpolation Scheme: Polynomial (Cubic)
Mixed error in Newton's method (should be < 1): 4.33871e-04
Nº of Newton iterations: 2
Delta of specified variable for the next iteration: 7.06710e-02
Next Iteration variable updated index: 9
lnK[0]		lnK[1]		lnK[2]		lnK[3]		lnK[4]		lnK[5]		lnK[6]		lnK[7]		lnK[8]		lnK[9]		lnT(K)		lnP(Pa)		
-1.11744e+00	-5.89933e-01	-1.24430e+00	7.01335e-02	1.75529e-01	4.28547e-01	5.30612e-01	8.71428e-01	1.64766e+00	3.53355e+00	6.11369e+00	1.59116e+01
Sensitivity vector: 
dXdS[0] = -7.10232e-01
dXdS[1] = -5.24071e-01
dXdS[2] = -7.50583e-01
dXdS[3] = -2.80644e-01
dXdS[4] = -2.45770e-01
dXdS[5] = -1.52500e-01
dXdS[6] = -1.15714e-01
dXdS[7] = 9.78845e-03
dXdS[8] = 2.95924e-01
dXdS[9] = 1.00000e+00
dXdS[10] = 3.46667e-02
dXdS[11] = -5.57846e-01


Iteration: 45
Index of specified variable before Newton's method: 9
Temperature before Newton's method: 4.50862e+02 K
Pressure before Newton's method: 8.45058e+06 Pa
Interpolation Scheme: Polynomial (Cubic)
Mixed error in Newton's method (should be < 1): 3.56436e-04
Nº of Newton iterations: 2
Delta of specified variable for the next iteration: 6.92575e-02
Next Iteration variable updated index: 9
lnK[0]		lnK[1]		lnK[2]		lnK[3]		lnK[4]		lnK[5]		lnK[6]		lnK[7]		lnK[8]		lnK[9]		lnT(K)		lnP(Pa)		
-1.06855e+00	-5.54067e-01	-1.19255e+00	8.89816e-02	1.91933e-01	4.38422e-01	5.37926e-01	8.69972e-01	1.62619e+00	3.46288e+00	6.11116e+00	1.59497e+01
Sensitivity vector: 
dXdS[0] = -6.74095e-01
dXdS[1] = -4.91452e-01
dXdS[2] = -7.14496e-01
dXdS[3] = -2.53171e-01
dXdS[4] = -2.18867e-01
dXdS[5] = -1.27329e-01
dXdS[6] = -9.16214e-02
dXdS[7] = 3.11109e-02
dXdS[8] = 3.11558e-01
dXdS[9] = 1.00000e+00
dXdS[10] = 3.67600e-02
dXdS[11] = -5.22109e-01


Iteration: 46
Index of specified variable before Newton's method: 9
Temperature before Newton's method: 4.49687e+02 K
Pressure before Newton's method: 8.75192e+06 Pa
Interpolation Scheme: Polynomial (Cubic)
Mixed error in Newton's method (should be < 1): 1.94441e-04
Nº of Newton iterations: 2
Delta of specified variable for the next iteration: 6.78724e-02
Next Iteration variable updated index: 9
lnK[0]		lnK[1]		lnK[2]		lnK[3]		lnK[4]		lnK[5]		lnK[6]		lnK[7]		lnK[8]		lnK[9]		lnT(K)		lnP(Pa)		
-1.02300e+00	-5.21059e-01	-1.14421e+00	1.05649e-01	2.06242e-01	4.46447e-01	5.43510e-01	8.67144e-01	1.60412e+00	3.39362e+00	6.10855e+00	1.59848e+01
Sensitivity vector: 
dXdS[0] = -6.41659e-01
dXdS[1] = -4.62148e-01
dXdS[2] = -6.82083e-01
dXdS[3] = -2.28491e-01
dXdS[4] = -1.94685e-01
dXdS[5] = -1.04720e-01
dXdS[6] = -6.99530e-02
dXdS[7] = 5.03000e-02
dXdS[8] = 3.25610e-01
dXdS[9] = 1.00000e+00
dXdS[10] = 3.85718e-02
dXdS[11] = -4.90217e-01


Iteration: 47
Index of specified variable before Newton's method: 9
Temperature before Newton's method: 4.48487e+02 K
Pressure before Newton's method: 9.03910e+06 Pa
Interpolation Scheme: Polynomial (Cubic)
Mixed error in Newton's method (should be < 1): 1.11969e-04
Nº of Newton iterations: 2
Delta of specified variable for the next iteration: 6.65149e-02
Next Iteration variable updated index: 9
lnK[0]		lnK[1]		lnK[2]		lnK[3]		lnK[4]		lnK[5]		lnK[6]		lnK[7]		lnK[8]		lnK[9]		lnT(K)		lnP(Pa)		
-9.80456e-01	-4.90602e-01	-1.09892e+00	1.20391e-01	2.18704e-01	4.52852e-01	5.47585e-01	8.63133e-01	1.58158e+00	3.32575e+00	6.10588e+00	1.60171e+01
Sensitivity vector: 
dXdS[0] = -6.12394e-01
dXdS[1] = -4.35689e-01
dXdS[2] = -6.52816e-01
dXdS[3] = -2.06208e-01
dXdS[4] = -1.72838e-01
dXdS[5] = -8.43107e-02
dXdS[6] = -5.03676e-02
dXdS[7] = 6.76554e-02
dXdS[8] = 3.38303e-01
dXdS[9] = 1.00000e+00
dXdS[10] = 4.01468e-02
dXdS[11] = -4.61618e-01


Iteration: 48
Index of specified variable before Newton's method: 9
Temperature before Newton's method: 4.47270e+02 K
Pressure before Newton's method: 9.31285e+06 Pa
Interpolation Scheme: Polynomial (Cubic)
Mixed error in Newton's method (should be < 1): 6.71986e-05
Nº of Newton iterations: 2
Delta of specified variable for the next iteration: 6.51846e-02
Next Iteration variable updated index: 9
lnK[0]		lnK[1]		lnK[2]		lnK[3]		lnK[4]		lnK[5]		lnK[6]		lnK[7]		lnK[8]		lnK[9]		lnT(K)		lnP(Pa)		
-9.40617e-01	-4.62430e-01	-1.05639e+00	1.33426e-01	2.29533e-01	4.57837e-01	5.50336e-01	8.58102e-01	1.55869e+00	3.25923e+00	6.10316e+00	1.60469e+01
Sensitivity vector: 
dXdS[0] = -5.85864e-01
dXdS[1] = -4.11689e-01
dXdS[2] = -6.26262e-01
dXdS[3] = -1.85997e-01
dXdS[4] = -1.53011e-01
dXdS[5] = -6.58031e-02
dXdS[6] = -3.25845e-02
dXdS[7] = 8.34234e-02
dXdS[8] = 3.49818e-01
dXdS[9] = 1.00000e+00
dXdS[10] = 4.15217e-02
dXdS[11] = -4.35859e-01


Iteration: 49
Index of specified variable before Newton's method: 9
Temperature before Newton's method: 4.46043e+02 K
Pressure before Newton's method: 9.57386e+06 Pa
Interpolation Scheme: Polynomial (Cubic)
Mixed error in Newton's method (should be < 1): 4.17538e-05
Nº of Newton iterations: 2
Delta of specified variable for the next iteration: 6.38810e-02
Next Iteration variable updated index: 9
lnK[0]		lnK[1]		lnK[2]		lnK[3]		lnK[4]		lnK[5]		lnK[6]		lnK[7]		lnK[8]		lnK[9]		lnT(K)		lnP(Pa)		
-9.03224e-01	-4.36315e-01	-1.01637e+00	1.44943e-01	2.38911e-01	4.61571e-01	5.51926e-01	8.52190e-01	1.53554e+00	3.19405e+00	6.10042e+00	1.60745e+01
Sensitivity vector: 
dXdS[0] = -5.61711e-01
dXdS[1] = -3.89825e-01
dXdS[2] = -6.02064e-01
dXdS[3] = -1.67586e-01
dXdS[4] = -1.34943e-01
dXdS[5] = -4.89506e-02
dXdS[6] = -1.63707e-02
dXdS[7] = 9.78086e-02
dXdS[8] = 3.60307e-01
dXdS[9] = 1.00000e+00
dXdS[10] = 4.27271e-02
dXdS[11] = -4.12564e-01


Iteration: 50
Index of specified variable before Newton's method: 9
Temperature before Newton's method: 4.44812e+02 K
Pressure before Newton's method: 9.82281e+06 Pa
Interpolation Scheme: Polynomial (Cubic)
Mixed error in Newton's method (should be < 1): 2.66568e-05
Nº of Newton iterations: 2
Delta of specified variable for the next iteration: 6.26033e-02
Next Iteration variable updated index: 9
lnK[0]		lnK[1]		lnK[2]		lnK[3]		lnK[4]		lnK[5]		lnK[6]		lnK[7]		lnK[8]		lnK[9]		lnT(K)		lnP(Pa)		
-8.68054e-01	-4.12058e-01	-9.78622e-01	1.55105e-01	2.46998e-01	4.64200e-01	5.52492e-01	8.45516e-01	1.51222e+00	3.13017e+00	6.09765e+00	1.61002e+01
Sensitivity vector: 
dXdS[0] = -5.39633e-01
dXdS[1] = -3.69832e-01
dXdS[2] = -5.79923e-01
dXdS[3] = -1.50752e-01
dXdS[4] = -1.18415e-01
dXdS[5] = -3.35468e-02
dXdS[6] = -1.53120e-03
dXdS[7] = 1.10982e-01
dXdS[8] = 3.69898e-01
dXdS[9] = 1.00000e+00
dXdS[10] = 4.37881e-02
dXdS[11] = -3.91419e-01


Iteration: 51
Index of specified variable before Newton's method: 9
Temperature before Newton's method: 4.43581e+02 K
Pressure before Newton's method: 1.00603e+07 Pa
Interpolation Scheme: Polynomial (Cubic)
Mixed error in Newton's method (should be < 1): 1.74562e-05
Nº of Newton iterations: 2
Delta of specified variable for the next iteration: 6.13513e-02
Next Iteration variable updated index: 9
lnK[0]		lnK[1]		lnK[2]		lnK[3]		lnK[4]		lnK[5]		lnK[6]		lnK[7]		lnK[8]		lnK[9]		lnT(K)		lnP(Pa)		
-8.34912e-01	-3.89486e-01	-9.42960e-01	1.64054e-01	2.53931e-01	4.65853e-01	5.52157e-01	8.38186e-01	1.48878e+00	3.06756e+00	6.09488e+00	1.61241e+01
Sensitivity vector: 
dXdS[0] = -5.19380e-01
dXdS[1] = -3.51483e-01
dXdS[2] = -5.59589e-01
dXdS[3] = -1.35303e-01
dXdS[4] = -1.03240e-01
dXdS[5] = -1.94175e-02
dXdS[6] = 1.20981e-02
dXdS[7] = 1.23089e-01
dXdS[8] = 3.78696e-01
dXdS[9] = 1.00000e+00
dXdS[10] = 4.47258e-02
dXdS[11] = -3.72159e-01


Iteration: 52
Index of specified variable before Newton's method: 9
Temperature before Newton's method: 4.42354e+02 K
Pressure before Newton's method: 1.02871e+07 Pa
Interpolation Scheme: Polynomial (Cubic)
Mixed error in Newton's method (should be < 1): 1.16742e-05
Nº of Newton iterations: 2
Delta of specified variable for the next iteration: 6.01242e-02
Next Iteration variable updated index: 9
lnK[0]		lnK[1]		lnK[2]		lnK[3]		lnK[4]		lnK[5]		lnK[6]		lnK[7]		lnK[8]		lnK[9]		lnT(K)		lnP(Pa)		
-8.03625e-01	-3.68446e-01	-9.09209e-01	1.71914e-01	2.59832e-01	4.66642e-01	5.51026e-01	8.30288e-01	1.46530e+00	3.00621e+00	6.09211e+00	1.61464e+01
Sensitivity vector: 
dXdS[0] = -5.00737e-01
dXdS[1] = -3.34586e-01
dXdS[2] = -5.40851e-01
dXdS[3] = -1.21079e-01
dXdS[4] = -8.92645e-02
dXdS[5] = -6.41519e-03
dXdS[6] = 2.46565e-02
dXdS[7] = 1.34250e-01
dXdS[8] = 3.86794e-01
dXdS[9] = 1.00000e+00
dXdS[10] = 4.55581e-02
dXdS[11] = -3.54559e-01


Iteration: 53
Index of specified variable before Newton's method: 9
Temperature before Newton's method: 4.41134e+02 K
Pressure before Newton's method: 1.05036e+07 Pa
Interpolation Scheme: Polynomial (Cubic)
Mixed error in Newton's method (should be < 1): 7.96193e-06
Nº of Newton iterations: 2
Delta of specified variable for the next iteration: 5.89218e-02
Next Iteration variable updated index: 9
lnK[0]		lnK[1]		lnK[2]		lnK[3]		lnK[4]		lnK[5]		lnK[6]		lnK[7]		lnK[8]		lnK[9]		lnT(K)		lnP(Pa)		
-7.74041e-01	-3.48803e-01	-8.77216e-01	1.78795e-01	2.64807e-01	4.66663e-01	5.49191e-01	8.21903e-01	1.44181e+00	2.94609e+00	6.08935e+00	1.61672e+01
Sensitivity vector: 
dXdS[0] = -4.83523e-01
dXdS[1] = -3.18981e-01
dXdS[2] = -5.23527e-01
dXdS[3] = -1.07943e-01
dXdS[4] = -7.63532e-02
dXdS[5] = 5.58614e-03
dXdS[6] = 3.62631e-02
dXdS[7] = 1.44572e-01
dXdS[8] = 3.94269e-01
dXdS[9] = 1.00000e+00
dXdS[10] = 4.62997e-02
dXdS[11] = -3.38429e-01


Iteration: 54
Index of specified variable before Newton's method: 9
Temperature before Newton's method: 4.39924e+02 K
Pressure before Newton's method: 1.07104e+07 Pa
Interpolation Scheme: Polynomial (Cubic)
Mixed error in Newton's method (should be < 1): 5.52240e-06
Nº of Newton iterations: 2
Delta of specified variable for the next iteration: 5.77433e-02
Next Iteration variable updated index: 9
lnK[0]		lnK[1]		lnK[2]		lnK[3]		lnK[4]		lnK[5]		lnK[6]		lnK[7]		lnK[8]		lnK[9]		lnT(K)		lnP(Pa)		
-7.46025e-01	-3.30438e-01	-8.46847e-01	1.84794e-01	2.68950e-01	4.66003e-01	5.46735e-01	8.13100e-01	1.41838e+00	2.88717e+00	6.08660e+00	1.61867e+01
Sensitivity vector: 
dXdS[0] = -4.67582e-01
dXdS[1] = -3.04526e-01
dXdS[2] = -5.07465e-01
dXdS[3] = -9.57762e-02
dXdS[4] = -6.43919e-02
dXdS[5] = 1.66947e-02
dXdS[6] = 4.70199e-02
dXdS[7] = 1.54142e-01
dXdS[8] = 4.01189e-01
dXdS[9] = 1.00000e+00
dXdS[10] = 4.69634e-02
dXdS[11] = -3.23603e-01


Iteration: 55
Index of specified variable before Newton's method: 9
Temperature before Newton's method: 4.38725e+02 K
Pressure before Newton's method: 1.09080e+07 Pa
Interpolation Scheme: Polynomial (Cubic)
Mixed error in Newton's method (should be < 1): 3.88260e-06
Nº of Newton iterations: 2
Delta of specified variable for the next iteration: 5.65885e-02
Next Iteration variable updated index: 9
lnK[0]		lnK[1]		lnK[2]		lnK[3]		lnK[4]		lnK[5]		lnK[6]		lnK[7]		lnK[8]		lnK[9]		lnT(K)		lnP(Pa)		
-7.19457e-01	-3.13244e-01	-8.17979e-01	1.89995e-01	2.72345e-01	4.64739e-01	5.43728e-01	8.03941e-01	1.39502e+00	2.82942e+00	6.08387e+00	1.62050e+01
Sensitivity vector: 
dXdS[0] = -4.52781e-01
dXdS[1] = -2.91102e-01
dXdS[2] = -4.92532e-01
dXdS[3] = -8.44781e-02
dXdS[4] = -5.32817e-02
dXdS[5] = 2.70037e-02
dXdS[6] = 5.70152e-02
dXdS[7] = 1.63041e-01
dXdS[8] = 4.07610e-01
dXdS[9] = 1.00000e+00
dXdS[10] = 4.75598e-02
dXdS[11] = -3.09941e-01


Iteration: 56
Index of specified variable before Newton's method: 9
Temperature before Newton's method: 4.37539e+02 K
Pressure before Newton's method: 1.10970e+07 Pa
Interpolation Scheme: Polynomial (Cubic)
Mixed error in Newton's method (should be < 1): 2.75325e-06
Nº of Newton iterations: 2
Delta of specified variable for the next iteration: 5.54567e-02
Next Iteration variable updated index: 9
lnK[0]		lnK[1]		lnK[2]		lnK[3]		lnK[4]		lnK[5]		lnK[6]		lnK[7]		lnK[8]		lnK[9]		lnT(K)		lnP(Pa)		
-6.94228e-01	-2.97128e-01	-7.90504e-01	1.94475e-01	2.75065e-01	4.62937e-01	5.40236e-01	7.94478e-01	1.37179e+00	2.77283e+00	6.08116e+00	1.62222e+01
Sensitivity vector: 
dXdS[0] = -4.39002e-01
dXdS[1] = -2.78604e-01
dXdS[2] = -4.78613e-01
dXdS[3] = -7.39607e-02
dXdS[4] = -4.29368e-02
dXdS[5] = 3.65943e-02
dXdS[6] = 6.63255e-02
dXdS[7] = 1.71333e-01
dXdS[8] = 4.13583e-01
dXdS[9] = 1.00000e+00
dXdS[10] = 4.80980e-02
dXdS[11] = -2.97319e-01


Iteration: 57
Index of specified variable before Newton's method: 9
Temperature before Newton's method: 4.36367e+02 K
Pressure before Newton's method: 1.12778e+07 Pa
Interpolation Scheme: Polynomial (Cubic)
Mixed error in Newton's method (should be < 1): 2.02687e-06
Nº of Newton iterations: 2
Delta of specified variable for the next iteration: 5.43476e-02
Next Iteration variable updated index: 9
lnK[0]		lnK[1]		lnK[2]		lnK[3]		lnK[4]		lnK[5]		lnK[6]		lnK[7]		lnK[8]		lnK[9]		lnT(K)		lnP(Pa)		
-6.70241e-01	-2.82003e-01	-7.64325e-01	1.98303e-01	2.77176e-01	4.60658e-01	5.36315e-01	7.84760e-01	1.34870e+00	2.71738e+00	6.07848e+00	1.62384e+01
Sensitivity vector: 
dXdS[0] = -4.26146e-01
dXdS[1] = -2.66941e-01
dXdS[2] = -4.65609e-01
dXdS[3] = -6.41472e-02
dXdS[4] = -3.32824e-02
dXdS[5] = 4.55369e-02
dXdS[6] = 7.50173e-02
dXdS[7] = 1.79079e-01
dXdS[8] = 4.19152e-01
dXdS[9] = 1.00000e+00
dXdS[10] = 4.85858e-02
dXdS[11] = -2.85630e-01


Iteration: 58
Index of specified variable before Newton's method: 9
Temperature before Newton's method: 4.35211e+02 K
Pressure before Newton's method: 1.14509e+07 Pa
Interpolation Scheme: Polynomial (Cubic)
Mixed error in Newton's method (should be < 1): 1.44973e-06
Nº of Newton iterations: 2
Delta of specified variable for the next iteration: 5.32606e-02
Next Iteration variable updated index: 9
lnK[0]		lnK[1]		lnK[2]		lnK[3]		lnK[4]		lnK[5]		lnK[6]		lnK[7]		lnK[8]		lnK[9]		lnT(K)		lnP(Pa)		
-6.47411e-01	-2.67794e-01	-7.39354e-01	2.01538e-01	2.78738e-01	4.57954e-01	5.32016e-01	7.74829e-01	1.32577e+00	2.66303e+00	6.07583e+00	1.62536e+01
Sensitivity vector: 
dXdS[0] = -4.14124e-01
dXdS[1] = -2.56034e-01
dXdS[2] = -4.53434e-01
dXdS[3] = -5.49708e-02
dXdS[4] = -2.42532e-02
dXdS[5] = 5.38933e-02
dXdS[6] = 8.31492e-02
dXdS[7] = 1.86329e-01
dXdS[8] = 4.24355e-01
dXdS[9] = 1.00000e+00
dXdS[10] = 4.90299e-02
dXdS[11] = -2.74782e-01


Iteration: 59
Index of specified variable before Newton's method: 9
Temperature before Newton's method: 4.34071e+02 K
Pressure before Newton's method: 1.16165e+07 Pa
Interpolation Scheme: Polynomial (Cubic)
Mixed error in Newton's method (should be < 1): 1.10784e-06
Nº of Newton iterations: 2
Delta of specified variable for the next iteration: 5.21954e-02
Next Iteration variable updated index: 9
lnK[0]		lnK[1]		lnK[2]		lnK[3]		lnK[4]		lnK[5]		lnK[6]		lnK[7]		lnK[8]		lnK[9]		lnT(K)		lnP(Pa)		
-6.25656e-01	-2.54432e-01	-7.15510e-01	2.04235e-01	2.79802e-01	4.54874e-01	5.27383e-01	7.64722e-01	1.30304e+00	2.60977e+00	6.07321e+00	1.62679e+01
Sensitivity vector: 
dXdS[0] = -4.02859e-01
dXdS[1] = -2.45814e-01
dXdS[2] = -4.42010e-01
dXdS[3] = -4.63726e-02
dXdS[4] = -1.57915e-02
dXdS[5] = 6.17177e-02
dXdS[6] = 9.07724e-02
dXdS[7] = 1.93129e-01
dXdS[8] = 4.29226e-01
dXdS[9] = 1.00000e+00
dXdS[10] = 4.94358e-02
dXdS[11] = -2.64692e-01


Iteration: 60
Index of specified variable before Newton's method: 9
Temperature before Newton's method: 4.32948e+02 K
Pressure before Newton's method: 1.17752e+07 Pa
Interpolation Scheme: Polynomial (Cubic)
Mixed error in Newton's method (should be < 1): 7.99870e-07
Nº of Newton iterations: 2
Delta of specified variable for the next iteration: 5.11515e-02
Next Iteration variable updated index: 9
lnK[0]		lnK[1]		lnK[2]		lnK[3]		lnK[4]		lnK[5]		lnK[6]		lnK[7]		lnK[8]		lnK[9]		lnT(K)		lnP(Pa)		
-6.04907e-01	-2.41854e-01	-6.92722e-01	2.06443e-01	2.80418e-01	4.51460e-01	5.22457e-01	7.54474e-01	1.28052e+00	2.55757e+00	6.07062e+00	1.62815e+01
Sensitivity vector: 
dXdS[0] = -3.92283e-01
dXdS[1] = -2.36218e-01
dXdS[2] = -4.31272e-01
dXdS[3] = -3.83010e-02
dXdS[4] = -7.84687e-03
dXdS[5] = 6.90579e-02
dXdS[6] = 9.79321e-02
dXdS[7] = 1.99518e-01
dXdS[8] = 4.33795e-01
dXdS[9] = 1.00000e+00
dXdS[10] = 4.98085e-02
dXdS[11] = -2.55289e-01


Iteration: 61
Index of specified variable before Newton's method: 9
Temperature before Newton's method: 4.31843e+02 K
Pressure before Newton's method: 1.19273e+07 Pa
Interpolation Scheme: Polynomial (Cubic)
Mixed error in Newton's method (should be < 1): 6.03826e-07
Nº of Newton iterations: 2
Delta of specified variable for the next iteration: 5.01285e-02
Next Iteration variable updated index: 9
lnK[0]		lnK[1]		lnK[2]		lnK[3]		lnK[4]		lnK[5]		lnK[6]		lnK[7]		lnK[8]		lnK[9]		lnT(K)		lnP(Pa)		
-5.85097e-01	-2.30003e-01	-6.70922e-01	2.08207e-01	2.80627e-01	4.47750e-01	5.17274e-01	7.44114e-01	1.25822e+00	2.50642e+00	6.06806e+00	1.62943e+01
Sensitivity vector: 
dXdS[0] = -3.82337e-01
dXdS[1] = -2.27193e-01
dXdS[2] = -4.21160e-01
dXdS[3] = -3.07101e-02
dXdS[4] = -3.74278e-04
dXdS[5] = 7.59562e-02
dXdS[6] = 1.04668e-01
dXdS[7] = 2.05533e-01
dXdS[8] = 4.38089e-01
dXdS[9] = 1.00000e+00
dXdS[10] = 5.01522e-02
dXdS[11] = -2.46509e-01


Iteration: 62
Index of specified variable before Newton's method: 9
Temperature before Newton's method: 4.30755e+02 K
Pressure before Newton's method: 1.20731e+07 Pa
Interpolation Scheme: Polynomial (Cubic)
Mixed error in Newton's method (should be < 1): 4.50422e-07
Nº of Newton iterations: 2
Delta of specified variable for the next iteration: 4.91259e-02
Next Iteration variable updated index: 9
lnK[0]		lnK[1]		lnK[2]		lnK[3]		lnK[4]		lnK[5]		lnK[6]		lnK[7]		lnK[8]		lnK[9]		lnT(K)		lnP(Pa)		
-5.66167e-01	-2.18829e-01	-6.50050e-01	2.09566e-01	2.80468e-01	4.43778e-01	5.11867e-01	7.33668e-01	1.23616e+00	2.45629e+00	6.06554e+00	1.63065e+01
Sensitivity vector: 
dXdS[0] = -3.72966e-01
dXdS[1] = -2.18690e-01
dXdS[2] = -4.11621e-01
dXdS[3] = -2.35591e-02
dXdS[4] = 6.66611e-03
dXdS[5] = 8.24503e-02
dXdS[6] = 1.11017e-01
dXdS[7] = 2.11204e-01
dXdS[8] = 4.42130e-01
dXdS[9] = 1.00000e+00
dXdS[10] = 5.04705e-02
dXdS[11] = -2.38295e-01


Iteration: 63
Index of specified variable before Newton's method: 9
Temperature before Newton's method: 4.29685e+02 K
Pressure before Newton's method: 1.22129e+07 Pa
Interpolation Scheme: Polynomial (Cubic)
Mixed error in Newton's method (should be < 1): 3.31846e-07
Nº of Newton iterations: 2
Delta of specified variable for the next iteration: 4.81434e-02
Next Iteration variable updated index: 9
lnK[0]		lnK[1]		lnK[2]		lnK[3]		lnK[4]		lnK[5]		lnK[6]		lnK[7]		lnK[8]		lnK[9]		lnT(K)		lnP(Pa)		
-5.48064e-01	-2.08284e-01	-6.30052e-01	2.10557e-01	2.79976e-01	4.39577e-01	5.06265e-01	7.23160e-01	1.21434e+00	2.40717e+00	6.06305e+00	1.63180e+01
Sensitivity vector: 
dXdS[0] = -3.64123e-01
dXdS[1] = -2.10666e-01
dXdS[2] = -4.02609e-01
dXdS[3] = -1.68119e-02
dXdS[4] = 1.33098e-02
dXdS[5] = 8.85737e-02
dXdS[6] = 1.17010e-01
dXdS[7] = 2.16559e-01
dXdS[8] = 4.45939e-01
dXdS[9] = 1.00000e+00
dXdS[10] = 5.07665e-02
dXdS[11] = -2.30597e-01


Iteration: 64
Index of specified variable before Newton's method: 9
Temperature before Newton's method: 4.28634e+02 K
Pressure before Newton's method: 1.23471e+07 Pa
Interpolation Scheme: Polynomial (Cubic)
Mixed error in Newton's method (should be < 1): 2.55394e-07
Nº of Newton iterations: 2
Delta of specified variable for the next iteration: 4.71805e-02
Next Iteration variable updated index: 9
lnK[0]		lnK[1]		lnK[2]		lnK[3]		lnK[4]		lnK[5]		lnK[6]		lnK[7]		lnK[8]		lnK[9]		lnT(K)		lnP(Pa)		
-5.30736e-01	-1.98325e-01	-6.10875e-01	2.11212e-01	2.79183e-01	4.35172e-01	5.00494e-01	7.12611e-01	1.19278e+00	2.35902e+00	6.06060e+00	1.63289e+01
Sensitivity vector: 
dXdS[0] = -3.55767e-01
dXdS[1] = -2.03083e-01
dXdS[2] = -3.94082e-01
dXdS[3] = -1.04361e-02
dXdS[4] = 1.95886e-02
dXdS[5] = 9.43562e-02
dXdS[6] = 1.22675e-01
dXdS[7] = 2.21624e-01
dXdS[8] = 4.49536e-01
dXdS[9] = 1.00000e+00
dXdS[10] = 5.10428e-02
dXdS[11] = -2.23371e-01


Iteration: 65
Index of specified variable before Newton's method: 9
Temperature before Newton's method: 4.27600e+02 K
Pressure before Newton's method: 1.24759e+07 Pa
Interpolation Scheme: Polynomial (Cubic)
Mixed error in Newton's method (should be < 1): 2.25564e-07
Nº of Newton iterations: 2
Delta of specified variable for the next iteration: 4.62369e-02
Next Iteration variable updated index: 9
lnK[0]		lnK[1]		lnK[2]		lnK[3]		lnK[4]		lnK[5]		lnK[6]		lnK[7]		lnK[8]		lnK[9]		lnT(K)		lnP(Pa)		
-5.14138e-01	-1.88914e-01	-5.92474e-01	2.11561e-01	2.78118e-01	4.30591e-01	4.94579e-01	7.02041e-01	1.17149e+00	2.31184e+00	6.05819e+00	1.63393e+01
Sensitivity vector: 
dXdS[0] = -3.47858e-01
dXdS[1] = -1.95907e-01
dXdS[2] = -3.86003e-01
dXdS[3] = -4.40262e-03
dXdS[4] = 2.55310e-02
dXdS[5] = 9.98247e-02
dXdS[6] = 1.28038e-01
dXdS[7] = 2.26420e-01
dXdS[8] = 4.52937e-01
dXdS[9] = 1.00000e+00
dXdS[10] = 5.13019e-02
dXdS[11] = -2.16578e-01


Iteration: 66
Index of specified variable before Newton's method: 9
Temperature before Newton's method: 4.26584e+02 K
Pressure before Newton's method: 1.25996e+07 Pa
Interpolation Scheme: Polynomial (Cubic)
Mixed error in Newton's method (should be < 1): 1.49886e-07
Nº of Newton iterations: 2
Delta of specified variable for the next iteration: 4.53122e-02
Next Iteration variable updated index: 9
lnK[0]		lnK[1]		lnK[2]		lnK[3]		lnK[4]		lnK[5]		lnK[6]		lnK[7]		lnK[8]		lnK[9]		lnT(K)		lnP(Pa)		
-4.98229e-01	-1.80014e-01	-5.74804e-01	2.11631e-01	2.76807e-01	4.25855e-01	4.88541e-01	6.91466e-01	1.15048e+00	2.26561e+00	6.05581e+00	1.63492e+01
Sensitivity vector: 
dXdS[0] = -3.40363e-01
dXdS[1] = -1.89106e-01
dXdS[2] = -3.78339e-01
dXdS[3] = 1.31457e-03
dXdS[4] = 3.11625e-02
dXdS[5] = 1.05003e-01
dXdS[6] = 1.33122e-01
dXdS[7] = 2.30969e-01
dXdS[8] = 4.56157e-01
dXdS[9] = 1.00000e+00
dXdS[10] = 5.15456e-02
dXdS[11] = -2.10180e-01


Iteration: 67
Index of specified variable before Newton's method: 9
Temperature before Newton's method: 4.25587e+02 K
Pressure before Newton's method: 1.27184e+07 Pa
Interpolation Scheme: Polynomial (Cubic)
Mixed error in Newton's method (should be < 1): 1.32794e-07
Nº of Newton iterations: 2
Delta of specified variable for the next iteration: 4.44059e-02
Next Iteration variable updated index: 9
lnK[0]		lnK[1]		lnK[2]		lnK[3]		lnK[4]		lnK[5]		lnK[6]		lnK[7]		lnK[8]		lnK[9]		lnT(K)		lnP(Pa)		
-4.82968e-01	-1.71592e-01	-5.57827e-01	2.11448e-01	2.75273e-01	4.20985e-01	4.82399e-01	6.80902e-01	1.12974e+00	2.22030e+00	6.05347e+00	1.63586e+01
Sensitivity vector: 
dXdS[0] = -3.33252e-01
dXdS[1] = -1.82653e-01
dXdS[2] = -3.71058e-01
dXdS[3] = 6.73897e-03
dXdS[4] = 3.65062e-02
dXdS[5] = 1.09914e-01
dXdS[6] = 1.37948e-01
dXdS[7] = 2.35288e-01
dXdS[8] = 4.59210e-01
dXdS[9] = 1.00000e+00
dXdS[10] = 5.17758e-02
dXdS[11] = -2.04147e-01


Iteration: 68
Index of specified variable before Newton's method: 9
Temperature before Newton's method: 4.24608e+02 K
Pressure before Newton's method: 1.28326e+07 Pa
Interpolation Scheme: Polynomial (Cubic)
Mixed error in Newton's method (should be < 1): 1.28921e-07
Nº of Newton iterations: 2
Delta of specified variable for the next iteration: 4.35178e-02
Next Iteration variable updated index: 9
lnK[0]		lnK[1]		lnK[2]		lnK[3]		lnK[4]		lnK[5]		lnK[6]		lnK[7]		lnK[8]		lnK[9]		lnT(K)		lnP(Pa)		
-4.68320e-01	-1.63618e-01	-5.41504e-01	2.11034e-01	2.73539e-01	4.16000e-01	4.76171e-01	6.70363e-01	1.10928e+00	2.17589e+00	6.05117e+00	1.63675e+01
Sensitivity vector: 
dXdS[0] = -3.26496e-01
dXdS[1] = -1.76523e-01
dXdS[2] = -3.64135e-01
dXdS[3] = 1.18918e-02
dXdS[4] = 4.15830e-02
dXdS[5] = 1.14576e-01
dXdS[6] = 1.42534e-01
dXdS[7] = 2.39394e-01
dXdS[8] = 4.62108e-01
dXdS[9] = 1.00000e+00
dXdS[10] = 5.19939e-02
dXdS[11] = -1.98449e-01


Iteration: 69
Index of specified variable before Newton's method: 9
Temperature before Newton's method: 4.23646e+02 K
Pressure before Newton's method: 1.29424e+07 Pa
Interpolation Scheme: Polynomial (Cubic)
Mixed error in Newton's method (should be < 1): 5.82769e-08
Nº of Newton iterations: 2
Delta of specified variable for the next iteration: 4.26474e-02
Next Iteration variable updated index: 9
lnK[0]		lnK[1]		lnK[2]		lnK[3]		lnK[4]		lnK[5]		lnK[6]		lnK[7]		lnK[8]		lnK[9]		lnT(K)		lnP(Pa)		
-4.54253e-01	-1.56064e-01	-5.25802e-01	2.10409e-01	2.71624e-01	4.10917e-01	4.69873e-01	6.59859e-01	1.08911e+00	2.13237e+00	6.04890e+00	1.63760e+01
Sensitivity vector: 
dXdS[0] = -3.20071e-01
dXdS[1] = -1.70692e-01
dXdS[2] = -3.57543e-01
dXdS[3] = 1.67923e-02
dXdS[4] = 4.64117e-02
dXdS[5] = 1.19007e-01
dXdS[6] = 1.46896e-01
dXdS[7] = 2.43302e-01
dXdS[8] = 4.64862e-01
dXdS[9] = 1.00000e+00
dXdS[10] = 5.22014e-02
dXdS[11] = -1.93061e-01


Iteration: 70
Index of specified variable before Newton's method: 9
Temperature before Newton's method: 4.22702e+02 K
Pressure before Newton's method: 1.30480e+07 Pa
Interpolation Scheme: Polynomial (Cubic)
Mixed error in Newton's method (should be < 1): 4.00870e-08
Nº of Newton iterations: 2
Delta of specified variable for the next iteration: 4.17945e-02
Next Iteration variable updated index: 9
lnK[0]		lnK[1]		lnK[2]		lnK[3]		lnK[4]		lnK[5]		lnK[6]		lnK[7]		lnK[8]		lnK[9]		lnT(K)		lnP(Pa)		
-4.40733e-01	-1.48903e-01	-5.10688e-01	2.09593e-01	2.69546e-01	4.05751e-01	4.63519e-01	6.49403e-01	1.06923e+00	2.08972e+00	6.04667e+00	1.63841e+01
Sensitivity vector: 
dXdS[0] = -3.13954e-01
dXdS[1] = -1.65140e-01
dXdS[2] = -3.51261e-01
dXdS[3] = 2.14579e-02
dXdS[4] = 5.10096e-02
dXdS[5] = 1.23223e-01
dXdS[6] = 1.51051e-01
dXdS[7] = 2.47025e-01
dXdS[8] = 4.67483e-01
dXdS[9] = 1.00000e+00
dXdS[10] = 5.23992e-02
dXdS[11] = -1.87958e-01


Iteration: 71
Index of specified variable before Newton's method: 9
Temperature before Newton's method: 4.21776e+02 K
Pressure before Newton's method: 1.31495e+07 Pa
Interpolation Scheme: Polynomial (Cubic)
Mixed error in Newton's method (should be < 1): 8.78638e-08
Nº of Newton iterations: 2
Delta of specified variable for the next iteration: 4.09586e-02
Next Iteration variable updated index: 9
lnK[0]		lnK[1]		lnK[2]		lnK[3]		lnK[4]		lnK[5]		lnK[6]		lnK[7]		lnK[8]		lnK[9]		lnT(K)		lnP(Pa)		
-4.27734e-01	-1.42112e-01	-4.96133e-01	2.08603e-01	2.67322e-01	4.00517e-01	4.57123e-01	6.39004e-01	1.04964e+00	2.04793e+00	6.04447e+00	1.63919e+01
Sensitivity vector: 
dXdS[0] = -3.08123e-01
dXdS[1] = -1.59848e-01
dXdS[2] = -3.45268e-01
dXdS[3] = 2.59044e-02
dXdS[4] = 5.53921e-02
dXdS[5] = 1.27240e-01
dXdS[6] = 1.55013e-01
dXdS[7] = 2.50577e-01
dXdS[8] = 4.69978e-01
dXdS[9] = 1.00000e+00
dXdS[10] = 5.25884e-02
dXdS[11] = -1.83121e-01


Iteration: 72
Index of specified variable before Newton's method: 9
Temperature before Newton's method: 4.20867e+02 K
Pressure before Newton's method: 1.32473e+07 Pa
Interpolation Scheme: Polynomial (Cubic)
Mixed error in Newton's method (should be < 1): 5.22428e-08
Nº of Newton iterations: 2
Delta of specified variable for the next iteration: 4.01394e-02
Next Iteration variable updated index: 9
lnK[0]		lnK[1]		lnK[2]		lnK[3]		lnK[4]		lnK[5]		lnK[6]		lnK[7]		lnK[8]		lnK[9]		lnT(K)		lnP(Pa)		
-4.15228e-01	-1.35669e-01	-4.82109e-01	2.07455e-01	2.64967e-01	3.95227e-01	4.50696e-01	6.28671e-01	1.03034e+00	2.00697e+00	6.04232e+00	1.63993e+01
Sensitivity vector: 
dXdS[0] = -3.02561e-01
dXdS[1] = -1.54800e-01
dXdS[2] = -3.39545e-01
dXdS[3] = 3.01464e-02
dXdS[4] = 5.95736e-02
dXdS[5] = 1.31069e-01
dXdS[6] = 1.58794e-01
dXdS[7] = 2.53967e-01
dXdS[8] = 4.72358e-01
dXdS[9] = 1.00000e+00
dXdS[10] = 5.27699e-02
dXdS[11] = -1.78528e-01


Iteration: 73
Index of specified variable before Newton's method: 9
Temperature before Newton's method: 4.19975e+02 K
Pressure before Newton's method: 1.33414e+07 Pa
Interpolation Scheme: Polynomial (Cubic)
Mixed error in Newton's method (should be < 1): 3.53915e-08
Nº of Newton iterations: 2
Delta of specified variable for the next iteration: 3.93366e-02
Next Iteration variable updated index: 9
lnK[0]		lnK[1]		lnK[2]		lnK[3]		lnK[4]		lnK[5]		lnK[6]		lnK[7]		lnK[8]		lnK[9]		lnT(K)		lnP(Pa)		
-4.03191e-01	-1.29553e-01	-4.68590e-01	2.06163e-01	2.62495e-01	3.89892e-01	4.44249e-01	6.18412e-01	1.01134e+00	1.96683e+00	6.04019e+00	1.64064e+01
Sensitivity vector: 
dXdS[0] = -2.97250e-01
dXdS[1] = -1.49979e-01
dXdS[2] = -3.34076e-01
dXdS[3] = 3.41970e-02
dXdS[4] = 6.35670e-02
dXdS[5] = 1.34725e-01
dXdS[6] = 1.62405e-01
dXdS[7] = 2.57207e-01
dXdS[8] = 4.74629e-01
dXdS[9] = 1.00000e+00
dXdS[10] = 5.29444e-02
dXdS[11] = -1.74164e-01


Iteration: 74
Index of specified variable before Newton's method: 9
Temperature before Newton's method: 4.19100e+02 K
Pressure before Newton's method: 1.34320e+07 Pa
Interpolation Scheme: Polynomial (Cubic)
Mixed error in Newton's method (should be < 1): 9.86272e-01
Nº of Newton iterations: 1
Delta of specified variable for the next iteration: 3.85499e-02
Next Iteration variable updated index: 9
lnK[0]		lnK[1]		lnK[2]		lnK[3]		lnK[4]		lnK[5]		lnK[6]		lnK[7]		lnK[8]		lnK[9]		lnT(K)		lnP(Pa)		
-3.91598e-01	-1.23744e-01	-4.55552e-01	2.04742e-01	2.59919e-01	3.84523e-01	4.37793e-01	6.08233e-01	9.92622e-01	1.92750e+00	6.03811e+00	1.64131e+01
Sensitivity vector: 
dXdS[0] = -2.92173e-01
dXdS[1] = -1.45371e-01
dXdS[2] = -3.28844e-01
dXdS[3] = 3.80684e-02
dXdS[4] = 6.73842e-02
dXdS[5] = 1.38217e-01
dXdS[6] = 1.65858e-01
dXdS[7] = 2.60305e-01
dXdS[8] = 4.76798e-01
dXdS[9] = 1.00000e+00
dXdS[10] = 5.31125e-02
dXdS[11] = -1.70011e-01


Iteration: 75
Index of specified variable before Newton's method: 9
Temperature before Newton's method: 4.18241e+02 K
Pressure before Newton's method: 1.35193e+07 Pa
Interpolation Scheme: Polynomial (Cubic)
Mixed error in Newton's method (should be < 1): 8.69535e-01
Nº of Newton iterations: 1
Delta of specified variable for the next iteration: 3.77789e-02
Next Iteration variable updated index: 9
lnK[0]		lnK[1]		lnK[2]		lnK[3]		lnK[4]		lnK[5]		lnK[6]		lnK[7]		lnK[8]		lnK[9]		lnT(K)		lnP(Pa)		
-3.80429e-01	-1.18225e-01	-4.42972e-01	2.03202e-01	2.57251e-01	3.79131e-01	4.31335e-01	5.98141e-01	9.74202e-01	1.88895e+00	6.03606e+00	1.64196e+01
Sensitivity vector: 
dXdS[0] = -2.87318e-01
dXdS[1] = -1.40962e-01
dXdS[2] = -3.23836e-01
dXdS[3] = 4.17717e-02
dXdS[4] = 7.10362e-02
dXdS[5] = 1.41556e-01
dXdS[6] = 1.69163e-01
dXdS[7] = 2.63271e-01
dXdS[8] = 4.78873e-01
dXdS[9] = 1.00000e+00
dXdS[10] = 5.32749e-02
dXdS[11] = -1.66056e-01


Iteration: 76
Index of specified variable before Newton's method: 9
Temperature before Newton's method: 4.17399e+02 K
Pressure before Newton's method: 1.36034e+07 Pa
Interpolation Scheme: Polynomial (Cubic)
Mixed error in Newton's method (should be < 1): 7.75526e-01
Nº of Newton iterations: 1
Delta of specified variable for the next iteration: 3.70233e-02
Next Iteration variable updated index: 9
lnK[0]		lnK[1]		lnK[2]		lnK[3]		lnK[4]		lnK[5]		lnK[6]		lnK[7]		lnK[8]		lnK[9]		lnT(K)		lnP(Pa)		
-3.69663e-01	-1.12980e-01	-4.30829e-01	2.01557e-01	2.54501e-01	3.73722e-01	4.24884e-01	5.88141e-01	9.56073e-01	1.85117e+00	6.03404e+00	1.64258e+01
Sensitivity vector: 
dXdS[0] = -2.82669e-01
dXdS[1] = -1.36742e-01
dXdS[2] = -3.19038e-01
dXdS[3] = 4.53170e-02
dXdS[4] = 7.45329e-02
dXdS[5] = 1.44751e-01
dXdS[6] = 1.72327e-01
dXdS[7] = 2.66113e-01
dXdS[8] = 4.80857e-01
dXdS[9] = 1.00000e+00
dXdS[10] = 5.34320e-02
dXdS[11] = -1.62285e-01


Iteration: 77
Index of specified variable before Newton's method: 9
Temperature before Newton's method: 4.16573e+02 K
Pressure before Newton's method: 1.36844e+07 Pa
Interpolation Scheme: Polynomial (Cubic)
Mixed error in Newton's method (should be < 1): 7.03587e-01
Nº of Newton iterations: 1
Delta of specified variable for the next iteration: 3.62829e-02
Next Iteration variable updated index: 9
lnK[0]		lnK[1]		lnK[2]		lnK[3]		lnK[4]		lnK[5]		lnK[6]		lnK[7]		lnK[8]		lnK[9]		lnT(K)		lnP(Pa)		
-3.59280e-01	-1.07992e-01	-4.19102e-01	1.99816e-01	2.51679e-01	3.68306e-01	4.18448e-01	5.78238e-01	9.38234e-01	1.81414e+00	6.03206e+00	1.64318e+01
Sensitivity vector: 
dXdS[0] = -2.78216e-01
dXdS[1] = -1.32698e-01
dXdS[2] = -3.14438e-01
dXdS[3] = 4.87137e-02
dXdS[4] = 7.78836e-02
dXdS[5] = 1.47811e-01
dXdS[6] = 1.75361e-01
dXdS[7] = 2.68837e-01
dXdS[8] = 4.82758e-01
dXdS[9] = 1.00000e+00
dXdS[10] = 5.35843e-02
dXdS[11] = -1.58686e-01


Iteration: 78
Index of specified variable before Newton's method: 9
Temperature before Newton's method: 4.15763e+02 K
Pressure before Newton's method: 1.37626e+07 Pa
Interpolation Scheme: Polynomial (Cubic)
Mixed error in Newton's method (should be < 1): 6.40670e-01
Nº of Newton iterations: 1
Delta of specified variable for the next iteration: 3.55572e-02
Next Iteration variable updated index: 9
lnK[0]		lnK[1]		lnK[2]		lnK[3]		lnK[4]		lnK[5]		lnK[6]		lnK[7]		lnK[8]		lnK[9]		lnT(K)		lnP(Pa)		
-3.49263e-01	-1.03248e-01	-4.07774e-01	1.97989e-01	2.48795e-01	3.62890e-01	4.12032e-01	5.68436e-01	9.20685e-01	1.77786e+00	6.03011e+00	1.64375e+01
Sensitivity vector: 
dXdS[0] = -2.73947e-01
dXdS[1] = -1.28821e-01
dXdS[2] = -3.10025e-01
dXdS[3] = 5.19705e-02
dXdS[4] = 8.10968e-02
dXdS[5] = 1.50744e-01
dXdS[6] = 1.78270e-01
dXdS[7] = 2.71451e-01
dXdS[8] = 4.84581e-01
dXdS[9] = 1.00000e+00
dXdS[10] = 5.37321e-02
dXdS[11] = -1.55248e-01


Iteration: 79
Index of specified variable before Newton's method: 9
Temperature before Newton's method: 4.14968e+02 K
Pressure before Newton's method: 1.38380e+07 Pa
Interpolation Scheme: Polynomial (Cubic)
Mixed error in Newton's method (should be < 1): 5.85066e-01
Nº of Newton iterations: 1
Delta of specified variable for the next iteration: 3.48461e-02
Next Iteration variable updated index: 9
lnK[0]		lnK[1]		lnK[2]		lnK[3]		lnK[4]		lnK[5]		lnK[6]		lnK[7]		lnK[8]		lnK[9]		lnT(K)		lnP(Pa)		
-3.39595e-01	-9.87342e-02	-3.96826e-01	1.96086e-01	2.45857e-01	3.57479e-01	4.05643e-01	5.58740e-01	9.03424e-01	1.74230e+00	6.02820e+00	1.64429e+01
Sensitivity vector: 
dXdS[0] = -2.69851e-01
dXdS[1] = -1.25100e-01
dXdS[2] = -3.05788e-01
dXdS[3] = 5.50954e-02
dXdS[4] = 8.41804e-02
dXdS[5] = 1.53557e-01
dXdS[6] = 1.81063e-01
dXdS[7] = 2.73961e-01
dXdS[8] = 4.86328e-01
dXdS[9] = 1.00000e+00
dXdS[10] = 5.38758e-02
dXdS[11] = -1.51961e-01


Iteration: 80
Index of specified variable before Newton's method: 9
Temperature before Newton's method: 4.14189e+02 K
Pressure before Newton's method: 1.39107e+07 Pa
Interpolation Scheme: Polynomial (Cubic)
Mixed error in Newton's method (should be < 1): 5.35404e-01
Nº of Newton iterations: 1
Delta of specified variable for the next iteration: 3.41491e-02
Next Iteration variable updated index: 9
lnK[0]		lnK[1]		lnK[2]		lnK[3]		lnK[4]		lnK[5]		lnK[6]		lnK[7]		lnK[8]		lnK[9]		lnT(K)		lnP(Pa)		
-3.30261e-01	-9.44374e-02	-3.86242e-01	1.94113e-01	2.42871e-01	3.52081e-01	3.99287e-01	5.49151e-01	8.86448e-01	1.70746e+00	6.02632e+00	1.64482e+01
Sensitivity vector: 
dXdS[0] = -2.65918e-01
dXdS[1] = -1.21527e-01
dXdS[2] = -3.01718e-01
dXdS[3] = 5.80957e-02
dXdS[4] = 8.71416e-02
dXdS[5] = 1.56258e-01
dXdS[6] = 1.83745e-01
dXdS[7] = 2.76372e-01
dXdS[8] = 4.88006e-01
dXdS[9] = 1.00000e+00
dXdS[10] = 5.40157e-02
dXdS[11] = -1.48815e-01


Iteration: 81
Index of specified variable before Newton's method: 9
Temperature before Newton's method: 4.13424e+02 K
Pressure before Newton's method: 1.39808e+07 Pa
Interpolation Scheme: Polynomial (Cubic)
Mixed error in Newton's method (should be < 1): 4.90867e-01
Nº of Newton iterations: 1
Delta of specified variable for the next iteration: 3.34662e-02
Next Iteration variable updated index: 9
lnK[0]		lnK[1]		lnK[2]		lnK[3]		lnK[4]		lnK[5]		lnK[6]		lnK[7]		lnK[8]		lnK[9]		lnT(K)		lnP(Pa)		
-3.21245e-01	-9.03461e-02	-3.76005e-01	1.92080e-01	2.39847e-01	3.46701e-01	3.92968e-01	5.39673e-01	8.69755e-01	1.67331e+00	6.02447e+00	1.64532e+01
Sensitivity vector: 
dXdS[0] = -2.62141e-01
dXdS[1] = -1.18095e-01
dXdS[2] = -2.97805e-01
dXdS[3] = 6.09784e-02
dXdS[4] = 8.99871e-02
dXdS[5] = 1.58852e-01
dXdS[6] = 1.86323e-01
dXdS[7] = 2.78691e-01
dXdS[8] = 4.89617e-01
dXdS[9] = 1.00000e+00
dXdS[10] = 5.41520e-02
dXdS[11] = -1.45801e-01


Iteration: 82
Index of specified variable before Newton's method: 9
Temperature before Newton's method: 4.12675e+02 K
Pressure before Newton's method: 1.40485e+07 Pa
Interpolation Scheme: Polynomial (Cubic)
Mixed error in Newton's method (should be < 1): 4.50789e-01
Nº of Newton iterations: 1
Delta of specified variable for the next iteration: 3.27968e-02
Next Iteration variable updated index: 9
lnK[0]		lnK[1]		lnK[2]		lnK[3]		lnK[4]		lnK[5]		lnK[6]		lnK[7]		lnK[8]		lnK[9]		lnT(K)		lnP(Pa)		
-3.12533e-01	-8.64493e-02	-3.66102e-01	1.89993e-01	2.36789e-01	3.41343e-01	3.86691e-01	5.30309e-01	8.53344e-01	1.63984e+00	6.02266e+00	1.64580e+01
Sensitivity vector: 
dXdS[0] = -2.58509e-01
dXdS[1] = -1.14795e-01
dXdS[2] = -2.94042e-01
dXdS[3] = 6.37497e-02
dXdS[4] = 9.27232e-02
dXdS[5] = 1.61344e-01
dXdS[6] = 1.88803e-01
dXdS[7] = 2.80921e-01
dXdS[8] = 4.91166e-01
dXdS[9] = 1.00000e+00
dXdS[10] = 5.42850e-02
dXdS[11] = -1.42912e-01


Iteration: 83
Index of specified variable before Newton's method: 9
Temperature before Newton's method: 4.11940e+02 K
Pressure before Newton's method: 1.41139e+07 Pa
Interpolation Scheme: Polynomial (Cubic)
Mixed error in Newton's method (should be < 1): 4.14628e-01
Nº of Newton iterations: 1
Delta of specified variable for the next iteration: 3.21409e-02
Next Iteration variable updated index: 9
lnK[0]		lnK[1]		lnK[2]		lnK[3]		lnK[4]		lnK[5]		lnK[6]		lnK[7]		lnK[8]		lnK[9]		lnT(K)		lnP(Pa)		
-3.04112e-01	-8.27366e-02	-3.56518e-01	1.87858e-01	2.33705e-01	3.36012e-01	3.80460e-01	5.21061e-01	8.37211e-01	1.60704e+00	6.02088e+00	1.64627e+01
Sensitivity vector: 
dXdS[0] = -2.55017e-01
dXdS[1] = -1.11620e-01
dXdS[2] = -2.90421e-01
dXdS[3] = 6.64156e-02
dXdS[4] = 9.53557e-02
dXdS[5] = 1.63742e-01
dXdS[6] = 1.91189e-01
dXdS[7] = 2.83068e-01
dXdS[8] = 4.92656e-01
dXdS[9] = 1.00000e+00
dXdS[10] = 5.44149e-02
dXdS[11] = -1.40141e-01


Iteration: 84
Index of specified variable before Newton's method: 9
Temperature before Newton's method: 4.11219e+02 K
Pressure before Newton's method: 1.41770e+07 Pa
Interpolation Scheme: Polynomial (Cubic)
Mixed error in Newton's method (should be < 1): 3.81928e-01
Nº of Newton iterations: 1
Delta of specified variable for the next iteration: 3.14981e-02
Next Iteration variable updated index: 9
lnK[0]		lnK[1]		lnK[2]		lnK[3]		lnK[4]		lnK[5]		lnK[6]		lnK[7]		lnK[8]		lnK[9]		lnT(K)		lnP(Pa)		
-2.95970e-01	-7.91983e-02	-3.47240e-01	1.85682e-01	2.30599e-01	3.30712e-01	3.74278e-01	5.11929e-01	8.21353e-01	1.57490e+00	6.01913e+00	1.64671e+01
Sensitivity vector: 
dXdS[0] = -2.51656e-01
dXdS[1] = -1.08564e-01
dXdS[2] = -2.86934e-01
dXdS[3] = 6.89815e-02
dXdS[4] = 9.78900e-02
dXdS[5] = 1.66049e-01
dXdS[6] = 1.93487e-01
dXdS[7] = 2.85136e-01
dXdS[8] = 4.94090e-01
dXdS[9] = 1.00000e+00
dXdS[10] = 5.45417e-02
dXdS[11] = -1.37480e-01


Iteration: 85
Index of specified variable before Newton's method: 9
Temperature before Newton's method: 4.10513e+02 K
Pressure before Newton's method: 1.42379e+07 Pa
Interpolation Scheme: Polynomial (Cubic)
Mixed error in Newton's method (should be < 1): 3.52299e-01
Nº of Newton iterations: 1
Delta of specified variable for the next iteration: 3.08681e-02
Next Iteration variable updated index: 9
lnK[0]		lnK[1]		lnK[2]		lnK[3]		lnK[4]		lnK[5]		lnK[6]		lnK[7]		lnK[8]		lnK[9]		lnT(K)		lnP(Pa)		
-2.88094e-01	-7.58252e-02	-3.38255e-01	1.83470e-01	2.27477e-01	3.25447e-01	3.68148e-01	5.02916e-01	8.05768e-01	1.54341e+00	6.01741e+00	1.64714e+01
Sensitivity vector: 
dXdS[0] = -2.48419e-01
dXdS[1] = -1.05621e-01
dXdS[2] = -2.83575e-01
dXdS[3] = 7.14525e-02
dXdS[4] = 1.00331e-01
dXdS[5] = 1.68270e-01
dXdS[6] = 1.95700e-01
dXdS[7] = 2.87129e-01
dXdS[8] = 4.95470e-01
dXdS[9] = 1.00000e+00
dXdS[10] = 5.46658e-02
dXdS[11] = -1.34923e-01


Iteration: 86
Index of specified variable before Newton's method: 9
Temperature before Newton's method: 4.09820e+02 K
Pressure before Newton's method: 1.42968e+07 Pa
Interpolation Scheme: Polynomial (Cubic)
Mixed error in Newton's method (should be < 1): 3.25404e-01
Nº of Newton iterations: 1
Delta of specified variable for the next iteration: 3.02508e-02
Next Iteration variable updated index: 9
lnK[0]		lnK[1]		lnK[2]		lnK[3]		lnK[4]		lnK[5]		lnK[6]		lnK[7]		lnK[8]		lnK[9]		lnT(K)		lnP(Pa)		
-2.80474e-01	-7.26088e-02	-3.29552e-01	1.81228e-01	2.24344e-01	3.20219e-01	3.62074e-01	4.94024e-01	7.90454e-01	1.51254e+00	6.01572e+00	1.64755e+01
Sensitivity vector: 
dXdS[0] = -2.45302e-01
dXdS[1] = -1.02786e-01
dXdS[2] = -2.80337e-01
dXdS[3] = 7.38335e-02
dXdS[4] = 1.02684e-01
dXdS[5] = 1.70410e-01
dXdS[6] = 1.97834e-01
dXdS[7] = 2.89050e-01
dXdS[8] = 4.96801e-01
dXdS[9] = 1.00000e+00
dXdS[10] = 5.47872e-02
dXdS[11] = -1.32465e-01


Iteration: 87
Index of specified variable before Newton's method: 9
Temperature before Newton's method: 4.09140e+02 K
Pressure before Newton's method: 1.43537e+07 Pa
Interpolation Scheme: Polynomial (Cubic)
Mixed error in Newton's method (should be < 1): 3.00950e-01
Nº of Newton iterations: 1
Delta of specified variable for the next iteration: 2.96457e-02
Next Iteration variable updated index: 9
lnK[0]		lnK[1]		lnK[2]		lnK[3]		lnK[4]		lnK[5]		lnK[6]		lnK[7]		lnK[8]		lnK[9]		lnT(K)		lnP(Pa)		
-2.73099e-01	-6.95409e-02	-3.21119e-01	1.78960e-01	2.21203e-01	3.15033e-01	3.56059e-01	4.85251e-01	7.75405e-01	1.48229e+00	6.01406e+00	1.64795e+01
Sensitivity vector: 
dXdS[0] = -2.42297e-01
dXdS[1] = -1.00052e-01
dXdS[2] = -2.77215e-01
dXdS[3] = 7.61289e-02
dXdS[4] = 1.04952e-01
dXdS[5] = 1.72472e-01
dXdS[6] = 1.99892e-01
dXdS[7] = 2.90904e-01
dXdS[8] = 4.98083e-01
dXdS[9] = 1.00000e+00
dXdS[10] = 5.49061e-02
dXdS[11] = -1.30100e-01


Iteration: 88
Index of specified variable before Newton's method: 9
Temperature before Newton's method: 4.08474e+02 K
Pressure before Newton's method: 1.44087e+07 Pa
Interpolation Scheme: Polynomial (Cubic)
Mixed error in Newton's method (should be < 1): 2.78683e-01
Nº of Newton iterations: 1
Delta of specified variable for the next iteration: 2.90528e-02
Next Iteration variable updated index: 9
lnK[0]		lnK[1]		lnK[2]		lnK[3]		lnK[4]		lnK[5]		lnK[6]		lnK[7]		lnK[8]		lnK[9]		lnT(K)		lnP(Pa)		
-2.65959e-01	-6.66140e-02	-3.12945e-01	1.76670e-01	2.18059e-01	3.09890e-01	3.50103e-01	4.76601e-01	7.60621e-01	1.45264e+00	6.01243e+00	1.64833e+01
Sensitivity vector: 
dXdS[0] = -2.39399e-01
dXdS[1] = -9.74147e-02
dXdS[2] = -2.74204e-01
dXdS[3] = 7.83428e-02
dXdS[4] = 1.07140e-01
dXdS[5] = 1.74461e-01
dXdS[6] = 2.01878e-01
dXdS[7] = 2.92693e-01
dXdS[8] = 4.99320e-01
dXdS[9] = 1.00000e+00
dXdS[10] = 5.50225e-02
dXdS[11] = -1.27823e-01


Iteration: 89
Index of specified variable before Newton's method: 9
Temperature before Newton's method: 4.07821e+02 K
Pressure before Newton's method: 1.44618e+07 Pa
Interpolation Scheme: Polynomial (Cubic)
Mixed error in Newton's method (should be < 1): 2.58376e-01
Nº of Newton iterations: 1
Delta of specified variable for the next iteration: 2.84718e-02
Next Iteration variable updated index: 9
lnK[0]		lnK[1]		lnK[2]		lnK[3]		lnK[4]		lnK[5]		lnK[6]		lnK[7]		lnK[8]		lnK[9]		lnT(K)		lnP(Pa)		
-2.59045e-01	-6.38209e-02	-3.05021e-01	1.74363e-01	2.14916e-01	3.04794e-01	3.44210e-01	4.68072e-01	7.46097e-01	1.42359e+00	6.01083e+00	1.64870e+01
Sensitivity vector: 
dXdS[0] = -2.36603e-01
dXdS[1] = -9.48701e-02
dXdS[2] = -2.71297e-01
dXdS[3] = 8.04791e-02
dXdS[4] = 1.09252e-01
dXdS[5] = 1.76380e-01
dXdS[6] = 2.03795e-01
dXdS[7] = 2.94421e-01
dXdS[8] = 5.00513e-01
dXdS[9] = 1.00000e+00
dXdS[10] = 5.51365e-02
dXdS[11] = -1.25629e-01


Iteration: 90
Index of specified variable before Newton's method: 9
Temperature before Newton's method: 4.07181e+02 K
Pressure before Newton's method: 1.45132e+07 Pa
Interpolation Scheme: Polynomial (Cubic)
Mixed error in Newton's method (should be < 1): 2.39830e-01
Nº of Newton iterations: 1
Delta of specified variable for the next iteration: 2.79023e-02
Next Iteration variable updated index: 9
lnK[0]		lnK[1]		lnK[2]		lnK[3]		lnK[4]		lnK[5]		lnK[6]		lnK[7]		lnK[8]		lnK[9]		lnT(K)		lnP(Pa)		
-2.52347e-01	-6.11548e-02	-2.97337e-01	1.72042e-01	2.11776e-01	2.99746e-01	3.38381e-01	4.59666e-01	7.31830e-01	1.39512e+00	6.00926e+00	1.64906e+01
Sensitivity vector: 
dXdS[0] = -2.33905e-01
dXdS[1] = -9.24135e-02
dXdS[2] = -2.68490e-01
dXdS[3] = 8.25415e-02
dXdS[4] = 1.11292e-01
dXdS[5] = 1.78233e-01
dXdS[6] = 2.05646e-01
dXdS[7] = 2.96089e-01
dXdS[8] = 5.01666e-01
dXdS[9] = 1.00000e+00
dXdS[10] = 5.52483e-02
dXdS[11] = -1.23515e-01


Iteration: 91
Index of specified variable before Newton's method: 9
Temperature before Newton's method: 4.06553e+02 K
Pressure before Newton's method: 1.45629e+07 Pa
Interpolation Scheme: Polynomial (Cubic)
Mixed error in Newton's method (should be < 1): 2.22871e-01
Nº of Newton iterations: 1
Delta of specified variable for the next iteration: 2.73443e-02
Next Iteration variable updated index: 9
lnK[0]		lnK[1]		lnK[2]		lnK[3]		lnK[4]		lnK[5]		lnK[6]		lnK[7]		lnK[8]		lnK[9]		lnT(K)		lnP(Pa)		
-2.45857e-01	-5.86095e-02	-2.89883e-01	1.69711e-01	2.08643e-01	2.94747e-01	3.32618e-01	4.51381e-01	7.17817e-01	1.36721e+00	6.00771e+00	1.64940e+01
Sensitivity vector: 
dXdS[0] = -2.31300e-01
dXdS[1] = -9.00408e-02
dXdS[2] = -2.65779e-01
dXdS[3] = 8.45334e-02
dXdS[4] = 1.13262e-01
dXdS[5] = 1.80021e-01
dXdS[6] = 2.07435e-01
dXdS[7] = 2.97702e-01
dXdS[8] = 5.02778e-01
dXdS[9] = 1.00000e+00
dXdS[10] = 5.53579e-02
dXdS[11] = -1.21476e-01


Iteration: 92
Index of specified variable before Newton's method: 9
Temperature before Newton's method: 4.05937e+02 K
Pressure before Newton's method: 1.46109e+07 Pa
Interpolation Scheme: Polynomial (Cubic)
Mixed error in Newton's method (should be < 1): 2.07345e-01
Nº of Newton iterations: 1
Delta of specified variable for the next iteration: 2.67974e-02
Next Iteration variable updated index: 9
lnK[0]		lnK[1]		lnK[2]		lnK[3]		lnK[4]		lnK[5]		lnK[6]		lnK[7]		lnK[8]		lnK[9]		lnT(K)		lnP(Pa)		
-2.39566e-01	-5.61788e-02	-2.82651e-01	1.67373e-01	2.05520e-01	2.89801e-01	3.26922e-01	4.43220e-01	7.04054e-01	1.33987e+00	6.00620e+00	1.64973e+01
Sensitivity vector: 
dXdS[0] = -2.28783e-01
dXdS[1] = -8.77482e-02
dXdS[2] = -2.63160e-01
dXdS[3] = 8.64580e-02
dXdS[4] = 1.15166e-01
dXdS[5] = 1.81750e-01
dXdS[6] = 2.09164e-01
dXdS[7] = 2.99262e-01
dXdS[8] = 5.03854e-01
dXdS[9] = 1.00000e+00
dXdS[10] = 5.54655e-02
dXdS[11] = -1.19508e-01


Iteration: 93
Index of specified variable before Newton's method: 9
Temperature before Newton's method: 4.05334e+02 K
Pressure before Newton's method: 1.46574e+07 Pa
Interpolation Scheme: Polynomial (Cubic)
Mixed error in Newton's method (should be < 1): 1.93113e-01
Nº of Newton iterations: 1
Delta of specified variable for the next iteration: 2.62615e-02
Next Iteration variable updated index: 9
lnK[0]		lnK[1]		lnK[2]		lnK[3]		lnK[4]		lnK[5]		lnK[6]		lnK[7]		lnK[8]		lnK[9]		lnT(K)		lnP(Pa)		
-2.33468e-01	-5.38571e-02	-2.75633e-01	1.65031e-01	2.02409e-01	2.84908e-01	3.21295e-01	4.35180e-01	6.90538e-01	1.31307e+00	6.00471e+00	1.65005e+01
Sensitivity vector: 
dXdS[0] = -2.26351e-01
dXdS[1] = -8.55320e-02
dXdS[2] = -2.60627e-01
dXdS[3] = 8.83184e-02
dXdS[4] = 1.17007e-01
dXdS[5] = 1.83420e-01
dXdS[6] = 2.10836e-01
dXdS[7] = 3.00770e-01
dXdS[8] = 5.04894e-01
dXdS[9] = 1.00000e+00
dXdS[10] = 5.55709e-02
dXdS[11] = -1.17608e-01


Iteration: 94
Index of specified variable before Newton's method: 9
Temperature before Newton's method: 4.04742e+02 K
Pressure before Newton's method: 1.47024e+07 Pa
Interpolation Scheme: Polynomial (Cubic)
Mixed error in Newton's method (should be < 1): 1.80053e-01
Nº of Newton iterations: 1
Delta of specified variable for the next iteration: 2.57362e-02
Next Iteration variable updated index: 9
lnK[0]		lnK[1]		lnK[2]		lnK[3]		lnK[4]		lnK[5]		lnK[6]		lnK[7]		lnK[8]		lnK[9]		lnT(K)		lnP(Pa)		
-2.27555e-01	-5.16391e-02	-2.68821e-01	1.62688e-01	1.99313e-01	2.80070e-01	3.15737e-01	4.27262e-01	6.77266e-01	1.28681e+00	6.00325e+00	1.65035e+01
Sensitivity vector: 
dXdS[0] = -2.24000e-01
dXdS[1] = -8.33890e-02
dXdS[2] = -2.58178e-01
dXdS[3] = 9.01174e-02
dXdS[4] = 1.18788e-01
dXdS[5] = 1.85035e-01
dXdS[6] = 2.12454e-01
dXdS[7] = 3.02229e-01
dXdS[8] = 5.05899e-01
dXdS[9] = 1.00000e+00
dXdS[10] = 5.56744e-02
dXdS[11] = -1.15773e-01


Iteration: 95
Index of specified variable before Newton's method: 9
Temperature before Newton's method: 4.04162e+02 K
Pressure before Newton's method: 1.47460e+07 Pa
Interpolation Scheme: Polynomial (Cubic)
Mixed error in Newton's method (should be < 1): 1.68054e-01
Nº of Newton iterations: 1
Delta of specified variable for the next iteration: 2.52215e-02
Next Iteration variable updated index: 9
lnK[0]		lnK[1]		lnK[2]		lnK[3]		lnK[4]		lnK[5]		lnK[6]		lnK[7]		lnK[8]		lnK[9]		lnT(K)		lnP(Pa)		
-2.21819e-01	-4.95197e-02	-2.62207e-01	1.60346e-01	1.96234e-01	2.75288e-01	3.10249e-01	4.19466e-01	6.64233e-01	1.26107e+00	6.00182e+00	1.65065e+01
Sensitivity vector: 
dXdS[0] = -2.21726e-01
dXdS[1] = -8.13159e-02
dXdS[2] = -2.55809e-01
dXdS[3] = 9.18576e-02
dXdS[4] = 1.20510e-01
dXdS[5] = 1.86597e-01
dXdS[6] = 2.14019e-01
dXdS[7] = 3.03642e-01
dXdS[8] = 5.06872e-01
dXdS[9] = 1.00000e+00
dXdS[10] = 5.57759e-02
dXdS[11] = -1.13999e-01


Iteration: 96
Index of specified variable before Newton's method: 9
Temperature before Newton's method: 4.03593e+02 K
Pressure before Newton's method: 1.47881e+07 Pa
Interpolation Scheme: Polynomial (Cubic)
Mixed error in Newton's method (should be < 1): 1.57022e-01
Nº of Newton iterations: 1
Delta of specified variable for the next iteration: 2.47171e-02
Next Iteration variable updated index: 9
lnK[0]		lnK[1]		lnK[2]		lnK[3]		lnK[4]		lnK[5]		lnK[6]		lnK[7]		lnK[8]		lnK[9]		lnT(K)		lnP(Pa)		
-2.16255e-01	-4.74942e-02	-2.55784e-01	1.58008e-01	1.93173e-01	2.70563e-01	3.04832e-01	4.11790e-01	6.51437e-01	1.23585e+00	6.00041e+00	1.65093e+01
Sensitivity vector: 
dXdS[0] = -2.19526e-01
dXdS[1] = -7.93097e-02
dXdS[2] = -2.53516e-01
dXdS[3] = 9.35416e-02
dXdS[4] = 1.22178e-01
dXdS[5] = 1.88109e-01
dXdS[6] = 2.15535e-01
dXdS[7] = 3.05010e-01
dXdS[8] = 5.07813e-01
dXdS[9] = 1.00000e+00
dXdS[10] = 5.58756e-02
dXdS[11] = -1.12283e-01


Iteration: 97
Index of specified variable before Newton's method: 9
Temperature before Newton's method: 4.03036e+02 K
Pressure before Newton's method: 1.48289e+07 Pa
Interpolation Scheme: Polynomial (Cubic)
Mixed error in Newton's method (should be < 1): 1.46867e-01
Nº of Newton iterations: 1
Delta of specified variable for the next iteration: 2.42227e-02
Next Iteration variable updated index: 9
lnK[0]		lnK[1]		lnK[2]		lnK[3]		lnK[4]		lnK[5]		lnK[6]		lnK[7]		lnK[8]		lnK[9]		lnT(K)		lnP(Pa)		
-2.10855e-01	-4.55579e-02	-2.49546e-01	1.55676e-01	1.90133e-01	2.65895e-01	2.99486e-01	4.04235e-01	6.38874e-01	1.21114e+00	5.99903e+00	1.65121e+01
Sensitivity vector: 
dXdS[0] = -2.17397e-01
dXdS[1] = -7.73676e-02
dXdS[2] = -2.51297e-01
dXdS[3] = 9.51719e-02
dXdS[4] = 1.23792e-01
dXdS[5] = 1.89572e-01
dXdS[6] = 2.17003e-01
dXdS[7] = 3.06335e-01
dXdS[8] = 5.08725e-01
dXdS[9] = 1.00000e+00
dXdS[10] = 5.59734e-02
dXdS[11] = -1.10624e-01


Iteration: 98
Index of specified variable before Newton's method: 9
Temperature before Newton's method: 4.02489e+02 K
Pressure before Newton's method: 1.48684e+07 Pa
Interpolation Scheme: Polynomial (Cubic)
Mixed error in Newton's method (should be < 1): 1.37511e-01
Nº of Newton iterations: 1
Delta of specified variable for the next iteration: 2.37383e-02
Next Iteration variable updated index: 9
lnK[0]		lnK[1]		lnK[2]		lnK[3]		lnK[4]		lnK[5]		lnK[6]		lnK[7]		lnK[8]		lnK[9]		lnT(K)		lnP(Pa)		
-2.05614e-01	-4.37067e-02	-2.43485e-01	1.53352e-01	1.87116e-01	2.61286e-01	2.94213e-01	3.96799e-01	6.26541e-01	1.18691e+00	5.99767e+00	1.65147e+01
Sensitivity vector: 
dXdS[0] = -2.15336e-01
dXdS[1] = -7.54869e-02
dXdS[2] = -2.49148e-01
dXdS[3] = 9.67505e-02
dXdS[4] = 1.25356e-01
dXdS[5] = 1.90989e-01
dXdS[6] = 2.18425e-01
dXdS[7] = 3.07619e-01
dXdS[8] = 5.09608e-01
dXdS[9] = 1.00000e+00
dXdS[10] = 5.60694e-02
dXdS[11] = -1.09018e-01


Iteration: 99
Index of specified variable before Newton's method: 9
Temperature before Newton's method: 4.01954e+02 K
Pressure before Newton's method: 1.49066e+07 Pa
Interpolation Scheme: Polynomial (Cubic)
Mixed error in Newton's method (should be < 1): 1.28885e-01
Nº of Newton iterations: 1
Delta of specified variable for the next iteration: 2.32635e-02
Next Iteration variable updated index: 9
lnK[0]		lnK[1]		lnK[2]		lnK[3]		lnK[4]		lnK[5]		lnK[6]		lnK[7]		lnK[8]		lnK[9]		lnT(K)		lnP(Pa)		
-2.00526e-01	-4.19364e-02	-2.37595e-01	1.51037e-01	1.84122e-01	2.56736e-01	2.89011e-01	3.89482e-01	6.14433e-01	1.16318e+00	5.99634e+00	1.65173e+01
Sensitivity vector: 
dXdS[0] = -2.13340e-01
dXdS[1] = -7.36651e-02
dXdS[2] = -2.47066e-01
dXdS[3] = 9.82797e-02
dXdS[4] = 1.26872e-01
dXdS[5] = 1.92362e-01
dXdS[6] = 2.19802e-01
dXdS[7] = 3.08864e-01
dXdS[8] = 5.10463e-01
dXdS[9] = 1.00000e+00
dXdS[10] = 5.61637e-02
dXdS[11] = -1.07463e-01


Iteration: 100
Index of specified variable before Newton's method: 9
Temperature before Newton's method: 4.01428e+02 K
Pressure before Newton's method: 1.49437e+07 Pa
Interpolation Scheme: Polynomial (Cubic)
Mixed error in Newton's method (should be < 1): 1.20927e-01
Nº of Newton iterations: 1
Delta of specified variable for the next iteration: 2.27982e-02
Next Iteration variable updated index: 9
lnK[0]		lnK[1]		lnK[2]		lnK[3]		lnK[4]		lnK[5]		lnK[6]		lnK[7]		lnK[8]		lnK[9]		lnT(K)		lnP(Pa)		
-1.95586e-01	-4.02433e-02	-2.31871e-01	1.48733e-01	1.81154e-01	2.52245e-01	2.83882e-01	3.82282e-01	6.02549e-01	1.13991e+00	5.99503e+00	1.65198e+01
Sensitivity vector: 
dXdS[0] = -2.11407e-01
dXdS[1] = -7.18997e-02
dXdS[2] = -2.45049e-01
dXdS[3] = 9.97615e-02
dXdS[4] = 1.28340e-01
dXdS[5] = 1.93692e-01
dXdS[6] = 2.21138e-01
dXdS[7] = 3.10071e-01
dXdS[8] = 5.11293e-01
dXdS[9] = 1.00000e+00
dXdS[10] = 5.62562e-02
dXdS[11] = -1.05957e-01


Iteration: 101
Index of specified variable before Newton's method: 9
Temperature before Newton's method: 4.00913e+02 K
Pressure before Newton's method: 1.49796e+07 Pa
Interpolation Scheme: Polynomial (Cubic)
Mixed error in Newton's method (should be < 1): 1.13579e-01
Nº of Newton iterations: 1
Delta of specified variable for the next iteration: 2.23423e-02
Next Iteration variable updated index: 9
lnK[0]		lnK[1]		lnK[2]		lnK[3]		lnK[4]		lnK[5]		lnK[6]		lnK[7]		lnK[8]		lnK[9]		lnT(K)		lnP(Pa)		
-1.90788e-01	-3.86237e-02	-2.26307e-01	1.46442e-01	1.78211e-01	2.47815e-01	2.78826e-01	3.75200e-01	5.90883e-01	1.11711e+00	5.99375e+00	1.65222e+01
Sensitivity vector: 
dXdS[0] = -2.09533e-01
dXdS[1] = -7.01886e-02
dXdS[2] = -2.43095e-01
dXdS[3] = 1.01198e-01
dXdS[4] = 1.29764e-01
dXdS[5] = 1.94981e-01
dXdS[6] = 2.22433e-01
dXdS[7] = 3.11241e-01
dXdS[8] = 5.12096e-01
dXdS[9] = 1.00000e+00
dXdS[10] = 5.63470e-02
dXdS[11] = -1.04497e-01


Iteration: 102
Index of specified variable before Newton's method: 9
Temperature before Newton's method: 4.00409e+02 K
Pressure before Newton's method: 1.50144e+07 Pa
Interpolation Scheme: Polynomial (Cubic)
Mixed error in Newton's method (should be < 1): 1.06788e-01
Nº of Newton iterations: 1
Delta of specified variable for the next iteration: 2.18954e-02
Next Iteration variable updated index: 9
lnK[0]		lnK[1]		lnK[2]		lnK[3]		lnK[4]		lnK[5]		lnK[6]		lnK[7]		lnK[8]		lnK[9]		lnT(K)		lnP(Pa)		
-1.86126e-01	-3.70740e-02	-2.20896e-01	1.44166e-01	1.75297e-01	2.43444e-01	2.73842e-01	3.68233e-01	5.79433e-01	1.09477e+00	5.99249e+00	1.65245e+01
Sensitivity vector: 
dXdS[0] = -2.07717e-01
dXdS[1] = -6.85295e-02
dXdS[2] = -2.41200e-01
dXdS[3] = 1.02590e-01
dXdS[4] = 1.31145e-01
dXdS[5] = 1.96230e-01
dXdS[6] = 2.23690e-01
dXdS[7] = 3.12376e-01
dXdS[8] = 5.12876e-01
dXdS[9] = 1.00000e+00
dXdS[10] = 5.64362e-02
dXdS[11] = -1.03082e-01


Iteration: 103
Index of specified variable before Newton's method: 9
Temperature before Newton's method: 3.99914e+02 K
Pressure before Newton's method: 1.50481e+07 Pa
Interpolation Scheme: Polynomial (Cubic)
Mixed error in Newton's method (should be < 1): 1.00514e-01
Nº of Newton iterations: 1
Delta of specified variable for the next iteration: 2.14575e-02
Next Iteration variable updated index: 9
lnK[0]		lnK[1]		lnK[2]		lnK[3]		lnK[4]		lnK[5]		lnK[6]		lnK[7]		lnK[8]		lnK[9]		lnT(K)		lnP(Pa)		
-1.81598e-01	-3.55912e-02	-2.15635e-01	1.41905e-01	1.72411e-01	2.39135e-01	2.68931e-01	3.61382e-01	5.68195e-01	1.07288e+00	5.99125e+00	1.65268e+01
Sensitivity vector: 
dXdS[0] = -2.05957e-01
dXdS[1] = -6.69205e-02
dXdS[2] = -2.39362e-01
dXdS[3] = 1.03941e-01
dXdS[4] = 1.32484e-01
dXdS[5] = 1.97443e-01
dXdS[6] = 2.24909e-01
dXdS[7] = 3.13478e-01
dXdS[8] = 5.13632e-01
dXdS[9] = 1.00000e+00
dXdS[10] = 5.65237e-02
dXdS[11] = -1.01711e-01


Iteration: 104
Index of specified variable before Newton's method: 9
Temperature before Newton's method: 3.99429e+02 K
Pressure before Newton's method: 1.50807e+07 Pa
Interpolation Scheme: Polynomial (Cubic)
Mixed error in Newton's method (should be < 1): 9.47069e-02
Nº of Newton iterations: 1
Delta of specified variable for the next iteration: 2.10284e-02
Next Iteration variable updated index: 9
lnK[0]		lnK[1]		lnK[2]		lnK[3]		lnK[4]		lnK[5]		lnK[6]		lnK[7]		lnK[8]		lnK[9]		lnT(K)		lnP(Pa)		
-1.77197e-01	-3.41720e-02	-2.10519e-01	1.39660e-01	1.69554e-01	2.34885e-01	2.64092e-01	3.54644e-01	5.57166e-01	1.05142e+00	5.99004e+00	1.65289e+01
Sensitivity vector: 
dXdS[0] = -2.04249e-01
dXdS[1] = -6.53595e-02
dXdS[2] = -2.37579e-01
dXdS[3] = 1.05251e-01
dXdS[4] = 1.33784e-01
dXdS[5] = 1.98618e-01
dXdS[6] = 2.26092e-01
dXdS[7] = 3.14548e-01
dXdS[8] = 5.14366e-01
dXdS[9] = 1.00000e+00
dXdS[10] = 5.66097e-02
dXdS[11] = -1.00380e-01


Iteration: 105
Index of specified variable before Newton's method: 9
Temperature before Newton's method: 3.98953e+02 K
Pressure before Newton's method: 1.51124e+07 Pa
Interpolation Scheme: Polynomial (Cubic)
Mixed error in Newton's method (should be < 1): 8.93430e-02
Nº of Newton iterations: 1
Delta of specified variable for the next iteration: 2.06078e-02
Next Iteration variable updated index: 9
lnK[0]		lnK[1]		lnK[2]		lnK[3]		lnK[4]		lnK[5]		lnK[6]		lnK[7]		lnK[8]		lnK[9]		lnT(K)		lnP(Pa)		
-1.72919e-01	-3.28136e-02	-2.05541e-01	1.37434e-01	1.66727e-01	2.30697e-01	2.59326e-01	3.48018e-01	5.46342e-01	1.03039e+00	5.98884e+00	1.65310e+01
Sensitivity vector: 
dXdS[0] = -2.02593e-01
dXdS[1] = -6.38448e-02
dXdS[2] = -2.35850e-01
dXdS[3] = 1.06522e-01
dXdS[4] = 1.35045e-01
dXdS[5] = 1.99759e-01
dXdS[6] = 2.27240e-01
dXdS[7] = 3.15586e-01
dXdS[8] = 5.15078e-01
dXdS[9] = 1.00000e+00
dXdS[10] = 5.66941e-02
dXdS[11] = -9.90883e-02


Iteration: 106
Index of specified variable before Newton's method: 9
Temperature before Newton's method: 3.98487e+02 K
Pressure before Newton's method: 1.51431e+07 Pa
Interpolation Scheme: Polynomial (Cubic)
Mixed error in Newton's method (should be < 1): 8.43711e-02
Nº of Newton iterations: 1
Delta of specified variable for the next iteration: 2.01956e-02
Next Iteration variable updated index: 9
lnK[0]		lnK[1]		lnK[2]		lnK[3]		lnK[4]		lnK[5]		lnK[6]		lnK[7]		lnK[8]		lnK[9]		lnT(K)		lnP(Pa)		
-1.68761e-01	-3.15131e-02	-2.00698e-01	1.35226e-01	1.63932e-01	2.26569e-01	2.54631e-01	3.41504e-01	5.35720e-01	1.00978e+00	5.98767e+00	1.65331e+01
Sensitivity vector: 
dXdS[0] = -2.00986e-01
dXdS[1] = -6.23746e-02
dXdS[2] = -2.34171e-01
dXdS[3] = 1.07756e-01
dXdS[4] = 1.36270e-01
dXdS[5] = 2.00867e-01
dXdS[6] = 2.28355e-01
dXdS[7] = 3.16595e-01
dXdS[8] = 5.15770e-01
dXdS[9] = 1.00000e+00
dXdS[10] = 5.67769e-02
dXdS[11] = -9.78347e-02


Iteration: 107
Index of specified variable before Newton's method: 9
Temperature before Newton's method: 3.98030e+02 K
Pressure before Newton's method: 1.51728e+07 Pa
Interpolation Scheme: Polynomial (Cubic)
Mixed error in Newton's method (should be < 1): 7.97813e-02
Nº of Newton iterations: 1
Delta of specified variable for the next iteration: 1.97917e-02
Next Iteration variable updated index: 9
lnK[0]		lnK[1]		lnK[2]		lnK[3]		lnK[4]		lnK[5]		lnK[6]		lnK[7]		lnK[8]		lnK[9]		lnT(K)		lnP(Pa)		
-1.64717e-01	-3.02678e-02	-1.95985e-01	1.33037e-01	1.61168e-01	2.22501e-01	2.50009e-01	3.35101e-01	5.25297e-01	9.89587e-01	5.98653e+00	1.65350e+01
Sensitivity vector: 
dXdS[0] = -1.99426e-01
dXdS[1] = -6.09473e-02
dXdS[2] = -2.32542e-01
dXdS[3] = 1.08954e-01
dXdS[4] = 1.37459e-01
dXdS[5] = 2.01942e-01
dXdS[6] = 2.29438e-01
dXdS[7] = 3.17574e-01
dXdS[8] = 5.16442e-01
dXdS[9] = 1.00000e+00
dXdS[10] = 5.68582e-02
dXdS[11] = -9.66175e-02


Iteration: 108
Index of specified variable before Newton's method: 9
Temperature before Newton's method: 3.97582e+02 K
Pressure before Newton's method: 1.52017e+07 Pa
Interpolation Scheme: Polynomial (Cubic)
Mixed error in Newton's method (should be < 1): 7.55244e-02
Nº of Newton iterations: 1
Delta of specified variable for the next iteration: 1.93959e-02
Next Iteration variable updated index: 9
lnK[0]		lnK[1]		lnK[2]		lnK[3]		lnK[4]		lnK[5]		lnK[6]		lnK[7]		lnK[8]		lnK[9]		lnT(K)		lnP(Pa)		
-1.60785e-01	-2.90753e-02	-1.91398e-01	1.30870e-01	1.58436e-01	2.18494e-01	2.45457e-01	3.28806e-01	5.15069e-01	9.69795e-01	5.98540e+00	1.65369e+01
Sensitivity vector: 
dXdS[0] = -1.97912e-01
dXdS[1] = -5.95612e-02
dXdS[2] = -2.30960e-01
dXdS[3] = 1.10118e-01
dXdS[4] = 1.38614e-01
dXdS[5] = 2.02986e-01
dXdS[6] = 2.30490e-01
dXdS[7] = 3.18526e-01
dXdS[8] = 5.17094e-01
dXdS[9] = 1.00000e+00
dXdS[10] = 5.69380e-02
dXdS[11] = -9.54353e-02


Iteration: 109
Index of specified variable before Newton's method: 9
Temperature before Newton's method: 3.97143e+02 K
Pressure before Newton's method: 1.52297e+07 Pa
Interpolation Scheme: Polynomial (Cubic)
Mixed error in Newton's method (should be < 1): 7.15897e-02
Nº of Newton iterations: 1
Delta of specified variable for the next iteration: 1.90080e-02
Next Iteration variable updated index: 9
lnK[0]		lnK[1]		lnK[2]		lnK[3]		lnK[4]		lnK[5]		lnK[6]		lnK[7]		lnK[8]		lnK[9]		lnT(K)		lnP(Pa)		
-1.56961e-01	-2.79331e-02	-1.86934e-01	1.28723e-01	1.55736e-01	2.14547e-01	2.40977e-01	3.22619e-01	5.05034e-01	9.50399e-01	5.98430e+00	1.65388e+01
Sensitivity vector: 
dXdS[0] = -1.96442e-01
dXdS[1] = -5.82148e-02
dXdS[2] = -2.29424e-01
dXdS[3] = 1.11248e-01
dXdS[4] = 1.39737e-01
dXdS[5] = 2.04001e-01
dXdS[6] = 2.31512e-01
dXdS[7] = 3.19452e-01
dXdS[8] = 5.17728e-01
dXdS[9] = 1.00000e+00
dXdS[10] = 5.70164e-02
dXdS[11] = -9.42867e-02


Iteration: 110
Index of specified variable before Newton's method: 9
Temperature before Newton's method: 3.96712e+02 K
Pressure before Newton's method: 1.52569e+07 Pa
Interpolation Scheme: Polynomial (Cubic)
Mixed error in Newton's method (should be < 1): 6.79437e-02
Nº of Newton iterations: 1
Delta of specified variable for the next iteration: 1.86278e-02
Next Iteration variable updated index: 9
lnK[0]		lnK[1]		lnK[2]		lnK[3]		lnK[4]		lnK[5]		lnK[6]		lnK[7]		lnK[8]		lnK[9]		lnT(K)		lnP(Pa)		
-1.53241e-01	-2.68390e-02	-1.82587e-01	1.26598e-01	1.53070e-01	2.10660e-01	2.36567e-01	3.16538e-01	4.95187e-01	9.31391e-01	5.98321e+00	1.65405e+01
Sensitivity vector: 
dXdS[0] = -1.95013e-01
dXdS[1] = -5.69068e-02
dXdS[2] = -2.27931e-01
dXdS[3] = 1.12346e-01
dXdS[4] = 1.40827e-01
dXdS[5] = 2.04986e-01
dXdS[6] = 2.32506e-01
dXdS[7] = 3.20351e-01
dXdS[8] = 5.18344e-01
dXdS[9] = 1.00000e+00
dXdS[10] = 5.70933e-02
dXdS[11] = -9.31705e-02


Iteration: 111
Index of specified variable before Newton's method: 9
Temperature before Newton's method: 3.96290e+02 K
Pressure before Newton's method: 1.52832e+07 Pa
Interpolation Scheme: Polynomial (Cubic)
Mixed error in Newton's method (should be < 1): 6.45954e-02
Nº of Newton iterations: 1
Delta of specified variable for the next iteration: 1.82553e-02
Next Iteration variable updated index: 9
lnK[0]		lnK[1]		lnK[2]		lnK[3]		lnK[4]		lnK[5]		lnK[6]		lnK[7]		lnK[8]		lnK[9]		lnT(K)		lnP(Pa)		
-1.49621e-01	-2.57908e-02	-1.78355e-01	1.24495e-01	1.50436e-01	2.06833e-01	2.32227e-01	3.10563e-01	4.85526e-01	9.12763e-01	5.98215e+00	1.65423e+01
Sensitivity vector: 
dXdS[0] = -1.93626e-01
dXdS[1] = -5.56357e-02
dXdS[2] = -2.26481e-01
dXdS[3] = 1.13412e-01
dXdS[4] = 1.41887e-01
dXdS[5] = 2.05944e-01
dXdS[6] = 2.33472e-01
dXdS[7] = 3.21225e-01
dXdS[8] = 5.18943e-01
dXdS[9] = 1.00000e+00
dXdS[10] = 5.71688e-02
dXdS[11] = -9.20854e-02


Iteration: 112
Index of specified variable before Newton's method: 9
Temperature before Newton's method: 3.95877e+02 K
Pressure before Newton's method: 1.53088e+07 Pa
Interpolation Scheme: Polynomial (Cubic)
Mixed error in Newton's method (should be < 1): 6.14938e-02
Nº of Newton iterations: 1
Delta of specified variable for the next iteration: 1.78902e-02
Next Iteration variable updated index: 9
lnK[0]		lnK[1]		lnK[2]		lnK[3]		lnK[4]		lnK[5]		lnK[6]		lnK[7]		lnK[8]		lnK[9]		lnT(K)		lnP(Pa)		
-1.46099e-01	-2.47865e-02	-1.74233e-01	1.22415e-01	1.47837e-01	2.03065e-01	2.27956e-01	3.04691e-01	4.76047e-01	8.94508e-01	5.98110e+00	1.65439e+01
Sensitivity vector: 
dXdS[0] = -1.92278e-01
dXdS[1] = -5.44003e-02
dXdS[2] = -2.25073e-01
dXdS[3] = 1.14449e-01
dXdS[4] = 1.42918e-01
dXdS[5] = 2.06874e-01
dXdS[6] = 2.34411e-01
dXdS[7] = 3.22076e-01
dXdS[8] = 5.19525e-01
dXdS[9] = 1.00000e+00
dXdS[10] = 5.72429e-02
dXdS[11] = -9.10303e-02


Iteration: 113
Index of specified variable before Newton's method: 9
Temperature before Newton's method: 3.95471e+02 K
Pressure before Newton's method: 1.53336e+07 Pa
Interpolation Scheme: Polynomial (Cubic)
Mixed error in Newton's method (should be < 1): 5.86346e-02
Nº of Newton iterations: 1
Delta of specified variable for the next iteration: 1.75324e-02
Next Iteration variable updated index: 9
lnK[0]		lnK[1]		lnK[2]		lnK[3]		lnK[4]		lnK[5]		lnK[6]		lnK[7]		lnK[8]		lnK[9]		lnT(K)		lnP(Pa)		
-1.42670e-01	-2.38240e-02	-1.70219e-01	1.20359e-01	1.45271e-01	1.99355e-01	2.23754e-01	2.98921e-01	4.66747e-01	8.76618e-01	5.98008e+00	1.65456e+01
Sensitivity vector: 
dXdS[0] = -1.90968e-01
dXdS[1] = -5.31993e-02
dXdS[2] = -2.23703e-01
dXdS[3] = 1.15457e-01
dXdS[4] = 1.43920e-01
dXdS[5] = 2.07779e-01
dXdS[6] = 2.35324e-01
dXdS[7] = 3.22903e-01
dXdS[8] = 5.20091e-01
dXdS[9] = 1.00000e+00
dXdS[10] = 5.73156e-02
dXdS[11] = -9.00041e-02


Iteration: 114
Index of specified variable before Newton's method: 9
Temperature before Newton's method: 3.95074e+02 K
Pressure before Newton's method: 1.53577e+07 Pa
Interpolation Scheme: Polynomial (Cubic)
Mixed error in Newton's method (should be < 1): 5.60043e-02
Nº of Newton iterations: 1
Delta of specified variable for the next iteration: 1.71817e-02
Next Iteration variable updated index: 9
lnK[0]		lnK[1]		lnK[2]		lnK[3]		lnK[4]		lnK[5]		lnK[6]		lnK[7]		lnK[8]		lnK[9]		lnT(K)		lnP(Pa)		
-1.39333e-01	-2.29015e-02	-1.66308e-01	1.18326e-01	1.42739e-01	1.95705e-01	2.19621e-01	2.93253e-01	4.57624e-01	8.59085e-01	5.97907e+00	1.65471e+01
Sensitivity vector: 
dXdS[0] = -1.89695e-01
dXdS[1] = -5.20315e-02
dXdS[2] = -2.22372e-01
dXdS[3] = 1.16437e-01
dXdS[4] = 1.44894e-01
dXdS[5] = 2.08659e-01
dXdS[6] = 2.36213e-01
dXdS[7] = 3.23707e-01
dXdS[8] = 5.20642e-01
dXdS[9] = 1.00000e+00
dXdS[10] = 5.73869e-02
dXdS[11] = -8.90059e-02


Iteration: 115
Index of specified variable before Newton's method: 9
Temperature before Newton's method: 3.94684e+02 K
Pressure before Newton's method: 1.53810e+07 Pa
Interpolation Scheme: Polynomial (Cubic)
Mixed error in Newton's method (should be < 1): 5.36017e-02
Nº of Newton iterations: 1
Delta of specified variable for the next iteration: 1.68381e-02
Next Iteration variable updated index: 9
lnK[0]		lnK[1]		lnK[2]		lnK[3]		lnK[4]		lnK[5]		lnK[6]		lnK[7]		lnK[8]		lnK[9]		lnT(K)		lnP(Pa)		
-1.36085e-01	-2.20173e-02	-1.62499e-01	1.16317e-01	1.40242e-01	1.92112e-01	2.15555e-01	2.87684e-01	4.48674e-01	8.41904e-01	5.97809e+00	1.65486e+01
Sensitivity vector: 
dXdS[0] = -1.88457e-01
dXdS[1] = -5.08957e-02
dXdS[2] = -2.21077e-01
dXdS[3] = 1.17391e-01
dXdS[4] = 1.45842e-01
dXdS[5] = 2.09515e-01
dXdS[6] = 2.37077e-01
dXdS[7] = 3.24490e-01
dXdS[8] = 5.21177e-01
dXdS[9] = 1.00000e+00
dXdS[10] = 5.74570e-02
dXdS[11] = -8.80346e-02


Iteration: 116
Index of specified variable before Newton's method: 9
Temperature before Newton's method: 3.94302e+02 K
Pressure before Newton's method: 1.54037e+07 Pa
Interpolation Scheme: Polynomial (Cubic)
Mixed error in Newton's method (should be < 1): 5.14168e-02
Nº of Newton iterations: 1
Delta of specified variable for the next iteration: 1.65013e-02
Next Iteration variable updated index: 9
lnK[0]		lnK[1]		lnK[2]		lnK[3]		lnK[4]		lnK[5]		lnK[6]		lnK[7]		lnK[8]		lnK[9]		lnT(K)		lnP(Pa)		
-1.32922e-01	-2.11696e-02	-1.58787e-01	1.14332e-01	1.37778e-01	1.88578e-01	2.11556e-01	2.82214e-01	4.39894e-01	8.25066e-01	5.97712e+00	1.65501e+01
Sensitivity vector: 
dXdS[0] = -1.87253e-01
dXdS[1] = -4.97910e-02
dXdS[2] = -2.19819e-01
dXdS[3] = 1.18318e-01
dXdS[4] = 1.46764e-01
dXdS[5] = 2.10348e-01
dXdS[6] = 2.37918e-01
dXdS[7] = 3.25252e-01
dXdS[8] = 5.21699e-01
dXdS[9] = 1.00000e+00
dXdS[10] = 5.75257e-02
dXdS[11] = -8.70892e-02


Iteration: 117
Index of specified variable before Newton's method: 9
Temperature before Newton's method: 3.93928e+02 K
Pressure before Newton's method: 1.54258e+07 Pa
Interpolation Scheme: Polynomial (Cubic)
Mixed error in Newton's method (should be < 1): 4.93983e-02
Nº of Newton iterations: 1
Delta of specified variable for the next iteration: 1.61713e-02
Next Iteration variable updated index: 9
lnK[0]		lnK[1]		lnK[2]		lnK[3]		lnK[4]		lnK[5]		lnK[6]		lnK[7]		lnK[8]		lnK[9]		lnT(K)		lnP(Pa)		
-1.29841e-01	-2.03569e-02	-1.55170e-01	1.12373e-01	1.35349e-01	1.85100e-01	2.07623e-01	2.76841e-01	4.31281e-01	8.08564e-01	5.97617e+00	1.65516e+01
Sensitivity vector: 
dXdS[0] = -1.86082e-01
dXdS[1] = -4.87162e-02
dXdS[2] = -2.18594e-01
dXdS[3] = 1.19220e-01
dXdS[4] = 1.47662e-01
dXdS[5] = 2.11158e-01
dXdS[6] = 2.38737e-01
dXdS[7] = 3.25994e-01
dXdS[8] = 5.22206e-01
dXdS[9] = 1.00000e+00
dXdS[10] = 5.75931e-02
dXdS[11] = -8.61689e-02


Iteration: 118
Index of specified variable before Newton's method: 9
Temperature before Newton's method: 3.93561e+02 K
Pressure before Newton's method: 1.54472e+07 Pa
Interpolation Scheme: Polynomial (Cubic)
Mixed error in Newton's method (should be < 1): 4.76117e-02
Nº of Newton iterations: 1
Delta of specified variable for the next iteration: 1.58479e-02
Next Iteration variable updated index: 9
lnK[0]		lnK[1]		lnK[2]		lnK[3]		lnK[4]		lnK[5]		lnK[6]		lnK[7]		lnK[8]		lnK[9]		lnT(K)		lnP(Pa)		
-1.26842e-01	-1.95776e-02	-1.51644e-01	1.10438e-01	1.32954e-01	1.81679e-01	2.03756e-01	2.71563e-01	4.22832e-01	7.92393e-01	5.97524e+00	1.65529e+01
Sensitivity vector: 
dXdS[0] = -1.84943e-01
dXdS[1] = -4.76703e-02
dXdS[2] = -2.17403e-01
dXdS[3] = 1.20098e-01
dXdS[4] = 1.48535e-01
dXdS[5] = 2.11946e-01
dXdS[6] = 2.39533e-01
dXdS[7] = 3.26716e-01
dXdS[8] = 5.22700e-01
dXdS[9] = 1.00000e+00
dXdS[10] = 5.76593e-02
dXdS[11] = -8.52729e-02


Iteration: 119
Index of specified variable before Newton's method: 9
Temperature before Newton's method: 3.93201e+02 K
Pressure before Newton's method: 1.54679e+07 Pa
Interpolation Scheme: Polynomial (Cubic)
Mixed error in Newton's method (should be < 1): 4.60060e-02
Nº of Newton iterations: 1
Delta of specified variable for the next iteration: 1.55309e-02
Next Iteration variable updated index: 9
lnK[0]		lnK[1]		lnK[2]		lnK[3]		lnK[4]		lnK[5]		lnK[6]		lnK[7]		lnK[8]		lnK[9]		lnT(K)		lnP(Pa)		
-1.23919e-01	-1.88302e-02	-1.48208e-01	1.08528e-01	1.30593e-01	1.78314e-01	1.99954e-01	2.66380e-01	4.14545e-01	7.76545e-01	5.97432e+00	1.65543e+01
Sensitivity vector: 
dXdS[0] = -1.83835e-01
dXdS[1] = -4.66525e-02
dXdS[2] = -2.16244e-01
dXdS[3] = 1.20952e-01
dXdS[4] = 1.49385e-01
dXdS[5] = 2.12713e-01
dXdS[6] = 2.40309e-01
dXdS[7] = 3.27419e-01
dXdS[8] = 5.23181e-01
dXdS[9] = 1.00000e+00
dXdS[10] = 5.77242e-02
dXdS[11] = -8.44003e-02


Iteration: 120
Index of specified variable before Newton's method: 9
Temperature before Newton's method: 3.92849e+02 K
Pressure before Newton's method: 1.54881e+07 Pa
Interpolation Scheme: Polynomial (Cubic)
Mixed error in Newton's method (should be < 1): 4.45841e-02
Nº of Newton iterations: 1
Delta of specified variable for the next iteration: 1.52203e-02
Next Iteration variable updated index: 9
lnK[0]		lnK[1]		lnK[2]		lnK[3]		lnK[4]		lnK[5]		lnK[6]		lnK[7]		lnK[8]		lnK[9]		lnT(K)		lnP(Pa)		
-1.21073e-01	-1.81133e-02	-1.44858e-01	1.06643e-01	1.28267e-01	1.75004e-01	1.96215e-01	2.61290e-01	4.06416e-01	7.61014e-01	5.97342e+00	1.65556e+01
Sensitivity vector: 
dXdS[0] = -1.82757e-01
dXdS[1] = -4.56617e-02
dXdS[2] = -2.15116e-01
dXdS[3] = 1.21784e-01
dXdS[4] = 1.50213e-01
dXdS[5] = 2.13460e-01
dXdS[6] = 2.41065e-01
dXdS[7] = 3.28104e-01
dXdS[8] = 5.23649e-01
dXdS[9] = 1.00000e+00
dXdS[10] = 5.77879e-02
dXdS[11] = -8.35504e-02


Iteration: 121
Index of specified variable before Newton's method: 9
Temperature before Newton's method: 3.92503e+02 K
Pressure before Newton's method: 1.55077e+07 Pa
Interpolation Scheme: Polynomial (Cubic)
Mixed error in Newton's method (should be < 1): 4.33903e-02
Nº of Newton iterations: 1
Delta of specified variable for the next iteration: 1.49159e-02
Next Iteration variable updated index: 9
lnK[0]		lnK[1]		lnK[2]		lnK[3]		lnK[4]		lnK[5]		lnK[6]		lnK[7]		lnK[8]		lnK[9]		lnT(K)		lnP(Pa)		
-1.18299e-01	-1.74257e-02	-1.41593e-01	1.04783e-01	1.25974e-01	1.71750e-01	1.92541e-01	2.56291e-01	3.98442e-01	7.45794e-01	5.97254e+00	1.65569e+01
Sensitivity vector: 
dXdS[0] = -1.81707e-01
dXdS[1] = -4.46971e-02
dXdS[2] = -2.14018e-01
dXdS[3] = 1.22593e-01
dXdS[4] = 1.51019e-01
dXdS[5] = 2.14187e-01
dXdS[6] = 2.41800e-01
dXdS[7] = 3.28771e-01
dXdS[8] = 5.24105e-01
dXdS[9] = 1.00000e+00
dXdS[10] = 5.78504e-02
dXdS[11] = -8.27224e-02


Iteration: 122
Index of specified variable before Newton's method: 9
Temperature before Newton's method: 3.92165e+02 K
Pressure before Newton's method: 1.55268e+07 Pa
Interpolation Scheme: Polynomial (Cubic)
Mixed error in Newton's method (should be < 1): 4.23917e-02
Nº of Newton iterations: 1
Delta of specified variable for the next iteration: 1.46176e-02
Next Iteration variable updated index: 9
lnK[0]		lnK[1]		lnK[2]		lnK[3]		lnK[4]		lnK[5]		lnK[6]		lnK[7]		lnK[8]		lnK[9]		lnT(K)		lnP(Pa)		
-1.15596e-01	-1.67660e-02	-1.38408e-01	1.02948e-01	1.23716e-01	1.68550e-01	1.88929e-01	2.51382e-01	3.90621e-01	7.30878e-01	5.97168e+00	1.65581e+01
Sensitivity vector: 
dXdS[0] = -1.80685e-01
dXdS[1] = -4.37579e-02
dXdS[2] = -2.12949e-01
dXdS[3] = 1.23382e-01
dXdS[4] = 1.51804e-01
dXdS[5] = 2.14895e-01
dXdS[6] = 2.42517e-01
dXdS[7] = 3.29421e-01
dXdS[8] = 5.24549e-01
dXdS[9] = 1.00000e+00
dXdS[10] = 5.79117e-02
dXdS[11] = -8.19156e-02


Iteration: 123
Index of specified variable before Newton's method: 9
Temperature before Newton's method: 3.91833e+02 K
Pressure before Newton's method: 1.55453e+07 Pa
Interpolation Scheme: Polynomial (Cubic)
Mixed error in Newton's method (should be < 1): 4.15879e-02
Nº of Newton iterations: 1
Delta of specified variable for the next iteration: 1.43252e-02
Next Iteration variable updated index: 9
lnK[0]		lnK[1]		lnK[2]		lnK[3]		lnK[4]		lnK[5]		lnK[6]		lnK[7]		lnK[8]		lnK[9]		lnT(K)		lnP(Pa)		
-1.12962e-01	-1.61331e-02	-1.35303e-01	1.01139e-01	1.21491e-01	1.65404e-01	1.85379e-01	2.46562e-01	3.82951e-01	7.16261e-01	5.97083e+00	1.65593e+01
Sensitivity vector: 
dXdS[0] = -1.79691e-01
dXdS[1] = -4.28432e-02
dXdS[2] = -2.11909e-01
dXdS[3] = 1.24149e-01
dXdS[4] = 1.52569e-01
dXdS[5] = 2.15584e-01
dXdS[6] = 2.43215e-01
dXdS[7] = 3.30054e-01
dXdS[8] = 5.24981e-01
dXdS[9] = 1.00000e+00
dXdS[10] = 5.79719e-02
dXdS[11] = -8.11293e-02


Iteration: 124
Index of specified variable before Newton's method: 9
Temperature before Newton's method: 3.91507e+02 K
Pressure before Newton's method: 1.55633e+07 Pa
Interpolation Scheme: Polynomial (Cubic)
Mixed error in Newton's method (should be < 1): 4.10579e-02
Nº of Newton iterations: 1
Delta of specified variable for the next iteration: 1.40387e-02
Next Iteration variable updated index: 9
lnK[0]		lnK[1]		lnK[2]		lnK[3]		lnK[4]		lnK[5]		lnK[6]		lnK[7]		lnK[8]		lnK[9]		lnT(K)		lnP(Pa)		
-1.10395e-01	-1.55257e-02	-1.32275e-01	9.93553e-02	1.19300e-01	1.62310e-01	1.81890e-01	2.41830e-01	3.75427e-01	7.01935e-01	5.97000e+00	1.65604e+01
Sensitivity vector: 
dXdS[0] = -1.78722e-01
dXdS[1] = -4.19523e-02
dXdS[2] = -2.10896e-01
dXdS[3] = 1.24897e-01
dXdS[4] = 1.53314e-01
dXdS[5] = 2.16256e-01
dXdS[6] = 2.43895e-01
dXdS[7] = 3.30671e-01
dXdS[8] = 5.25403e-01
dXdS[9] = 1.00000e+00
dXdS[10] = 5.80308e-02
dXdS[11] = -8.03628e-02


Iteration: 125
Index of specified variable before Newton's method: 9
Temperature before Newton's method: 3.91188e+02 K
Pressure before Newton's method: 1.55808e+07 Pa
Interpolation Scheme: Polynomial (Cubic)
Mixed error in Newton's method (should be < 1): 4.08092e-02
Nº of Newton iterations: 1
Delta of specified variable for the next iteration: 1.37579e-02
Next Iteration variable updated index: 9
lnK[0]		lnK[1]		lnK[2]		lnK[3]		lnK[4]		lnK[5]		lnK[6]		lnK[7]		lnK[8]		lnK[9]		lnT(K)		lnP(Pa)		
-1.07893e-01	-1.49429e-02	-1.29321e-01	9.75968e-02	1.17143e-01	1.59270e-01	1.78461e-01	2.37183e-01	3.68048e-01	6.87897e-01	5.96919e+00	1.65615e+01
Sensitivity vector: 
dXdS[0] = -1.77779e-01
dXdS[1] = -4.10844e-02
dXdS[2] = -2.09909e-01
dXdS[3] = 1.25625e-01
dXdS[4] = 1.54040e-01
dXdS[5] = 2.16910e-01
dXdS[6] = 2.44558e-01
dXdS[7] = 3.31272e-01
dXdS[8] = 5.25814e-01
dXdS[9] = 1.00000e+00
dXdS[10] = 5.80887e-02
dXdS[11] = -7.96157e-02


Iteration: 126
Index of specified variable before Newton's method: 9
Temperature before Newton's method: 3.90876e+02 K
Pressure before Newton's method: 1.55978e+07 Pa
Interpolation Scheme: Polynomial (Cubic)
Mixed error in Newton's method (should be < 1): 4.09045e-02
Nº of Newton iterations: 1
Delta of specified variable for the next iteration: 1.34828e-02
Next Iteration variable updated index: 9
lnK[0]		lnK[1]		lnK[2]		lnK[3]		lnK[4]		lnK[5]		lnK[6]		lnK[7]		lnK[8]		lnK[9]		lnT(K)		lnP(Pa)		
-1.05453e-01	-1.43834e-02	-1.26440e-01	9.58636e-02	1.15019e-01	1.56281e-01	1.75092e-01	2.32621e-01	3.60811e-01	6.74139e-01	5.96839e+00	1.65626e+01
Sensitivity vector: 
dXdS[0] = -1.76860e-01
dXdS[1] = -4.02389e-02
dXdS[2] = -2.08947e-01
dXdS[3] = 1.26335e-01
dXdS[4] = 1.54747e-01
dXdS[5] = 2.17548e-01
dXdS[6] = 2.45204e-01
dXdS[7] = 3.31858e-01
dXdS[8] = 5.26214e-01
dXdS[9] = 1.00000e+00
dXdS[10] = 5.81455e-02
dXdS[11] = -7.88872e-02


Iteration: 127
Index of specified variable before Newton's method: 9
Temperature before Newton's method: 3.90569e+02 K
Pressure before Newton's method: 1.56143e+07 Pa
Interpolation Scheme: Polynomial (Cubic)
Mixed error in Newton's method (should be < 1): 4.13393e-02
Nº of Newton iterations: 1
Delta of specified variable for the next iteration: 1.32131e-02
Next Iteration variable updated index: 9
lnK[0]		lnK[1]		lnK[2]		lnK[3]		lnK[4]		lnK[5]		lnK[6]		lnK[7]		lnK[8]		lnK[9]		lnT(K)		lnP(Pa)		
-1.03075e-01	-1.38465e-02	-1.23629e-01	9.41556e-02	1.12928e-01	1.53344e-01	1.71782e-01	2.28143e-01	3.53714e-01	6.60656e-01	5.96760e+00	1.65637e+01
Sensitivity vector: 
dXdS[0] = -1.75965e-01
dXdS[1] = -3.94150e-02
dXdS[2] = -2.08011e-01
dXdS[3] = 1.27027e-01
dXdS[4] = 1.55437e-01
dXdS[5] = 2.18169e-01
dXdS[6] = 2.45833e-01
dXdS[7] = 3.32430e-01
dXdS[8] = 5.26604e-01
dXdS[9] = 1.00000e+00
dXdS[10] = 5.82011e-02
dXdS[11] = -7.81767e-02


Iteration: 128
Index of specified variable before Newton's method: 9
Temperature before Newton's method: 3.90269e+02 K
Pressure before Newton's method: 1.56304e+07 Pa
Interpolation Scheme: Polynomial (Cubic)
Mixed error in Newton's method (should be < 1): 4.23543e-02
Nº of Newton iterations: 1
Delta of specified variable for the next iteration: 1.29489e-02
Next Iteration variable updated index: 9
lnK[0]		lnK[1]		lnK[2]		lnK[3]		lnK[4]		lnK[5]		lnK[6]		lnK[7]		lnK[8]		lnK[9]		lnT(K)		lnP(Pa)		
-1.00756e-01	-1.33310e-02	-1.20886e-01	9.24727e-02	1.10869e-01	1.50457e-01	1.68529e-01	2.23747e-01	3.46753e-01	6.47443e-01	5.96684e+00	1.65647e+01
Sensitivity vector: 
dXdS[0] = -1.75093e-01
dXdS[1] = -3.86121e-02
dXdS[2] = -2.07099e-01
dXdS[3] = 1.27700e-01
dXdS[4] = 1.56109e-01
dXdS[5] = 2.18775e-01
dXdS[6] = 2.46447e-01
dXdS[7] = 3.32987e-01
dXdS[8] = 5.26984e-01
dXdS[9] = 1.00000e+00
dXdS[10] = 5.82557e-02
dXdS[11] = -7.74839e-02


Iteration: 129
Index of specified variable before Newton's method: 9
Temperature before Newton's method: 3.89974e+02 K
Pressure before Newton's method: 1.56460e+07 Pa
Interpolation Scheme: Polynomial (Cubic)
Mixed error in Newton's method (should be < 1): 4.41248e-02
Nº of Newton iterations: 1
Delta of specified variable for the next iteration: 1.26899e-02
Next Iteration variable updated index: 9
lnK[0]		lnK[1]		lnK[2]		lnK[3]		lnK[4]		lnK[5]		lnK[6]		lnK[7]		lnK[8]		lnK[9]		lnT(K)		lnP(Pa)		
-9.84937e-02	-1.28361e-02	-1.18211e-01	9.08149e-02	1.08844e-01	1.47620e-01	1.65334e-01	2.19432e-01	3.39927e-01	6.34494e-01	5.96608e+00	1.65657e+01
Sensitivity vector: 
dXdS[0] = -1.74244e-01
dXdS[1] = -3.78295e-02
dXdS[2] = -2.06210e-01
dXdS[3] = 1.28357e-01
dXdS[4] = 1.56764e-01
dXdS[5] = 2.19365e-01
dXdS[6] = 2.47046e-01
dXdS[7] = 3.33530e-01
dXdS[8] = 5.27355e-01
dXdS[9] = 1.00000e+00
dXdS[10] = 5.83093e-02
dXdS[11] = -7.68080e-02


Iteration: 130
Index of specified variable before Newton's method: 9
Temperature before Newton's method: 3.89686e+02 K
Pressure before Newton's method: 1.56612e+07 Pa
Interpolation Scheme: Polynomial (Cubic)
Mixed error in Newton's method (should be < 1): 4.68688e-02
Nº of Newton iterations: 1
Delta of specified variable for the next iteration: 1.24361e-02
Next Iteration variable updated index: 9
lnK[0]		lnK[1]		lnK[2]		lnK[3]		lnK[4]		lnK[5]		lnK[6]		lnK[7]		lnK[8]		lnK[9]		lnT(K)		lnP(Pa)		
-9.62879e-02	-1.23609e-02	-1.15599e-01	8.91820e-02	1.06850e-01	1.44833e-01	1.62196e-01	2.15196e-01	3.33233e-01	6.21804e-01	5.96534e+00	1.65667e+01
Sensitivity vector: 
dXdS[0] = -1.73416e-01
dXdS[1] = -3.70666e-02
dXdS[2] = -2.05343e-01
dXdS[3] = 1.28998e-01
dXdS[4] = 1.57402e-01
dXdS[5] = 2.19940e-01
dXdS[6] = 2.47629e-01
dXdS[7] = 3.34060e-01
dXdS[8] = 5.27717e-01
dXdS[9] = 1.00000e+00
dXdS[10] = 5.83618e-02
dXdS[11] = -7.61486e-02


Iteration: 131
Index of specified variable before Newton's method: 9
Temperature before Newton's method: 3.89403e+02 K
Pressure before Newton's method: 1.56760e+07 Pa
Interpolation Scheme: Polynomial (Cubic)
Mixed error in Newton's method (should be < 1): 5.15748e-02
Nº of Newton iterations: 1
Delta of specified variable for the next iteration: 1.21874e-02
Next Iteration variable updated index: 9
lnK[0]		lnK[1]		lnK[2]		lnK[3]		lnK[4]		lnK[5]		lnK[6]		lnK[7]		lnK[8]		lnK[9]		lnT(K)		lnP(Pa)		
-9.41363e-02	-1.19045e-02	-1.13051e-01	8.75739e-02	1.04889e-01	1.42094e-01	1.59113e-01	2.11038e-01	3.26668e-01	6.09368e-01	5.96461e+00	1.65676e+01
Sensitivity vector: 
dXdS[0] = -1.72609e-01
dXdS[1] = -3.63229e-02
dXdS[2] = -2.04499e-01
dXdS[3] = 1.29622e-01
dXdS[4] = 1.58025e-01
dXdS[5] = 2.20502e-01
dXdS[6] = 2.48198e-01
dXdS[7] = 3.34576e-01
dXdS[8] = 5.28070e-01
dXdS[9] = 1.00000e+00
dXdS[10] = 5.84133e-02
dXdS[11] = -7.55053e-02


Iteration: 132
Index of specified variable before Newton's method: 9
Temperature before Newton's method: 3.89126e+02 K
Pressure before Newton's method: 1.56903e+07 Pa
Interpolation Scheme: Polynomial (Cubic)
Mixed error in Newton's method (should be < 1): 5.91838e-02
Nº of Newton iterations: 1
Delta of specified variable for the next iteration: 1.19436e-02
Next Iteration variable updated index: 9
lnK[0]		lnK[1]		lnK[2]		lnK[3]		lnK[4]		lnK[5]		lnK[6]		lnK[7]		lnK[8]		lnK[9]		lnT(K)		lnP(Pa)		
-9.20374e-02	-1.14663e-02	-1.10564e-01	8.59904e-02	1.02959e-01	1.39404e-01	1.56084e-01	2.06958e-01	3.20230e-01	5.97181e-01	5.96390e+00	1.65686e+01
Sensitivity vector: 
dXdS[0] = -1.71822e-01
dXdS[1] = -3.55977e-02
dXdS[2] = -2.03675e-01
dXdS[3] = 1.30230e-01
dXdS[4] = 1.58632e-01
dXdS[5] = 2.21049e-01
dXdS[6] = 2.48753e-01
dXdS[7] = 3.35080e-01
dXdS[8] = 5.28413e-01
dXdS[9] = 1.00000e+00
dXdS[10] = 5.84637e-02
dXdS[11] = -7.48774e-02


Iteration: 133
Index of specified variable before Newton's method: 9
Temperature before Newton's method: 3.88854e+02 K
Pressure before Newton's method: 1.57043e+07 Pa
Interpolation Scheme: Polynomial (Cubic)
Mixed error in Newton's method (should be < 1): 7.33673e-02
Nº of Newton iterations: 1
Delta of specified variable for the next iteration: 1.17047e-02
Next Iteration variable updated index: 9
lnK[0]		lnK[1]		lnK[2]		lnK[3]		lnK[4]		lnK[5]		lnK[6]		lnK[7]		lnK[8]		lnK[9]		lnT(K)		lnP(Pa)		
-8.99898e-02	-1.10453e-02	-1.08136e-01	8.44315e-02	1.01061e-01	1.36760e-01	1.53110e-01	2.02953e-01	3.13917e-01	5.85237e-01	5.96320e+00	1.65694e+01
Sensitivity vector: 
dXdS[0] = -1.71056e-01
dXdS[1] = -3.48906e-02
dXdS[2] = -2.02873e-01
dXdS[3] = 1.30824e-01
dXdS[4] = 1.59225e-01
dXdS[5] = 2.21582e-01
dXdS[6] = 2.49295e-01
dXdS[7] = 3.35572e-01
dXdS[8] = 5.28749e-01
dXdS[9] = 1.00000e+00
dXdS[10] = 5.85133e-02
dXdS[11] = -7.42647e-02


Iteration: 134
Index of specified variable before Newton's method: 9
Temperature before Newton's method: 3.88588e+02 K
Pressure before Newton's method: 1.57179e+07 Pa
Interpolation Scheme: Polynomial (Cubic)
Mixed error in Newton's method (should be < 1): 1.05017e-01
Nº of Newton iterations: 1
Delta of specified variable for the next iteration: 1.14706e-02
Next Iteration variable updated index: 9
lnK[0]		lnK[1]		lnK[2]		lnK[3]		lnK[4]		lnK[5]		lnK[6]		lnK[7]		lnK[8]		lnK[9]		lnT(K)		lnP(Pa)		
-8.79920e-02	-1.06410e-02	-1.05766e-01	8.28968e-02	9.91941e-02	1.34164e-01	1.50189e-01	1.99022e-01	3.07726e-01	5.73532e-01	5.96252e+00	1.65703e+01
Sensitivity vector: 
dXdS[0] = -1.70308e-01
dXdS[1] = -3.42009e-02
dXdS[2] = -2.02090e-01
dXdS[3] = 1.31403e-01
dXdS[4] = 1.59802e-01
dXdS[5] = 2.22102e-01
dXdS[6] = 2.49823e-01
dXdS[7] = 3.36052e-01
dXdS[8] = 5.29076e-01
dXdS[9] = 1.00000e+00
dXdS[10] = 5.85618e-02
dXdS[11] = -7.36667e-02


Iteration: 135
Index of specified variable before Newton's method: 9
Temperature before Newton's method: 3.88326e+02 K
Pressure before Newton's method: 1.57312e+07 Pa
Interpolation Scheme: Polynomial (Cubic)
Mixed error in Newton's method (should be < 1): 2.36384e-01
Nº of Newton iterations: 1
Delta of specified variable for the next iteration: 1.12412e-02
Next Iteration variable updated index: 9
lnK[0]		lnK[1]		lnK[2]		lnK[3]		lnK[4]		lnK[5]		lnK[6]		lnK[7]		lnK[8]		lnK[9]		lnT(K)		lnP(Pa)		
-8.60427e-02	-1.02525e-02	-1.03452e-01	8.13863e-02	9.73578e-02	1.31613e-01	1.47320e-01	1.95165e-01	3.01655e-01	5.62062e-01	5.96185e+00	1.65712e+01
Sensitivity vector: 
dXdS[0] = -1.69579e-01
dXdS[1] = -3.35283e-02
dXdS[2] = -2.01327e-01
dXdS[3] = 1.31967e-01
dXdS[4] = 1.60366e-01
dXdS[5] = 2.22610e-01
dXdS[6] = 2.50338e-01
dXdS[7] = 3.36520e-01
dXdS[8] = 5.29396e-01
dXdS[9] = 1.00000e+00
dXdS[10] = 5.86094e-02
dXdS[11] = -7.30829e-02


Iteration: 136
Index of specified variable before Newton's method: 9
Temperature before Newton's method: 3.88071e+02 K
Pressure before Newton's method: 1.57440e+07 Pa
Interpolation Scheme: Polynomial (Cubic)
Mixed error in Newton's method (should be < 1): 4.33643e-01
Nº of Newton iterations: 1
Delta of specified variable for the next iteration: 1.10164e-02
Next Iteration variable updated index: 9
lnK[0]		lnK[1]		lnK[2]		lnK[3]		lnK[4]		lnK[5]		lnK[6]		lnK[7]		lnK[8]		lnK[9]		lnT(K)		lnP(Pa)		
-8.41404e-02	-9.87933e-03	-1.01193e-01	7.98997e-02	9.55520e-02	1.29108e-01	1.44504e-01	1.91379e-01	2.95702e-01	5.50820e-01	5.96119e+00	1.65720e+01
Sensitivity vector: 
dXdS[0] = -1.68868e-01
dXdS[1] = -3.28722e-02
dXdS[2] = -2.00583e-01
dXdS[3] = 1.32518e-01
dXdS[4] = 1.60916e-01
dXdS[5] = 2.23105e-01
dXdS[6] = 2.50841e-01
dXdS[7] = 3.36976e-01
dXdS[8] = 5.29707e-01
dXdS[9] = 1.00000e+00
dXdS[10] = 5.86561e-02
dXdS[11] = -7.25130e-02


Iteration: 137
Index of specified variable before Newton's method: 9
Temperature before Newton's method: 3.87820e+02 K
Pressure before Newton's method: 1.57566e+07 Pa
Interpolation Scheme: Polynomial (Cubic)
Mixed error in Newton's method (should be < 1): 9.63302e-02
Nº of Newton iterations: 1
Delta of specified variable for the next iteration: 1.07961e-02
Next Iteration variable updated index: 9
lnK[0]		lnK[1]		lnK[2]		lnK[3]		lnK[4]		lnK[5]		lnK[6]		lnK[7]		lnK[8]		lnK[9]		lnT(K)		lnP(Pa)		
-8.22839e-02	-9.52073e-03	-9.89874e-02	7.84369e-02	9.37763e-02	1.26648e-01	1.41737e-01	1.87664e-01	2.89865e-01	5.39804e-01	5.96054e+00	1.65728e+01
Sensitivity vector: 
dXdS[0] = -1.68174e-01
dXdS[1] = -3.22320e-02
dXdS[2] = -1.99857e-01
dXdS[3] = 1.33055e-01
dXdS[4] = 1.61453e-01
dXdS[5] = 2.23588e-01
dXdS[6] = 2.51331e-01
dXdS[7] = 3.37422e-01
dXdS[8] = 5.30011e-01
dXdS[9] = 1.00000e+00
dXdS[10] = 5.87018e-02
dXdS[11] = -7.19565e-02


Iteration: 138
Index of specified variable before Newton's method: 9
Temperature before Newton's method: 3.87574e+02 K
Pressure before Newton's method: 1.57688e+07 Pa
Interpolation Scheme: Polynomial (Cubic)
Mixed error in Newton's method (should be < 1): 4.94377e-02
Nº of Newton iterations: 1
Delta of specified variable for the next iteration: 1.05802e-02
Next Iteration variable updated index: 9
lnK[0]		lnK[1]		lnK[2]		lnK[3]		lnK[4]		lnK[5]		lnK[6]		lnK[7]		lnK[8]		lnK[9]		lnT(K)		lnP(Pa)		
-8.04719e-02	-9.17612e-03	-9.68335e-02	7.69976e-02	9.20305e-02	1.24231e-01	1.39021e-01	1.84019e-01	2.84142e-01	5.29008e-01	5.95991e+00	1.65735e+01
Sensitivity vector: 
dXdS[0] = -1.67498e-01
dXdS[1] = -3.16075e-02
dXdS[2] = -1.99149e-01
dXdS[3] = 1.33580e-01
dXdS[4] = 1.61976e-01
dXdS[5] = 2.24059e-01
dXdS[6] = 2.51810e-01
dXdS[7] = 3.37857e-01
dXdS[8] = 5.30308e-01
dXdS[9] = 1.00000e+00
dXdS[10] = 5.87467e-02
dXdS[11] = -7.14131e-02


Iteration: 139
Index of specified variable before Newton's method: 9
Temperature before Newton's method: 3.87333e+02 K
Pressure before Newton's method: 1.57806e+07 Pa
Interpolation Scheme: Polynomial (Cubic)
Mixed error in Newton's method (should be < 1): 3.07350e-02
Nº of Newton iterations: 1
Delta of specified variable for the next iteration: 1.03686e-02
Next Iteration variable updated index: 9
lnK[0]		lnK[1]		lnK[2]		lnK[3]		lnK[4]		lnK[5]		lnK[6]		lnK[7]		lnK[8]		lnK[9]		lnT(K)		lnP(Pa)		
-7.87033e-02	-8.84493e-03	-9.47301e-02	7.55816e-02	9.03140e-02	1.21858e-01	1.36355e-01	1.80442e-01	2.78529e-01	5.18428e-01	5.95929e+00	1.65743e+01
Sensitivity vector: 
dXdS[0] = -1.66838e-01
dXdS[1] = -3.09981e-02
dXdS[2] = -1.98458e-01
dXdS[3] = 1.34091e-01
dXdS[4] = 1.62487e-01
dXdS[5] = 2.24519e-01
dXdS[6] = 2.52278e-01
dXdS[7] = 3.38282e-01
dXdS[8] = 5.30598e-01
dXdS[9] = 1.00000e+00
dXdS[10] = 5.87907e-02
dXdS[11] = -7.08824e-02


Iteration: 140
Index of specified variable before Newton's method: 9
Temperature before Newton's method: 3.87097e+02 K
Pressure before Newton's method: 1.57922e+07 Pa
Interpolation Scheme: Polynomial (Cubic)
Mixed error in Newton's method (should be < 1): 2.13313e-02
Nº of Newton iterations: 1
Delta of specified variable for the next iteration: 1.01612e-02
Next Iteration variable updated index: 9
lnK[0]		lnK[1]		lnK[2]		lnK[3]		lnK[4]		lnK[5]		lnK[6]		lnK[7]		lnK[8]		lnK[9]		lnT(K)		lnP(Pa)		
-7.69768e-02	-8.52661e-03	-9.26759e-02	7.41886e-02	8.86267e-02	1.19528e-01	1.33737e-01	1.76933e-01	2.73026e-01	5.08059e-01	5.95868e+00	1.65750e+01
Sensitivity vector: 
dXdS[0] = -1.66194e-01
dXdS[1] = -3.04034e-02
dXdS[2] = -1.97784e-01
dXdS[3] = 1.34590e-01
dXdS[4] = 1.62986e-01
dXdS[5] = 2.24968e-01
dXdS[6] = 2.52734e-01
dXdS[7] = 3.38697e-01
dXdS[8] = 5.30881e-01
dXdS[9] = 1.00000e+00
dXdS[10] = 5.88338e-02
dXdS[11] = -7.03641e-02


Iteration: 141
Index of specified variable before Newton's method: 9
Temperature before Newton's method: 3.86866e+02 K
Pressure before Newton's method: 1.58035e+07 Pa
Interpolation Scheme: Polynomial (Cubic)
Mixed error in Newton's method (should be < 1): 1.55126e-02
Nº of Newton iterations: 1
Delta of specified variable for the next iteration: 9.95796e-03
Next Iteration variable updated index: 9
lnK[0]		lnK[1]		lnK[2]		lnK[3]		lnK[4]		lnK[5]		lnK[6]		lnK[7]		lnK[8]		lnK[9]		lnT(K)		lnP(Pa)		
-7.52912e-02	-8.22063e-03	-9.06695e-02	7.28186e-02	8.69681e-02	1.17240e-01	1.31166e-01	1.73489e-01	2.67631e-01	4.97898e-01	5.95808e+00	1.65757e+01
Sensitivity vector: 
dXdS[0] = -1.65566e-01
dXdS[1] = -2.98230e-02
dXdS[2] = -1.97127e-01
dXdS[3] = 1.35077e-01
dXdS[4] = 1.63473e-01
dXdS[5] = 2.25406e-01
dXdS[6] = 2.53179e-01
dXdS[7] = 3.39101e-01
dXdS[8] = 5.31157e-01
dXdS[9] = 1.00000e+00
dXdS[10] = 5.88761e-02
dXdS[11] = -6.98578e-02


Iteration: 142
Index of specified variable before Newton's method: 9
Temperature before Newton's method: 3.86639e+02 K
Pressure before Newton's method: 1.58144e+07 Pa
Interpolation Scheme: Polynomial (Cubic)
Mixed error in Newton's method (should be < 1): 1.14425e-02
Nº of Newton iterations: 1
Delta of specified variable for the next iteration: 9.75880e-03
Next Iteration variable updated index: 9
lnK[0]		lnK[1]		lnK[2]		lnK[3]		lnK[4]		lnK[5]		lnK[6]		lnK[7]		lnK[8]		lnK[9]		lnT(K)		lnP(Pa)		
-7.36456e-02	-7.92648e-03	-8.87097e-02	7.14711e-02	8.53378e-02	1.14993e-01	1.28643e-01	1.70110e-01	2.62340e-01	4.87940e-01	5.95749e+00	1.65764e+01
Sensitivity vector: 
dXdS[0] = -1.64953e-01
dXdS[1] = -2.92565e-02
dXdS[2] = -1.96485e-01
dXdS[3] = 1.35553e-01
dXdS[4] = 1.63948e-01
dXdS[5] = 2.25834e-01
dXdS[6] = 2.53614e-01
dXdS[7] = 3.39497e-01
dXdS[8] = 5.31426e-01
dXdS[9] = 1.00000e+00
dXdS[10] = 5.89175e-02
dXdS[11] = -6.93633e-02


Iteration: 143
Index of specified variable before Newton's method: 9
Temperature before Newton's method: 3.86416e+02 K
Pressure before Newton's method: 1.58251e+07 Pa
Interpolation Scheme: Polynomial (Cubic)
Mixed error in Newton's method (should be < 1): 9.19101e-03
Nº of Newton iterations: 1
Delta of specified variable for the next iteration: 9.56362e-03
Next Iteration variable updated index: 9
lnK[0]		lnK[1]		lnK[2]		lnK[3]		lnK[4]		lnK[5]		lnK[6]		lnK[7]		lnK[8]		lnK[9]		lnT(K)		lnP(Pa)		
-7.20387e-02	-7.64367e-03	-8.67953e-02	7.01460e-02	8.37356e-02	1.12787e-01	1.26166e-01	1.66795e-01	2.57153e-01	4.78181e-01	5.95692e+00	1.65771e+01
Sensitivity vector: 
dXdS[0] = -1.64355e-01
dXdS[1] = -2.87035e-02
dXdS[2] = -1.95859e-01
dXdS[3] = 1.36017e-01
dXdS[4] = 1.64412e-01
dXdS[5] = 2.26251e-01
dXdS[6] = 2.54038e-01
dXdS[7] = 3.39882e-01
dXdS[8] = 5.31689e-01
dXdS[9] = 1.00000e+00
dXdS[10] = 5.89581e-02
dXdS[11] = -6.88801e-02


Iteration: 144
Index of specified variable before Newton's method: 9
Temperature before Newton's method: 3.86199e+02 K
Pressure before Newton's method: 1.58355e+07 Pa
Interpolation Scheme: Polynomial (Cubic)
Mixed error in Newton's method (should be < 1): 7.08899e-03
Nº of Newton iterations: 1
Delta of specified variable for the next iteration: 9.37235e-03
Next Iteration variable updated index: 9
lnK[0]		lnK[1]		lnK[2]		lnK[3]		lnK[4]		lnK[5]		lnK[6]		lnK[7]		lnK[8]		lnK[9]		lnT(K)		lnP(Pa)		
-7.04697e-02	-7.37174e-03	-8.49251e-02	6.88430e-02	8.21611e-02	1.10621e-01	1.23734e-01	1.63543e-01	2.52067e-01	4.68618e-01	5.95635e+00	1.65778e+01
Sensitivity vector: 
dXdS[0] = -1.63771e-01
dXdS[1] = -2.81637e-02
dXdS[2] = -1.95248e-01
dXdS[3] = 1.36470e-01
dXdS[4] = 1.64865e-01
dXdS[5] = 2.26659e-01
dXdS[6] = 2.54453e-01
dXdS[7] = 3.40259e-01
dXdS[8] = 5.31946e-01
dXdS[9] = 1.00000e+00
dXdS[10] = 5.89980e-02
dXdS[11] = -6.84081e-02


Iteration: 145
Index of specified variable before Newton's method: 9
Temperature before Newton's method: 3.85985e+02 K
Pressure before Newton's method: 1.58456e+07 Pa
Interpolation Scheme: Polynomial (Cubic)
Mixed error in Newton's method (should be < 1): 5.62145e-03
Nº of Newton iterations: 1
Delta of specified variable for the next iteration: 9.18490e-03
Next Iteration variable updated index: 9
lnK[0]		lnK[1]		lnK[2]		lnK[3]		lnK[4]		lnK[5]		lnK[6]		lnK[7]		lnK[8]		lnK[9]		lnT(K)		lnP(Pa)		
-6.89375e-02	-7.11025e-03	-8.30980e-02	6.75619e-02	8.06139e-02	1.08495e-01	1.21348e-01	1.60352e-01	2.47080e-01	4.59245e-01	5.95580e+00	1.65784e+01
Sensitivity vector: 
dXdS[0] = -1.63201e-01
dXdS[1] = -2.76367e-02
dXdS[2] = -1.94651e-01
dXdS[3] = 1.36912e-01
dXdS[4] = 1.65307e-01
dXdS[5] = 2.27057e-01
dXdS[6] = 2.54858e-01
dXdS[7] = 3.40627e-01
dXdS[8] = 5.32197e-01
dXdS[9] = 1.00000e+00
dXdS[10] = 5.90370e-02
dXdS[11] = -6.79469e-02


Iteration: 146
Index of specified variable before Newton's method: 9
Temperature before Newton's method: 3.85776e+02 K
Pressure before Newton's method: 1.58555e+07 Pa
Interpolation Scheme: Polynomial (Cubic)
Mixed error in Newton's method (should be < 1): 4.71634e-03
Nº of Newton iterations: 1
Delta of specified variable for the next iteration: 9.00121e-03
Next Iteration variable updated index: 9
lnK[0]		lnK[1]		lnK[2]		lnK[3]		lnK[4]		lnK[5]		lnK[6]		lnK[7]		lnK[8]		lnK[9]		lnT(K)		lnP(Pa)		
-6.74410e-02	-6.85878e-03	-8.13128e-02	6.63024e-02	7.90935e-02	1.06408e-01	1.19005e-01	1.57222e-01	2.42190e-01	4.50060e-01	5.95526e+00	1.65790e+01
Sensitivity vector: 
dXdS[0] = -1.62645e-01
dXdS[1] = -2.71221e-02
dXdS[2] = -1.94069e-01
dXdS[3] = 1.37344e-01
dXdS[4] = 1.65739e-01
dXdS[5] = 2.27446e-01
dXdS[6] = 2.55253e-01
dXdS[7] = 3.40987e-01
dXdS[8] = 5.32442e-01
dXdS[9] = 1.00000e+00
dXdS[10] = 5.90753e-02
dXdS[11] = -6.74961e-02


Iteration: 147
Index of specified variable before Newton's method: 9
Temperature before Newton's method: 3.85570e+02 K
Pressure before Newton's method: 1.58651e+07 Pa
Interpolation Scheme: Polynomial (Cubic)
Mixed error in Newton's method (should be < 1): 3.78854e-03
Nº of Newton iterations: 1
Delta of specified variable for the next iteration: 8.82118e-03
Next Iteration variable updated index: 9
lnK[0]		lnK[1]		lnK[2]		lnK[3]		lnK[4]		lnK[5]		lnK[6]		lnK[7]		lnK[8]		lnK[9]		lnT(K)		lnP(Pa)		
-6.59795e-02	-6.61691e-03	-7.95685e-02	6.50642e-02	7.75998e-02	1.04359e-01	1.16706e-01	1.54151e-01	2.37397e-01	4.41059e-01	5.95472e+00	1.65796e+01
Sensitivity vector: 
dXdS[0] = -1.62102e-01
dXdS[1] = -2.66196e-02
dXdS[2] = -1.93500e-01
dXdS[3] = 1.37766e-01
dXdS[4] = 1.66161e-01
dXdS[5] = 2.27825e-01
dXdS[6] = 2.55639e-01
dXdS[7] = 3.41338e-01
dXdS[8] = 5.32682e-01
dXdS[9] = 1.00000e+00
dXdS[10] = 5.91128e-02
dXdS[11] = -6.70557e-02


Iteration: 148
Index of specified variable before Newton's method: 9
Temperature before Newton's method: 3.85369e+02 K
Pressure before Newton's method: 1.58744e+07 Pa
Interpolation Scheme: Polynomial (Cubic)
Mixed error in Newton's method (should be < 1): 3.18006e-03
Nº of Newton iterations: 1
Delta of specified variable for the next iteration: 8.64476e-03
Next Iteration variable updated index: 9
lnK[0]		lnK[1]		lnK[2]		lnK[3]		lnK[4]		lnK[5]		lnK[6]		lnK[7]		lnK[8]		lnK[9]		lnT(K)		lnP(Pa)		
-6.45519e-02	-6.38426e-03	-7.78641e-02	6.38472e-02	7.61322e-02	1.02348e-01	1.14449e-01	1.51139e-01	2.32697e-01	4.32238e-01	5.95420e+00	1.65802e+01
Sensitivity vector: 
dXdS[0] = -1.61572e-01
dXdS[1] = -2.61290e-02
dXdS[2] = -1.92945e-01
dXdS[3] = 1.38178e-01
dXdS[4] = 1.66573e-01
dXdS[5] = 2.28196e-01
dXdS[6] = 2.56016e-01
dXdS[7] = 3.41681e-01
dXdS[8] = 5.32916e-01
dXdS[9] = 1.00000e+00
dXdS[10] = 5.91495e-02
dXdS[11] = -6.66252e-02


Iteration: 149
Index of specified variable before Newton's method: 9
Temperature before Newton's method: 3.85172e+02 K
Pressure before Newton's method: 1.58835e+07 Pa
Interpolation Scheme: Polynomial (Cubic)
Mixed error in Newton's method (should be < 1): 2.89715e-03
Nº of Newton iterations: 1
Delta of specified variable for the next iteration: 8.47186e-03
Next Iteration variable updated index: 9
lnK[0]		lnK[1]		lnK[2]		lnK[3]		lnK[4]		lnK[5]		lnK[6]		lnK[7]		lnK[8]		lnK[9]		lnT(K)		lnP(Pa)		
-6.31574e-02	-6.16045e-03	-7.61985e-02	6.26509e-02	7.46905e-02	1.00373e-01	1.12234e-01	1.48184e-01	2.28089e-01	4.23593e-01	5.95369e+00	1.65808e+01
Sensitivity vector: 
dXdS[0] = -1.61054e-01
dXdS[1] = -2.56498e-02
dXdS[2] = -1.92403e-01
dXdS[3] = 1.38580e-01
dXdS[4] = 1.66976e-01
dXdS[5] = 2.28558e-01
dXdS[6] = 2.56385e-01
dXdS[7] = 3.42016e-01
dXdS[8] = 5.33144e-01
dXdS[9] = 1.00000e+00
dXdS[10] = 5.91856e-02
dXdS[11] = -6.62045e-02


Iteration: 150
Index of specified variable before Newton's method: 9
Temperature before Newton's method: 3.84979e+02 K
Pressure before Newton's method: 1.58924e+07 Pa
Interpolation Scheme: Polynomial (Cubic)
Mixed error in Newton's method (should be < 1): 2.42733e-03
Nº of Newton iterations: 1
Delta of specified variable for the next iteration: 8.30243e-03
Next Iteration variable updated index: 9
lnK[0]		lnK[1]		lnK[2]		lnK[3]		lnK[4]		lnK[5]		lnK[6]		lnK[7]		lnK[8]		lnK[9]		lnT(K)		lnP(Pa)		
-6.17951e-02	-5.94513e-03	-7.45707e-02	6.14752e-02	7.32742e-02	9.84355e-02	1.10061e-01	1.45285e-01	2.23571e-01	4.15121e-01	5.95319e+00	1.65814e+01
Sensitivity vector: 
dXdS[0] = -1.60549e-01
dXdS[1] = -2.51817e-02
dXdS[2] = -1.91874e-01
dXdS[3] = 1.38973e-01
dXdS[4] = 1.67369e-01
dXdS[5] = 2.28911e-01
dXdS[6] = 2.56745e-01
dXdS[7] = 3.42344e-01
dXdS[8] = 5.33367e-01
dXdS[9] = 1.00000e+00
dXdS[10] = 5.92209e-02
dXdS[11] = -6.57932e-02


Iteration: 151
Index of specified variable before Newton's method: 9
Temperature before Newton's method: 3.84790e+02 K
Pressure before Newton's method: 1.59011e+07 Pa
Interpolation Scheme: Polynomial (Cubic)
Mixed error in Newton's method (should be < 1): 2.07761e-03
Nº of Newton iterations: 1
Delta of specified variable for the next iteration: 8.13638e-03
Next Iteration variable updated index: 9
lnK[0]		lnK[1]		lnK[2]		lnK[3]		lnK[4]		lnK[5]		lnK[6]		lnK[7]		lnK[8]		lnK[9]		lnT(K)		lnP(Pa)		
-6.04642e-02	-5.73796e-03	-7.29798e-02	6.03198e-02	7.18831e-02	9.65335e-02	1.07928e-01	1.42441e-01	2.19142e-01	4.06819e-01	5.95270e+00	1.65819e+01
Sensitivity vector: 
dXdS[0] = -1.60055e-01
dXdS[1] = -2.47246e-02
dXdS[2] = -1.91357e-01
dXdS[3] = 1.39357e-01
dXdS[4] = 1.67753e-01
dXdS[5] = 2.29256e-01
dXdS[6] = 2.57096e-01
dXdS[7] = 3.42664e-01
dXdS[8] = 5.33585e-01
dXdS[9] = 1.00000e+00
dXdS[10] = 5.92555e-02
dXdS[11] = -6.53912e-02


Iteration: 152
Index of specified variable before Newton's method: 9
Temperature before Newton's method: 3.84604e+02 K
Pressure before Newton's method: 1.59095e+07 Pa
Interpolation Scheme: Polynomial (Cubic)
Mixed error in Newton's method (should be < 1): 1.94887e-03
Nº of Newton iterations: 1
Delta of specified variable for the next iteration: 7.97365e-03
Next Iteration variable updated index: 9
lnK[0]		lnK[1]		lnK[2]		lnK[3]		lnK[4]		lnK[5]		lnK[6]		lnK[7]		lnK[8]		lnK[9]		lnT(K)		lnP(Pa)		
-5.91639e-02	-5.53861e-03	-7.14249e-02	5.91844e-02	7.05167e-02	9.46669e-02	1.05834e-01	1.39652e-01	2.14800e-01	3.98683e-01	5.95222e+00	1.65824e+01
Sensitivity vector: 
dXdS[0] = -1.59573e-01
dXdS[1] = -2.42780e-02
dXdS[2] = -1.90852e-01
dXdS[3] = 1.39732e-01
dXdS[4] = 1.68128e-01
dXdS[5] = 2.29594e-01
dXdS[6] = 2.57440e-01
dXdS[7] = 3.42976e-01
dXdS[8] = 5.33798e-01
dXdS[9] = 1.00000e+00
dXdS[10] = 5.92894e-02
dXdS[11] = -6.49982e-02


Iteration: 153
Index of specified variable before Newton's method: 9
Temperature before Newton's method: 3.84423e+02 K
Pressure before Newton's method: 1.59177e+07 Pa
Interpolation Scheme: Polynomial (Cubic)
Mixed error in Newton's method (should be < 1): 1.69840e-03
Nº of Newton iterations: 1
Delta of specified variable for the next iteration: 7.81418e-03
Next Iteration variable updated index: 9
lnK[0]		lnK[1]		lnK[2]		lnK[3]		lnK[4]		lnK[5]		lnK[6]		lnK[7]		lnK[8]		lnK[9]		lnT(K)		lnP(Pa)		
-5.78934e-02	-5.34677e-03	-6.99051e-02	5.80688e-02	6.91746e-02	9.28348e-02	1.03780e-01	1.36916e-01	2.10543e-01	3.90709e-01	5.95174e+00	1.65829e+01
Sensitivity vector: 
dXdS[0] = -1.59102e-01
dXdS[1] = -2.38417e-02
dXdS[2] = -1.90359e-01
dXdS[3] = 1.40098e-01
dXdS[4] = 1.68495e-01
dXdS[5] = 2.29923e-01
dXdS[6] = 2.57776e-01
dXdS[7] = 3.43282e-01
dXdS[8] = 5.34006e-01
dXdS[9] = 1.00000e+00
dXdS[10] = 5.93227e-02
dXdS[11] = -6.46139e-02


Iteration: 154
Index of specified variable before Newton's method: 9
Temperature before Newton's method: 3.84244e+02 K
Pressure before Newton's method: 1.59258e+07 Pa
Interpolation Scheme: Polynomial (Cubic)
Mixed error in Newton's method (should be < 1): 1.62345e-03
Nº of Newton iterations: 1
Delta of specified variable for the next iteration: 7.65789e-03
Next Iteration variable updated index: 9
lnK[0]		lnK[1]		lnK[2]		lnK[3]		lnK[4]		lnK[5]		lnK[6]		lnK[7]		lnK[8]		lnK[9]		lnT(K)		lnP(Pa)		
-5.66519e-02	-5.16213e-03	-6.84195e-02	5.69726e-02	6.78566e-02	9.10369e-02	1.01765e-01	1.34232e-01	2.06369e-01	3.82895e-01	5.95128e+00	1.65834e+01
Sensitivity vector: 
dXdS[0] = -1.58642e-01
dXdS[1] = -2.34155e-02
dXdS[2] = -1.89878e-01
dXdS[3] = 1.40456e-01
dXdS[4] = 1.68853e-01
dXdS[5] = 2.30245e-01
dXdS[6] = 2.58104e-01
dXdS[7] = 3.43580e-01
dXdS[8] = 5.34210e-01
dXdS[9] = 1.00000e+00
dXdS[10] = 5.93553e-02
dXdS[11] = -6.42383e-02


Iteration: 155
Index of specified variable before Newton's method: 9
Temperature before Newton's method: 3.84070e+02 K
Pressure before Newton's method: 1.59336e+07 Pa
Interpolation Scheme: Polynomial (Cubic)
Mixed error in Newton's method (should be < 1): 1.48309e-03
Nº of Newton iterations: 1
Delta of specified variable for the next iteration: 7.50474e-03
Next Iteration variable updated index: 9
lnK[0]		lnK[1]		lnK[2]		lnK[3]		lnK[4]		lnK[5]		lnK[6]		lnK[7]		lnK[8]		lnK[9]		lnT(K)		lnP(Pa)		
-5.54388e-02	-4.98441e-03	-6.69672e-02	5.58957e-02	6.65622e-02	8.92725e-02	9.97870e-02	1.31600e-01	2.02277e-01	3.75237e-01	5.95082e+00	1.65839e+01
Sensitivity vector: 
dXdS[0] = -1.58193e-01
dXdS[1] = -2.29991e-02
dXdS[2] = -1.89407e-01
dXdS[3] = 1.40805e-01
dXdS[4] = 1.69203e-01
dXdS[5] = 2.30560e-01
dXdS[6] = 2.58424e-01
dXdS[7] = 3.43872e-01
dXdS[8] = 5.34409e-01
dXdS[9] = 1.00000e+00
dXdS[10] = 5.93872e-02
dXdS[11] = -6.38709e-02


Iteration: 156
Index of specified variable before Newton's method: 9
Temperature before Newton's method: 3.83899e+02 K
Pressure before Newton's method: 1.59412e+07 Pa
Interpolation Scheme: Polynomial (Cubic)
Mixed error in Newton's method (should be < 1): 1.38933e-03
Nº of Newton iterations: 1
Delta of specified variable for the next iteration: 7.35464e-03
Next Iteration variable updated index: 9
lnK[0]		lnK[1]		lnK[2]		lnK[3]		lnK[4]		lnK[5]		lnK[6]		lnK[7]		lnK[8]		lnK[9]		lnT(K)		lnP(Pa)		
-5.42532e-02	-4.81334e-03	-6.55475e-02	5.48377e-02	6.52911e-02	8.75411e-02	9.78464e-02	1.29018e-01	1.98266e-01	3.67732e-01	5.95038e+00	1.65844e+01
Sensitivity vector: 
dXdS[0] = -1.57754e-01
dXdS[1] = -2.25922e-02
dXdS[2] = -1.88948e-01
dXdS[3] = 1.41147e-01
dXdS[4] = 1.69545e-01
dXdS[5] = 2.30868e-01
dXdS[6] = 2.58738e-01
dXdS[7] = 3.44157e-01
dXdS[8] = 5.34603e-01
dXdS[9] = 1.00000e+00
dXdS[10] = 5.94185e-02
dXdS[11] = -6.35118e-02


Iteration: 157
Index of specified variable before Newton's method: 9
Temperature before Newton's method: 3.83731e+02 K
Pressure before Newton's method: 1.59486e+07 Pa
Interpolation Scheme: Polynomial (Cubic)
Mixed error in Newton's method (should be < 1): 1.40429e-03
Nº of Newton iterations: 1
Delta of specified variable for the next iteration: 7.20755e-03
Next Iteration variable updated index: 9
lnK[0]		lnK[1]		lnK[2]		lnK[3]		lnK[4]		lnK[5]		lnK[6]		lnK[7]		lnK[8]		lnK[9]		lnT(K)		lnP(Pa)		
-5.30946e-02	-4.64864e-03	-6.41595e-02	5.37984e-02	6.40429e-02	8.58420e-02	9.59423e-02	1.26486e-01	1.94334e-01	3.60377e-01	5.94994e+00	1.65849e+01
Sensitivity vector: 
dXdS[0] = -1.57325e-01
dXdS[1] = -2.21946e-02
dXdS[2] = -1.88498e-01
dXdS[3] = 1.41480e-01
dXdS[4] = 1.69879e-01
dXdS[5] = 2.31168e-01
dXdS[6] = 2.59044e-01
dXdS[7] = 3.44436e-01
dXdS[8] = 5.34793e-01
dXdS[9] = 1.00000e+00
dXdS[10] = 5.94492e-02
dXdS[11] = -6.31605e-02


Iteration: 158
Index of specified variable before Newton's method: 9
Temperature before Newton's method: 3.83566e+02 K
Pressure before Newton's method: 1.59559e+07 Pa
Interpolation Scheme: Polynomial (Cubic)
Mixed error in Newton's method (should be < 1): 1.25458e-03
Nº of Newton iterations: 1
Delta of specified variable for the next iteration: 7.06340e-03
Next Iteration variable updated index: 9
lnK[0]		lnK[1]		lnK[2]		lnK[3]		lnK[4]		lnK[5]		lnK[6]		lnK[7]		lnK[8]		lnK[9]		lnT(K)		lnP(Pa)		
-5.19622e-02	-4.49007e-03	-6.28025e-02	5.27775e-02	6.28173e-02	8.41748e-02	9.40742e-02	1.24002e-01	1.90478e-01	3.53170e-01	5.94951e+00	1.65853e+01
Sensitivity vector: 
dXdS[0] = -1.56906e-01
dXdS[1] = -2.18061e-02
dXdS[2] = -1.88060e-01
dXdS[3] = 1.41807e-01
dXdS[4] = 1.70206e-01
dXdS[5] = 2.31462e-01
dXdS[6] = 2.59343e-01
dXdS[7] = 3.44708e-01
dXdS[8] = 5.34978e-01
dXdS[9] = 1.00000e+00
dXdS[10] = 5.94792e-02
dXdS[11] = -6.28170e-02


Iteration: 159
Index of specified variable before Newton's method: 9
Temperature before Newton's method: 3.83405e+02 K
Pressure before Newton's method: 1.59629e+07 Pa
Interpolation Scheme: Polynomial (Cubic)
Mixed error in Newton's method (should be < 1): 1.21919e-03
Nº of Newton iterations: 1
Delta of specified variable for the next iteration: 6.92213e-03
Next Iteration variable updated index: 9
lnK[0]		lnK[1]		lnK[2]		lnK[3]		lnK[4]		lnK[5]		lnK[6]		lnK[7]		lnK[8]		lnK[9]		lnT(K)		lnP(Pa)		
-5.08553e-02	-4.33739e-03	-6.14757e-02	5.17747e-02	6.16139e-02	8.25389e-02	9.22413e-02	1.21567e-01	1.86699e-01	3.46106e-01	5.94909e+00	1.65858e+01
Sensitivity vector: 
dXdS[0] = -1.56496e-01
dXdS[1] = -2.14264e-02
dXdS[2] = -1.87631e-01
dXdS[3] = 1.42125e-01
dXdS[4] = 1.70525e-01
dXdS[5] = 2.31749e-01
dXdS[6] = 2.59636e-01
dXdS[7] = 3.44974e-01
dXdS[8] = 5.35160e-01
dXdS[9] = 1.00000e+00
dXdS[10] = 5.95087e-02
dXdS[11] = -6.24811e-02


Iteration: 160
Index of specified variable before Newton's method: 9
Temperature before Newton's method: 3.83247e+02 K
Pressure before Newton's method: 1.59698e+07 Pa
Interpolation Scheme: Polynomial (Cubic)
Mixed error in Newton's method (should be < 1): 1.23592e-03
Nº of Newton iterations: 1
Delta of specified variable for the next iteration: 6.78369e-03
Next Iteration variable updated index: 9
lnK[0]		lnK[1]		lnK[2]		lnK[3]		lnK[4]		lnK[5]		lnK[6]		lnK[7]		lnK[8]		lnK[9]		lnT(K)		lnP(Pa)		
-4.97734e-02	-4.19036e-03	-6.01783e-02	5.07898e-02	6.04325e-02	8.09337e-02	9.04431e-02	1.19178e-01	1.82994e-01	3.39184e-01	5.94868e+00	1.65862e+01
Sensitivity vector: 
dXdS[0] = -1.56096e-01
dXdS[1] = -2.10553e-02
dXdS[2] = -1.87212e-01
dXdS[3] = 1.42437e-01
dXdS[4] = 1.70837e-01
dXdS[5] = 2.32029e-01
dXdS[6] = 2.59922e-01
dXdS[7] = 3.45235e-01
dXdS[8] = 5.35337e-01
dXdS[9] = 1.00000e+00
dXdS[10] = 5.95376e-02
dXdS[11] = -6.21525e-02


Iteration: 161
Index of specified variable before Newton's method: 9
Temperature before Newton's method: 3.83092e+02 K
Pressure before Newton's method: 1.59765e+07 Pa
Interpolation Scheme: Polynomial (Cubic)
Mixed error in Newton's method (should be < 1): 1.02708e-03
Nº of Newton iterations: 1
Delta of specified variable for the next iteration: 6.64801e-03
Next Iteration variable updated index: 9
lnK[0]		lnK[1]		lnK[2]		lnK[3]		lnK[4]		lnK[5]		lnK[6]		lnK[7]		lnK[8]		lnK[9]		lnT(K)		lnP(Pa)		
-4.87158e-02	-4.04876e-03	-5.89097e-02	4.98226e-02	5.92725e-02	7.93588e-02	8.86789e-02	1.16835e-01	1.79362e-01	3.32401e-01	5.94828e+00	1.65866e+01
Sensitivity vector: 
dXdS[0] = -1.55705e-01
dXdS[1] = -2.06925e-02
dXdS[2] = -1.86803e-01
dXdS[3] = 1.42741e-01
dXdS[4] = 1.71142e-01
dXdS[5] = 2.32303e-01
dXdS[6] = 2.60201e-01
dXdS[7] = 3.45489e-01
dXdS[8] = 5.35511e-01
dXdS[9] = 1.00000e+00
dXdS[10] = 5.95659e-02
dXdS[11] = -6.18312e-02


Iteration: 162
Index of specified variable before Newton's method: 9
Temperature before Newton's method: 3.82941e+02 K
Pressure before Newton's method: 1.59831e+07 Pa
Interpolation Scheme: Polynomial (Cubic)
Mixed error in Newton's method (should be < 1): 1.01475e-03
Nº of Newton iterations: 1
Delta of specified variable for the next iteration: 6.51505e-03
Next Iteration variable updated index: 9
lnK[0]		lnK[1]		lnK[2]		lnK[3]		lnK[4]		lnK[5]		lnK[6]		lnK[7]		lnK[8]		lnK[9]		lnT(K)		lnP(Pa)		
-4.76820e-02	-3.91237e-03	-5.76692e-02	4.88726e-02	5.81338e-02	7.78135e-02	8.69482e-02	1.14537e-01	1.75801e-01	3.25753e-01	5.94788e+00	1.65870e+01
Sensitivity vector: 
dXdS[0] = -1.55323e-01
dXdS[1] = -2.03380e-02
dXdS[2] = -1.86403e-01
dXdS[3] = 1.43039e-01
dXdS[4] = 1.71440e-01
dXdS[5] = 2.32571e-01
dXdS[6] = 2.60475e-01
dXdS[7] = 3.45738e-01
dXdS[8] = 5.35680e-01
dXdS[9] = 1.00000e+00
dXdS[10] = 5.95936e-02
dXdS[11] = -6.15168e-02


Iteration: 163
Index of specified variable before Newton's method: 9
Temperature before Newton's method: 3.82792e+02 K
Pressure before Newton's method: 1.59895e+07 Pa
Interpolation Scheme: Polynomial (Cubic)
Mixed error in Newton's method (should be < 1): 9.23838e-04
Nº of Newton iterations: 1
Delta of specified variable for the next iteration: 6.38475e-03
Next Iteration variable updated index: 9
lnK[0]		lnK[1]		lnK[2]		lnK[3]		lnK[4]		lnK[5]		lnK[6]		lnK[7]		lnK[8]		lnK[9]		lnT(K)		lnP(Pa)		
-4.66713e-02	-3.78100e-03	-5.64560e-02	4.79398e-02	5.70159e-02	7.62975e-02	8.52503e-02	1.12284e-01	1.72311e-01	3.19238e-01	5.94749e+00	1.65874e+01
Sensitivity vector: 
dXdS[0] = -1.54950e-01
dXdS[1] = -1.99914e-02
dXdS[2] = -1.86012e-01
dXdS[3] = 1.43330e-01
dXdS[4] = 1.71732e-01
dXdS[5] = 2.32833e-01
dXdS[6] = 2.60742e-01
dXdS[7] = 3.45981e-01
dXdS[8] = 5.35846e-01
dXdS[9] = 1.00000e+00
dXdS[10] = 5.96208e-02
dXdS[11] = -6.12093e-02


Iteration: 164
Index of specified variable before Newton's method: 9
Temperature before Newton's method: 3.82646e+02 K
Pressure before Newton's method: 1.59957e+07 Pa
Interpolation Scheme: Polynomial (Cubic)
Mixed error in Newton's method (should be < 1): 9.39493e-04
Nº of Newton iterations: 1
Delta of specified variable for the next iteration: 6.25706e-03
Next Iteration variable updated index: 9
lnK[0]		lnK[1]		lnK[2]		lnK[3]		lnK[4]		lnK[5]		lnK[6]		lnK[7]		lnK[8]		lnK[9]		lnT(K)		lnP(Pa)		
-4.56831e-02	-3.65444e-03	-5.52696e-02	4.70237e-02	5.59185e-02	7.48101e-02	8.35847e-02	1.10074e-01	1.68889e-01	3.12853e-01	5.94711e+00	1.65878e+01
Sensitivity vector: 
dXdS[0] = -1.54585e-01
dXdS[1] = -1.96526e-02
dXdS[2] = -1.85630e-01
dXdS[3] = 1.43614e-01
dXdS[4] = 1.72017e-01
dXdS[5] = 2.33089e-01
dXdS[6] = 2.61003e-01
dXdS[7] = 3.46219e-01
dXdS[8] = 5.36008e-01
dXdS[9] = 1.00000e+00
dXdS[10] = 5.96474e-02
dXdS[11] = -6.09085e-02


Iteration: 165
Index of specified variable before Newton's method: 9
Temperature before Newton's method: 3.82504e+02 K
Pressure before Newton's method: 1.60018e+07 Pa
Interpolation Scheme: Polynomial (Cubic)
Mixed error in Newton's method (should be < 1): 1.00750e-03
Nº of Newton iterations: 1
Delta of specified variable for the next iteration: 6.13192e-03
Next Iteration variable updated index: 9
lnK[0]		lnK[1]		lnK[2]		lnK[3]		lnK[4]		lnK[5]		lnK[6]		lnK[7]		lnK[8]		lnK[9]		lnT(K)		lnP(Pa)		
-4.47170e-02	-3.53251e-03	-5.41093e-02	4.61243e-02	5.48413e-02	7.33508e-02	8.19508e-02	1.07907e-01	1.65534e-01	3.06596e-01	5.94674e+00	1.65882e+01
Sensitivity vector: 
dXdS[0] = -1.54228e-01
dXdS[1] = -1.93214e-02
dXdS[2] = -1.85256e-01
dXdS[3] = 1.43892e-01
dXdS[4] = 1.72296e-01
dXdS[5] = 2.33340e-01
dXdS[6] = 2.61259e-01
dXdS[7] = 3.46452e-01
dXdS[8] = 5.36166e-01
dXdS[9] = 1.00000e+00
dXdS[10] = 5.96735e-02
dXdS[11] = -6.06143e-02


Iteration: 166
Index of specified variable before Newton's method: 9
Temperature before Newton's method: 3.82364e+02 K
Pressure before Newton's method: 1.60077e+07 Pa
Interpolation Scheme: Polynomial (Cubic)
Mixed error in Newton's method (should be < 1): 9.66678e-04
Nº of Newton iterations: 1
Delta of specified variable for the next iteration: 6.00928e-03
Next Iteration variable updated index: 9
lnK[0]		lnK[1]		lnK[2]		lnK[3]		lnK[4]		lnK[5]		lnK[6]		lnK[7]		lnK[8]		lnK[9]		lnT(K)		lnP(Pa)		
-4.37723e-02	-3.41503e-03	-5.29744e-02	4.52411e-02	5.37840e-02	7.19193e-02	8.03480e-02	1.05782e-01	1.62246e-01	3.00464e-01	5.94637e+00	1.65886e+01
Sensitivity vector: 
dXdS[0] = -1.53879e-01
dXdS[1] = -1.89976e-02
dXdS[2] = -1.84891e-01
dXdS[3] = 1.44164e-01
dXdS[4] = 1.72568e-01
dXdS[5] = 2.33585e-01
dXdS[6] = 2.61508e-01
dXdS[7] = 3.46679e-01
dXdS[8] = 5.36321e-01
dXdS[9] = 1.00000e+00
dXdS[10] = 5.96991e-02
dXdS[11] = -6.03264e-02


Iteration: 167
Index of specified variable before Newton's method: 9
Temperature before Newton's method: 3.82226e+02 K
Pressure before Newton's method: 1.60135e+07 Pa
Interpolation Scheme: Polynomial (Cubic)
Mixed error in Newton's method (should be < 1): 8.28366e-04
Nº of Newton iterations: 1
Delta of specified variable for the next iteration: 5.88909e-03
Next Iteration variable updated index: 9
lnK[0]		lnK[1]		lnK[2]		lnK[3]		lnK[4]		lnK[5]		lnK[6]		lnK[7]		lnK[8]		lnK[9]		lnT(K)		lnP(Pa)		
-4.28487e-02	-3.30181e-03	-5.18644e-02	4.43740e-02	5.27462e-02	7.05149e-02	7.87758e-02	1.03698e-01	1.59023e-01	2.94455e-01	5.94601e+00	1.65889e+01
Sensitivity vector: 
dXdS[0] = -1.53538e-01
dXdS[1] = -1.86810e-02
dXdS[2] = -1.84534e-01
dXdS[3] = 1.44430e-01
dXdS[4] = 1.72835e-01
dXdS[5] = 2.33824e-01
dXdS[6] = 2.61753e-01
dXdS[7] = 3.46902e-01
dXdS[8] = 5.36473e-01
dXdS[9] = 1.00000e+00
dXdS[10] = 5.97241e-02
dXdS[11] = -6.00447e-02


Iteration: 168
Index of specified variable before Newton's method: 9
Temperature before Newton's method: 3.82092e+02 K
Pressure before Newton's method: 1.60192e+07 Pa
Interpolation Scheme: Polynomial (Cubic)
Mixed error in Newton's method (should be < 1): 9.03273e-04
Nº of Newton iterations: 1
Delta of specified variable for the next iteration: 5.77131e-03
Next Iteration variable updated index: 9
lnK[0]		lnK[1]		lnK[2]		lnK[3]		lnK[4]		lnK[5]		lnK[6]		lnK[7]		lnK[8]		lnK[9]		lnT(K)		lnP(Pa)		
-4.19454e-02	-3.19271e-03	-5.07787e-02	4.35226e-02	5.17276e-02	6.91372e-02	7.72336e-02	1.01655e-01	1.55863e-01	2.88566e-01	5.94566e+00	1.65893e+01
Sensitivity vector: 
dXdS[0] = -1.53205e-01
dXdS[1] = -1.83715e-02
dXdS[2] = -1.84185e-01
dXdS[3] = 1.44690e-01
dXdS[4] = 1.73095e-01
dXdS[5] = 2.34058e-01
dXdS[6] = 2.61992e-01
dXdS[7] = 3.47120e-01
dXdS[8] = 5.36621e-01
dXdS[9] = 1.00000e+00
dXdS[10] = 5.97487e-02
dXdS[11] = -5.97692e-02


Iteration: 169
Index of specified variable before Newton's method: 9
Temperature before Newton's method: 3.81960e+02 K
Pressure before Newton's method: 1.60247e+07 Pa
Interpolation Scheme: Polynomial (Cubic)
Mixed error in Newton's method (should be < 1): 7.30013e-04
Nº of Newton iterations: 1
Delta of specified variable for the next iteration: 5.65588e-03
Next Iteration variable updated index: 9
lnK[0]		lnK[1]		lnK[2]		lnK[3]		lnK[4]		lnK[5]		lnK[6]		lnK[7]		lnK[8]		lnK[9]		lnT(K)		lnP(Pa)		
-4.10622e-02	-3.08756e-03	-4.97167e-02	4.26869e-02	5.07278e-02	6.77857e-02	7.57209e-02	9.96507e-02	1.52766e-01	2.82794e-01	5.94532e+00	1.65896e+01
Sensitivity vector: 
dXdS[0] = -1.52879e-01
dXdS[1] = -1.80688e-02
dXdS[2] = -1.83844e-01
dXdS[3] = 1.44944e-01
dXdS[4] = 1.73350e-01
dXdS[5] = 2.34287e-01
dXdS[6] = 2.62225e-01
dXdS[7] = 3.47332e-01
dXdS[8] = 5.36766e-01
dXdS[9] = 1.00000e+00
dXdS[10] = 5.97728e-02
dXdS[11] = -5.94996e-02


Iteration: 170
Index of specified variable before Newton's method: 9
Temperature before Newton's method: 3.81831e+02 K
Pressure before Newton's method: 1.60301e+07 Pa
Interpolation Scheme: Polynomial (Cubic)
Mixed error in Newton's method (should be < 1): 7.69830e-04
Nº of Newton iterations: 1
Delta of specified variable for the next iteration: 5.54277e-03
Next Iteration variable updated index: 9
lnK[0]		lnK[1]		lnK[2]		lnK[3]		lnK[4]		lnK[5]		lnK[6]		lnK[7]		lnK[8]		lnK[9]		lnT(K)		lnP(Pa)		
-4.01984e-02	-2.98620e-03	-4.86778e-02	4.18664e-02	4.97467e-02	6.64599e-02	7.42371e-02	9.76856e-02	1.49729e-01	2.77138e-01	5.94498e+00	1.65900e+01
Sensitivity vector: 
dXdS[0] = -1.52561e-01
dXdS[1] = -1.77728e-02
dXdS[2] = -1.83510e-01
dXdS[3] = 1.45192e-01
dXdS[4] = 1.73599e-01
dXdS[5] = 2.34511e-01
dXdS[6] = 2.62454e-01
dXdS[7] = 3.47540e-01
dXdS[8] = 5.36908e-01
dXdS[9] = 1.00000e+00
dXdS[10] = 5.97964e-02
dXdS[11] = -5.92357e-02


Iteration: 171
Index of specified variable before Newton's method: 9
Temperature before Newton's method: 3.81704e+02 K
Pressure before Newton's method: 1.60353e+07 Pa
Interpolation Scheme: Polynomial (Cubic)
Mixed error in Newton's method (should be < 1): 6.73883e-04
Nº of Newton iterations: 1
Delta of specified variable for the next iteration: 5.43191e-03
Next Iteration variable updated index: 9
lnK[0]		lnK[1]		lnK[2]		lnK[3]		lnK[4]		lnK[5]		lnK[6]		lnK[7]		lnK[8]		lnK[9]		lnT(K)		lnP(Pa)		
-3.93537e-02	-2.88849e-03	-4.76616e-02	4.10609e-02	4.87838e-02	6.51595e-02	7.27818e-02	9.57587e-02	1.46753e-01	2.71596e-01	5.94465e+00	1.65903e+01
Sensitivity vector: 
dXdS[0] = -1.52249e-01
dXdS[1] = -1.74834e-02
dXdS[2] = -1.83184e-01
dXdS[3] = 1.45435e-01
dXdS[4] = 1.73843e-01
dXdS[5] = 2.34730e-01
dXdS[6] = 2.62677e-01
dXdS[7] = 3.47744e-01
dXdS[8] = 5.37046e-01
dXdS[9] = 1.00000e+00
dXdS[10] = 5.98195e-02
dXdS[11] = -5.89776e-02


Iteration: 172
Index of specified variable before Newton's method: 9
Temperature before Newton's method: 3.81580e+02 K
Pressure before Newton's method: 1.60404e+07 Pa
Interpolation Scheme: Polynomial (Cubic)
Mixed error in Newton's method (should be < 1): 7.76740e-04
Nº of Newton iterations: 1
Delta of specified variable for the next iteration: 5.32327e-03
Next Iteration variable updated index: 9
lnK[0]		lnK[1]		lnK[2]		lnK[3]		lnK[4]		lnK[5]		lnK[6]		lnK[7]		lnK[8]		lnK[9]		lnT(K)		lnP(Pa)		
-3.85275e-02	-2.79429e-03	-4.66674e-02	4.02703e-02	4.78388e-02	6.38839e-02	7.13544e-02	9.38692e-02	1.43836e-01	2.66164e-01	5.94432e+00	1.65906e+01
Sensitivity vector: 
dXdS[0] = -1.51945e-01
dXdS[1] = -1.72003e-02
dXdS[2] = -1.82865e-01
dXdS[3] = 1.45673e-01
dXdS[4] = 1.74082e-01
dXdS[5] = 2.34944e-01
dXdS[6] = 2.62896e-01
dXdS[7] = 3.47943e-01
dXdS[8] = 5.37182e-01
dXdS[9] = 1.00000e+00
dXdS[10] = 5.98421e-02
dXdS[11] = -5.87250e-02


Iteration: 173
Index of specified variable before Newton's method: 9
Temperature before Newton's method: 3.81459e+02 K
Pressure before Newton's method: 1.60454e+07 Pa
Interpolation Scheme: Polynomial (Cubic)
Mixed error in Newton's method (should be < 1): 7.53327e-04
Nº of Newton iterations: 1
Delta of specified variable for the next iteration: 5.21681e-03
Next Iteration variable updated index: 9
lnK[0]		lnK[1]		lnK[2]		lnK[3]		lnK[4]		lnK[5]		lnK[6]		lnK[7]		lnK[8]		lnK[9]		lnT(K)		lnP(Pa)		
-3.77194e-02	-2.70347e-03	-4.56948e-02	3.94942e-02	4.69115e-02	6.26327e-02	6.99543e-02	9.20165e-02	1.40976e-01	2.60840e-01	5.94400e+00	1.65909e+01
Sensitivity vector: 
dXdS[0] = -1.51647e-01
dXdS[1] = -1.69235e-02
dXdS[2] = -1.82554e-01
dXdS[3] = 1.45905e-01
dXdS[4] = 1.74315e-01
dXdS[5] = 2.35153e-01
dXdS[6] = 2.63110e-01
dXdS[7] = 3.48138e-01
dXdS[8] = 5.37315e-01
dXdS[9] = 1.00000e+00
dXdS[10] = 5.98643e-02
dXdS[11] = -5.84777e-02


Iteration: 174
Index of specified variable before Newton's method: 9
Temperature before Newton's method: 3.81340e+02 K
Pressure before Newton's method: 1.60503e+07 Pa
Interpolation Scheme: Polynomial (Cubic)
Mixed error in Newton's method (should be < 1): 6.92302e-04
Nº of Newton iterations: 1
Delta of specified variable for the next iteration: 5.11247e-03
Next Iteration variable updated index: 9
lnK[0]		lnK[1]		lnK[2]		lnK[3]		lnK[4]		lnK[5]		lnK[6]		lnK[7]		lnK[8]		lnK[9]		lnT(K)		lnP(Pa)		
-3.69291e-02	-2.61589e-03	-4.47433e-02	3.87325e-02	4.60016e-02	6.14054e-02	6.85812e-02	9.01999e-02	1.38172e-01	2.55624e-01	5.94369e+00	1.65912e+01
Sensitivity vector: 
dXdS[0] = -1.51356e-01
dXdS[1] = -1.66527e-02
dXdS[2] = -1.82249e-01
dXdS[3] = 1.46132e-01
dXdS[4] = 1.74543e-01
dXdS[5] = 2.35358e-01
dXdS[6] = 2.63319e-01
dXdS[7] = 3.48329e-01
dXdS[8] = 5.37444e-01
dXdS[9] = 1.00000e+00
dXdS[10] = 5.98860e-02
dXdS[11] = -5.82358e-02


Iteration: 175
Index of specified variable before Newton's method: 9
Temperature before Newton's method: 3.81223e+02 K
Pressure before Newton's method: 1.60551e+07 Pa
Interpolation Scheme: Polynomial (Cubic)
Mixed error in Newton's method (should be < 1): 5.10984e-04
Nº of Newton iterations: 1
Delta of specified variable for the next iteration: 5.01022e-03
Next Iteration variable updated index: 9
lnK[0]		lnK[1]		lnK[2]		lnK[3]		lnK[4]		lnK[5]		lnK[6]		lnK[7]		lnK[8]		lnK[9]		lnT(K)		lnP(Pa)		
-3.61560e-02	-2.53143e-03	-4.38123e-02	3.79848e-02	4.51086e-02	6.02016e-02	6.72345e-02	8.84186e-02	1.35424e-01	2.50511e-01	5.94338e+00	1.65915e+01
Sensitivity vector: 
dXdS[0] = -1.51071e-01
dXdS[1] = -1.63879e-02
dXdS[2] = -1.81950e-01
dXdS[3] = 1.46355e-01
dXdS[4] = 1.74766e-01
dXdS[5] = 2.35558e-01
dXdS[6] = 2.63523e-01
dXdS[7] = 3.48515e-01
dXdS[8] = 5.37571e-01
dXdS[9] = 1.00000e+00
dXdS[10] = 5.99074e-02
dXdS[11] = -5.79991e-02


Iteration: 176
Index of specified variable before Newton's method: 9
Temperature before Newton's method: 3.81109e+02 K
Pressure before Newton's method: 1.60597e+07 Pa
Interpolation Scheme: Polynomial (Cubic)
Mixed error in Newton's method (should be < 1): 8.29738e-04
Nº of Newton iterations: 1
Delta of specified variable for the next iteration: 4.91002e-03
Next Iteration variable updated index: 9
lnK[0]		lnK[1]		lnK[2]		lnK[3]		lnK[4]		lnK[5]		lnK[6]		lnK[7]		lnK[8]		lnK[9]		lnT(K)		lnP(Pa)		
-3.53998e-02	-2.44997e-03	-4.29014e-02	3.72510e-02	4.42325e-02	5.90209e-02	6.59137e-02	8.66720e-02	1.32731e-01	2.45501e-01	5.94308e+00	1.65918e+01
Sensitivity vector: 
dXdS[0] = -1.50792e-01
dXdS[1] = -1.61289e-02
dXdS[2] = -1.81659e-01
dXdS[3] = 1.46572e-01
dXdS[4] = 1.74984e-01
dXdS[5] = 2.35754e-01
dXdS[6] = 2.63723e-01
dXdS[7] = 3.48697e-01
dXdS[8] = 5.37695e-01
dXdS[9] = 1.00000e+00
dXdS[10] = 5.99282e-02
dXdS[11] = -5.77673e-02


Iteration: 177
Index of specified variable before Newton's method: 9
Temperature before Newton's method: 3.80996e+02 K
Pressure before Newton's method: 1.60643e+07 Pa
Interpolation Scheme: Polynomial (Cubic)
Mixed error in Newton's method (should be < 1): 4.79695e-04
Nº of Newton iterations: 1
Delta of specified variable for the next iteration: 4.81182e-03
Next Iteration variable updated index: 9
lnK[0]		lnK[1]		lnK[2]		lnK[3]		lnK[4]		lnK[5]		lnK[6]		lnK[7]		lnK[8]		lnK[9]		lnT(K)		lnP(Pa)		
-3.46601e-02	-2.37140e-03	-4.20102e-02	3.65308e-02	4.33728e-02	5.78629e-02	6.46183e-02	8.49594e-02	1.30090e-01	2.40591e-01	5.94279e+00	1.65921e+01
Sensitivity vector: 
dXdS[0] = -1.50520e-01
dXdS[1] = -1.58755e-02
dXdS[2] = -1.81373e-01
dXdS[3] = 1.46785e-01
dXdS[4] = 1.75197e-01
dXdS[5] = 2.35946e-01
dXdS[6] = 2.63919e-01
dXdS[7] = 3.48876e-01
dXdS[8] = 5.37817e-01
dXdS[9] = 1.00000e+00
dXdS[10] = 5.99487e-02
dXdS[11] = -5.75406e-02


Iteration: 178
Index of specified variable before Newton's method: 9
Temperature before Newton's method: 3.80887e+02 K
Pressure before Newton's method: 1.60687e+07 Pa
Interpolation Scheme: Polynomial (Cubic)
Mixed error in Newton's method (should be < 1): 6.04704e-04
Nº of Newton iterations: 1
Delta of specified variable for the next iteration: 4.71558e-03
Next Iteration variable updated index: 9
lnK[0]		lnK[1]		lnK[2]		lnK[3]		lnK[4]		lnK[5]		lnK[6]		lnK[7]		lnK[8]		lnK[9]		lnT(K)		lnP(Pa)		
-3.39365e-02	-2.29561e-03	-4.11381e-02	3.58240e-02	4.25293e-02	5.67271e-02	6.33479e-02	8.32803e-02	1.27502e-01	2.35779e-01	5.94250e+00	1.65924e+01
Sensitivity vector: 
dXdS[0] = -1.50253e-01
dXdS[1] = -1.56277e-02
dXdS[2] = -1.81094e-01
dXdS[3] = 1.46993e-01
dXdS[4] = 1.75406e-01
dXdS[5] = 2.36133e-01
dXdS[6] = 2.64111e-01
dXdS[7] = 3.49050e-01
dXdS[8] = 5.37936e-01
dXdS[9] = 1.00000e+00
dXdS[10] = 5.99687e-02
dXdS[11] = -5.73186e-02


Iteration: 179
Index of specified variable before Newton's method: 9
Temperature before Newton's method: 3.80779e+02 K
Pressure before Newton's method: 1.60731e+07 Pa
Interpolation Scheme: Polynomial (Cubic)
Mixed error in Newton's method (should be < 1): 6.30286e-04
Nº of Newton iterations: 1
Delta of specified variable for the next iteration: 4.62127e-03
Next Iteration variable updated index: 9
lnK[0]		lnK[1]		lnK[2]		lnK[3]		lnK[4]		lnK[5]		lnK[6]		lnK[7]		lnK[8]		lnK[9]		lnT(K)		lnP(Pa)		
-3.32285e-02	-2.22249e-03	-4.02848e-02	3.51304e-02	4.17016e-02	5.56132e-02	6.21020e-02	8.16339e-02	1.24965e-01	2.31063e-01	5.94222e+00	1.65927e+01
Sensitivity vector: 
dXdS[0] = -1.49993e-01
dXdS[1] = -1.53853e-02
dXdS[2] = -1.80822e-01
dXdS[3] = 1.47196e-01
dXdS[4] = 1.75611e-01
dXdS[5] = 2.36317e-01
dXdS[6] = 2.64298e-01
dXdS[7] = 3.49221e-01
dXdS[8] = 5.38052e-01
dXdS[9] = 1.00000e+00
dXdS[10] = 5.99884e-02
dXdS[11] = -5.71013e-02


Iteration: 180
Index of specified variable before Newton's method: 9
Temperature before Newton's method: 3.80673e+02 K
Pressure before Newton's method: 1.60773e+07 Pa
Interpolation Scheme: Polynomial (Cubic)
Mixed error in Newton's method (should be < 1): 3.15550e-04
Nº of Newton iterations: 1
Delta of specified variable for the next iteration: 4.52884e-03
Next Iteration variable updated index: 9
lnK[0]		lnK[1]		lnK[2]		lnK[3]		lnK[4]		lnK[5]		lnK[6]		lnK[7]		lnK[8]		lnK[9]		lnT(K)		lnP(Pa)		
-3.25360e-02	-2.15193e-03	-3.94498e-02	3.44497e-02	4.08896e-02	5.45207e-02	6.08802e-02	8.00197e-02	1.22478e-01	2.26442e-01	5.94194e+00	1.65929e+01
Sensitivity vector: 
dXdS[0] = -1.49738e-01
dXdS[1] = -1.51481e-02
dXdS[2] = -1.80555e-01
dXdS[3] = 1.47396e-01
dXdS[4] = 1.75810e-01
dXdS[5] = 2.36496e-01
dXdS[6] = 2.64481e-01
dXdS[7] = 3.49388e-01
dXdS[8] = 5.38166e-01
dXdS[9] = 1.00000e+00
dXdS[10] = 6.00076e-02
dXdS[11] = -5.68887e-02


Iteration: 181
Index of specified variable before Newton's method: 9
Temperature before Newton's method: 3.80570e+02 K
Pressure before Newton's method: 1.60814e+07 Pa
Interpolation Scheme: Polynomial (Cubic)
Mixed error in Newton's method (should be < 1): 6.06066e-04
Nº of Newton iterations: 1
Delta of specified variable for the next iteration: 4.43827e-03
Next Iteration variable updated index: 9
lnK[0]		lnK[1]		lnK[2]		lnK[3]		lnK[4]		lnK[5]		lnK[6]		lnK[7]		lnK[8]		lnK[9]		lnT(K)		lnP(Pa)		
-3.18584e-02	-2.08386e-03	-3.86326e-02	3.37817e-02	4.00930e-02	5.34492e-02	5.96820e-02	7.84370e-02	1.20041e-01	2.21913e-01	5.94167e+00	1.65932e+01
Sensitivity vector: 
dXdS[0] = -1.49489e-01
dXdS[1] = -1.49161e-02
dXdS[2] = -1.80294e-01
dXdS[3] = 1.47590e-01
dXdS[4] = 1.76006e-01
dXdS[5] = 2.36672e-01
dXdS[6] = 2.64661e-01
dXdS[7] = 3.49552e-01
dXdS[8] = 5.38277e-01
dXdS[9] = 1.00000e+00
dXdS[10] = 6.00265e-02
dXdS[11] = -5.66806e-02


Iteration: 182
Index of specified variable before Newton's method: 9
Temperature before Newton's method: 3.80468e+02 K
Pressure before Newton's method: 1.60855e+07 Pa
Interpolation Scheme: Polynomial (Cubic)
Mixed error in Newton's method (should be < 1): 4.80025e-04
Nº of Newton iterations: 1
Delta of specified variable for the next iteration: 4.34950e-03
Next Iteration variable updated index: 9
lnK[0]		lnK[1]		lnK[2]		lnK[3]		lnK[4]		lnK[5]		lnK[6]		lnK[7]		lnK[8]		lnK[9]		lnT(K)		lnP(Pa)		
-3.11955e-02	-2.01816e-03	-3.78330e-02	3.31262e-02	3.93114e-02	5.23984e-02	5.85070e-02	7.68852e-02	1.17652e-01	2.17475e-01	5.94140e+00	1.65934e+01
Sensitivity vector: 
dXdS[0] = -1.49245e-01
dXdS[1] = -1.46891e-02
dXdS[2] = -1.80038e-01
dXdS[3] = 1.47781e-01
dXdS[4] = 1.76197e-01
dXdS[5] = 2.36844e-01
dXdS[6] = 2.64836e-01
dXdS[7] = 3.49712e-01
dXdS[8] = 5.38386e-01
dXdS[9] = 1.00000e+00
dXdS[10] = 6.00450e-02
dXdS[11] = -5.64768e-02


Iteration: 183
Index of specified variable before Newton's method: 9
Temperature before Newton's method: 3.80369e+02 K
Pressure before Newton's method: 1.60894e+07 Pa
Interpolation Scheme: Polynomial (Cubic)
Mixed error in Newton's method (should be < 1): 3.48570e-04
Nº of Newton iterations: 1
Delta of specified variable for the next iteration: 4.26251e-03
Next Iteration variable updated index: 9
lnK[0]		lnK[1]		lnK[2]		lnK[3]		lnK[4]		lnK[5]		lnK[6]		lnK[7]		lnK[8]		lnK[9]		lnT(K)		lnP(Pa)		
-3.05469e-02	-1.95475e-03	-3.70505e-02	3.24830e-02	3.85446e-02	5.13679e-02	5.73547e-02	7.53638e-02	1.15310e-01	2.13126e-01	5.94114e+00	1.65937e+01
Sensitivity vector: 
dXdS[0] = -1.49006e-01
dXdS[1] = -1.44670e-02
dXdS[2] = -1.79788e-01
dXdS[3] = 1.47967e-01
dXdS[4] = 1.76384e-01
dXdS[5] = 2.37012e-01
dXdS[6] = 2.65008e-01
dXdS[7] = 3.49868e-01
dXdS[8] = 5.38493e-01
dXdS[9] = 1.00000e+00
dXdS[10] = 6.00631e-02
dXdS[11] = -5.62774e-02


Iteration: 184
Index of specified variable before Newton's method: 9
Temperature before Newton's method: 3.80272e+02 K
Pressure before Newton's method: 1.60933e+07 Pa
Interpolation Scheme: Polynomial (Cubic)
Mixed error in Newton's method (should be < 1): 6.11000e-04
Nº of Newton iterations: 1
Delta of specified variable for the next iteration: 4.17726e-03
Next Iteration variable updated index: 9
lnK[0]		lnK[1]		lnK[2]		lnK[3]		lnK[4]		lnK[5]		lnK[6]		lnK[7]		lnK[8]		lnK[9]		lnT(K)		lnP(Pa)		
-2.99122e-02	-1.89355e-03	-3.62847e-02	3.18519e-02	3.77924e-02	5.03573e-02	5.62247e-02	7.38722e-02	1.13014e-01	2.08863e-01	5.94089e+00	1.65939e+01
Sensitivity vector: 
dXdS[0] = -1.48773e-01
dXdS[1] = -1.42497e-02
dXdS[2] = -1.79544e-01
dXdS[3] = 1.48150e-01
dXdS[4] = 1.76568e-01
dXdS[5] = 2.37176e-01
dXdS[6] = 2.65176e-01
dXdS[7] = 3.50022e-01
dXdS[8] = 5.38597e-01
dXdS[9] = 1.00000e+00
dXdS[10] = 6.00808e-02
dXdS[11] = -5.60821e-02


Iteration: 185
Index of specified variable before Newton's method: 9
Temperature before Newton's method: 3.80176e+02 K
Pressure before Newton's method: 1.60970e+07 Pa
Interpolation Scheme: Polynomial (Cubic)
Mixed error in Newton's method (should be < 1): 7.04005e-04
Nº of Newton iterations: 1
Delta of specified variable for the next iteration: 4.09372e-03
Next Iteration variable updated index: 9
lnK[0]		lnK[1]		lnK[2]		lnK[3]		lnK[4]		lnK[5]		lnK[6]		lnK[7]		lnK[8]		lnK[9]		lnT(K)		lnP(Pa)		
-2.92912e-02	-1.83447e-03	-3.55352e-02	3.12327e-02	3.70544e-02	4.93662e-02	5.51167e-02	7.24097e-02	1.10764e-01	2.04686e-01	5.94063e+00	1.65941e+01
Sensitivity vector: 
dXdS[0] = -1.48544e-01
dXdS[1] = -1.40371e-02
dXdS[2] = -1.79305e-01
dXdS[3] = 1.48328e-01
dXdS[4] = 1.76747e-01
dXdS[5] = 2.37337e-01
dXdS[6] = 2.65341e-01
dXdS[7] = 3.50171e-01
dXdS[8] = 5.38699e-01
dXdS[9] = 1.00000e+00
dXdS[10] = 6.00982e-02
dXdS[11] = -5.58910e-02


Iteration: 186
Index of specified variable before Newton's method: 9
Temperature before Newton's method: 3.80083e+02 K
Pressure before Newton's method: 1.61007e+07 Pa
Interpolation Scheme: Polynomial (Cubic)
Mixed error in Newton's method (should be < 1): 2.12913e-04
Nº of Newton iterations: 1
Delta of specified variable for the next iteration: 4.01184e-03
Next Iteration variable updated index: 9
lnK[0]		lnK[1]		lnK[2]		lnK[3]		lnK[4]		lnK[5]		lnK[6]		lnK[7]		lnK[8]		lnK[9]		lnT(K)		lnP(Pa)		
-2.86836e-02	-1.77743e-03	-3.48016e-02	3.06251e-02	3.63305e-02	4.83943e-02	5.40301e-02	7.09759e-02	1.08558e-01	2.00592e-01	5.94039e+00	1.65944e+01
Sensitivity vector: 
dXdS[0] = -1.48321e-01
dXdS[1] = -1.38291e-02
dXdS[2] = -1.79071e-01
dXdS[3] = 1.48503e-01
dXdS[4] = 1.76922e-01
dXdS[5] = 2.37495e-01
dXdS[6] = 2.65502e-01
dXdS[7] = 3.50318e-01
dXdS[8] = 5.38799e-01
dXdS[9] = 1.00000e+00
dXdS[10] = 6.01153e-02
dXdS[11] = -5.57039e-02


Iteration: 187
Index of specified variable before Newton's method: 9
Temperature before Newton's method: 3.79991e+02 K
Pressure before Newton's method: 1.61043e+07 Pa
Interpolation Scheme: Polynomial (Cubic)
Mixed error in Newton's method (should be < 1): 7.78247e-04
Nº of Newton iterations: 1
Delta of specified variable for the next iteration: 3.93160e-03
Next Iteration variable updated index: 9
lnK[0]		lnK[1]		lnK[2]		lnK[3]		lnK[4]		lnK[5]		lnK[6]		lnK[7]		lnK[8]		lnK[9]		lnT(K)		lnP(Pa)		
-2.80890e-02	-1.72236e-03	-3.40837e-02	3.00290e-02	3.56204e-02	4.74412e-02	5.29647e-02	6.95702e-02	1.06397e-01	1.96580e-01	5.94015e+00	1.65946e+01
Sensitivity vector: 
dXdS[0] = -1.48102e-01
dXdS[1] = -1.36255e-02
dXdS[2] = -1.78842e-01
dXdS[3] = 1.48674e-01
dXdS[4] = 1.77094e-01
dXdS[5] = 2.37649e-01
dXdS[6] = 2.65659e-01
dXdS[7] = 3.50462e-01
dXdS[8] = 5.38897e-01
dXdS[9] = 1.00000e+00
dXdS[10] = 6.01320e-02
dXdS[11] = -5.55207e-02


Iteration: 188
Index of specified variable before Newton's method: 9
Temperature before Newton's method: 3.79901e+02 K
Pressure before Newton's method: 1.61078e+07 Pa
Interpolation Scheme: Polynomial (Cubic)
Mixed error in Newton's method (should be < 1): 1.98390e-04
Nº of Newton iterations: 1
Delta of specified variable for the next iteration: 3.85297e-03
Next Iteration variable updated index: 9
lnK[0]		lnK[1]		lnK[2]		lnK[3]		lnK[4]		lnK[5]		lnK[6]		lnK[7]		lnK[8]		lnK[9]		lnT(K)		lnP(Pa)		
-2.75071e-02	-1.66918e-03	-3.33810e-02	2.94442e-02	3.49238e-02	4.65065e-02	5.19199e-02	6.81920e-02	1.04278e-01	1.92649e-01	5.93991e+00	1.65948e+01
Sensitivity vector: 
dXdS[0] = -1.47888e-01
dXdS[1] = -1.34263e-02
dXdS[2] = -1.78618e-01
dXdS[3] = 1.48841e-01
dXdS[4] = 1.77262e-01
dXdS[5] = 2.37799e-01
dXdS[6] = 2.65813e-01
dXdS[7] = 3.50602e-01
dXdS[8] = 5.38992e-01
dXdS[9] = 1.00000e+00
dXdS[10] = 6.01483e-02
dXdS[11] = -5.53414e-02


Iteration: 189
Index of specified variable before Newton's method: 9
Temperature before Newton's method: 3.79813e+02 K
Pressure before Newton's method: 1.61113e+07 Pa
Interpolation Scheme: Polynomial (Cubic)
Mixed error in Newton's method (should be < 1): 8.15133e-04
Nº of Newton iterations: 1
Delta of specified variable for the next iteration: 3.77591e-03
Next Iteration variable updated index: 9
lnK[0]		lnK[1]		lnK[2]		lnK[3]		lnK[4]		lnK[5]		lnK[6]		lnK[7]		lnK[8]		lnK[9]		lnT(K)		lnP(Pa)		
-2.69377e-02	-1.61782e-03	-3.26932e-02	2.88704e-02	3.42405e-02	4.55900e-02	5.08954e-02	6.68409e-02	1.02201e-01	1.88796e-01	5.93968e+00	1.65950e+01
Sensitivity vector: 
dXdS[0] = -1.47679e-01
dXdS[1] = -1.32314e-02
dXdS[2] = -1.78399e-01
dXdS[3] = 1.49005e-01
dXdS[4] = 1.77426e-01
dXdS[5] = 2.37947e-01
dXdS[6] = 2.65964e-01
dXdS[7] = 3.50740e-01
dXdS[8] = 5.39086e-01
dXdS[9] = 1.00000e+00
dXdS[10] = 6.01644e-02
dXdS[11] = -5.51658e-02


Iteration: 190
Index of specified variable before Newton's method: 9
Temperature before Newton's method: 3.79727e+02 K
Pressure before Newton's method: 1.61146e+07 Pa
Interpolation Scheme: Polynomial (Cubic)
Mixed error in Newton's method (should be < 1): 1.98022e-04
Nº of Newton iterations: 1
Delta of specified variable for the next iteration: 3.70039e-03
Next Iteration variable updated index: 9
lnK[0]		lnK[1]		lnK[2]		lnK[3]		lnK[4]		lnK[5]		lnK[6]		lnK[7]		lnK[8]		lnK[9]		lnT(K)		lnP(Pa)		
-2.63805e-02	-1.56822e-03	-3.20200e-02	2.83074e-02	3.35703e-02	4.46913e-02	4.98909e-02	6.55163e-02	1.00165e-01	1.85020e-01	5.93945e+00	1.65952e+01
Sensitivity vector: 
dXdS[0] = -1.47474e-01
dXdS[1] = -1.30407e-02
dXdS[2] = -1.78184e-01
dXdS[3] = 1.49165e-01
dXdS[4] = 1.77587e-01
dXdS[5] = 2.38091e-01
dXdS[6] = 2.66112e-01
dXdS[7] = 3.50875e-01
dXdS[8] = 5.39178e-01
dXdS[9] = 1.00000e+00
dXdS[10] = 6.01801e-02
dXdS[11] = -5.49939e-02


Iteration: 191
Index of specified variable before Newton's method: 9
Temperature before Newton's method: 3.79642e+02 K
Pressure before Newton's method: 1.61179e+07 Pa
Interpolation Scheme: Polynomial (Cubic)
Mixed error in Newton's method (should be < 1): 7.27353e-04
Nº of Newton iterations: 1
Delta of specified variable for the next iteration: 3.62639e-03
Next Iteration variable updated index: 9
lnK[0]		lnK[1]		lnK[2]		lnK[3]		lnK[4]		lnK[5]		lnK[6]		lnK[7]		lnK[8]		lnK[9]		lnT(K)		lnP(Pa)		
-2.58351e-02	-1.52031e-03	-3.13610e-02	2.77552e-02	3.29128e-02	4.38100e-02	4.89059e-02	6.42177e-02	9.81698e-02	1.81319e-01	5.93923e+00	1.65954e+01
Sensitivity vector: 
dXdS[0] = -1.47274e-01
dXdS[1] = -1.28540e-02
dXdS[2] = -1.77975e-01
dXdS[3] = 1.49321e-01
dXdS[4] = 1.77745e-01
dXdS[5] = 2.38233e-01
dXdS[6] = 2.66256e-01
dXdS[7] = 3.51006e-01
dXdS[8] = 5.39267e-01
dXdS[9] = 1.00000e+00
dXdS[10] = 6.01955e-02
dXdS[11] = -5.48256e-02


Iteration: 192
Index of specified variable before Newton's method: 9
Temperature before Newton's method: 3.79559e+02 K
Pressure before Newton's method: 1.61211e+07 Pa
Interpolation Scheme: Polynomial (Cubic)
Mixed error in Newton's method (should be < 1): 4.49739e-04
Nº of Newton iterations: 1
Delta of specified variable for the next iteration: 3.55386e-03
Next Iteration variable updated index: 9
lnK[0]		lnK[1]		lnK[2]		lnK[3]		lnK[4]		lnK[5]		lnK[6]		lnK[7]		lnK[8]		lnK[9]		lnT(K)		lnP(Pa)		
-2.53014e-02	-1.47403e-03	-3.07160e-02	2.72134e-02	3.22680e-02	4.29458e-02	4.79401e-02	6.29446e-02	9.62141e-02	1.77693e-01	5.93901e+00	1.65956e+01
Sensitivity vector: 
dXdS[0] = -1.47078e-01
dXdS[1] = -1.26713e-02
dXdS[2] = -1.77769e-01
dXdS[3] = 1.49475e-01
dXdS[4] = 1.77899e-01
dXdS[5] = 2.38371e-01
dXdS[6] = 2.66398e-01
dXdS[7] = 3.51135e-01
dXdS[8] = 5.39355e-01
dXdS[9] = 1.00000e+00
dXdS[10] = 6.02105e-02
dXdS[11] = -5.46609e-02


Iteration: 193
Index of specified variable before Newton's method: 9
Temperature before Newton's method: 3.79478e+02 K
Pressure before Newton's method: 1.61242e+07 Pa
Interpolation Scheme: Polynomial (Cubic)
Mixed error in Newton's method (should be < 1): 1.43759e-04
Nº of Newton iterations: 1
Delta of specified variable for the next iteration: 3.48278e-03
Next Iteration variable updated index: 9
lnK[0]		lnK[1]		lnK[2]		lnK[3]		lnK[4]		lnK[5]		lnK[6]		lnK[7]		lnK[8]		lnK[9]		lnT(K)		lnP(Pa)		
-2.47791e-02	-1.42932e-03	-3.00846e-02	2.66819e-02	3.16355e-02	4.20984e-02	4.69931e-02	6.16965e-02	9.42971e-02	1.74139e-01	5.93880e+00	1.65958e+01
Sensitivity vector: 
dXdS[0] = -1.46886e-01
dXdS[1] = -1.24925e-02
dXdS[2] = -1.77568e-01
dXdS[3] = 1.49625e-01
dXdS[4] = 1.78050e-01
dXdS[5] = 2.38506e-01
dXdS[6] = 2.66536e-01
dXdS[7] = 3.51262e-01
dXdS[8] = 5.39441e-01
dXdS[9] = 1.00000e+00
dXdS[10] = 6.02253e-02
dXdS[11] = -5.44995e-02


Iteration: 194
Index of specified variable before Newton's method: 9
Temperature before Newton's method: 3.79399e+02 K
Pressure before Newton's method: 1.61273e+07 Pa
Interpolation Scheme: Polynomial (Cubic)
Mixed error in Newton's method (should be < 1): 2.47361e-04
Nº of Newton iterations: 1
Delta of specified variable for the next iteration: 3.41313e-03
Next Iteration variable updated index: 9
lnK[0]		lnK[1]		lnK[2]		lnK[3]		lnK[4]		lnK[5]		lnK[6]		lnK[7]		lnK[8]		lnK[9]		lnT(K)		lnP(Pa)		
-2.42678e-02	-1.38611e-03	-2.94665e-02	2.61606e-02	3.10151e-02	4.12675e-02	4.60646e-02	6.04729e-02	9.24182e-02	1.70656e-01	5.93859e+00	1.65960e+01
Sensitivity vector: 
dXdS[0] = -1.46698e-01
dXdS[1] = -1.23175e-02
dXdS[2] = -1.77372e-01
dXdS[3] = 1.49772e-01
dXdS[4] = 1.78197e-01
dXdS[5] = 2.38639e-01
dXdS[6] = 2.66672e-01
dXdS[7] = 3.51385e-01
dXdS[8] = 5.39525e-01
dXdS[9] = 1.00000e+00
dXdS[10] = 6.02398e-02
dXdS[11] = -5.43415e-02


Iteration: 195
Index of specified variable before Newton's method: 9
Temperature before Newton's method: 3.79321e+02 K
Pressure before Newton's method: 1.61302e+07 Pa
Interpolation Scheme: Polynomial (Cubic)
Mixed error in Newton's method (should be < 1): 2.15183e-04
Nº of Newton iterations: 1
Delta of specified variable for the next iteration: 3.34486e-03
Next Iteration variable updated index: 9
lnK[0]		lnK[1]		lnK[2]		lnK[3]		lnK[4]		lnK[5]		lnK[6]		lnK[7]		lnK[8]		lnK[9]		lnT(K)		lnP(Pa)		
-2.37674e-02	-1.34436e-03	-2.88614e-02	2.56491e-02	3.04067e-02	4.04528e-02	4.51542e-02	5.92733e-02	9.05766e-02	1.67243e-01	5.93838e+00	1.65962e+01
Sensitivity vector: 
dXdS[0] = -1.46514e-01
dXdS[1] = -1.21463e-02
dXdS[2] = -1.77179e-01
dXdS[3] = 1.49916e-01
dXdS[4] = 1.78342e-01
dXdS[5] = 2.38768e-01
dXdS[6] = 2.66804e-01
dXdS[7] = 3.51506e-01
dXdS[8] = 5.39607e-01
dXdS[9] = 1.00000e+00
dXdS[10] = 6.02540e-02
dXdS[11] = -5.41869e-02


Iteration: 196
Index of specified variable before Newton's method: 9
Temperature before Newton's method: 3.79244e+02 K
Pressure before Newton's method: 1.61332e+07 Pa
Interpolation Scheme: Polynomial (Cubic)
Mixed error in Newton's method (should be < 1): 1.06521e-03
Nº of Newton iterations: 1
Delta of specified variable for the next iteration: 3.27797e-03
Next Iteration variable updated index: 9
lnK[0]		lnK[1]		lnK[2]		lnK[3]		lnK[4]		lnK[5]		lnK[6]		lnK[7]		lnK[8]		lnK[9]		lnT(K)		lnP(Pa)		
-2.32777e-02	-1.30402e-03	-2.82691e-02	2.51474e-02	2.98099e-02	3.96540e-02	4.42615e-02	5.80974e-02	8.87716e-02	1.63898e-01	5.93818e+00	1.65964e+01
Sensitivity vector: 
dXdS[0] = -1.46334e-01
dXdS[1] = -1.19786e-02
dXdS[2] = -1.76991e-01
dXdS[3] = 1.50056e-01
dXdS[4] = 1.78483e-01
dXdS[5] = 2.38895e-01
dXdS[6] = 2.66934e-01
dXdS[7] = 3.51624e-01
dXdS[8] = 5.39688e-01
dXdS[9] = 1.00000e+00
dXdS[10] = 6.02679e-02
dXdS[11] = -5.40354e-02


Iteration: 197
Index of specified variable before Newton's method: 9
Temperature before Newton's method: 3.79169e+02 K
Pressure before Newton's method: 1.61360e+07 Pa
Interpolation Scheme: Polynomial (Cubic)
Mixed error in Newton's method (should be < 1): 2.01383e-04
Nº of Newton iterations: 1
Delta of specified variable for the next iteration: 3.21241e-03
Next Iteration variable updated index: 9
lnK[0]		lnK[1]		lnK[2]		lnK[3]		lnK[4]		lnK[5]		lnK[6]		lnK[7]		lnK[8]		lnK[9]		lnT(K)		lnP(Pa)		
-2.27983e-02	-1.26502e-03	-2.76892e-02	2.46553e-02	2.92246e-02	3.88707e-02	4.33863e-02	5.69446e-02	8.70024e-02	1.60620e-01	5.93798e+00	1.65966e+01
Sensitivity vector: 
dXdS[0] = -1.46158e-01
dXdS[1] = -1.18146e-02
dXdS[2] = -1.76807e-01
dXdS[3] = 1.50194e-01
dXdS[4] = 1.78622e-01
dXdS[5] = 2.39020e-01
dXdS[6] = 2.67061e-01
dXdS[7] = 3.51740e-01
dXdS[8] = 5.39767e-01
dXdS[9] = 1.00000e+00
dXdS[10] = 6.02815e-02
dXdS[11] = -5.38871e-02


Iteration: 198
Index of specified variable before Newton's method: 9
Temperature before Newton's method: 3.79096e+02 K
Pressure before Newton's method: 1.61388e+07 Pa
Interpolation Scheme: Polynomial (Cubic)
Mixed error in Newton's method (should be < 1): 4.54151e-04
Nº of Newton iterations: 1
Delta of specified variable for the next iteration: 3.14816e-03
Next Iteration variable updated index: 9
lnK[0]		lnK[1]		lnK[2]		lnK[3]		lnK[4]		lnK[5]		lnK[6]		lnK[7]		lnK[8]		lnK[9]		lnT(K)		lnP(Pa)		
-2.23290e-02	-1.22733e-03	-2.71215e-02	2.41726e-02	2.86506e-02	3.81026e-02	4.25282e-02	5.58145e-02	8.52683e-02	1.57408e-01	5.93779e+00	1.65967e+01
Sensitivity vector: 
dXdS[0] = -1.45986e-01
dXdS[1] = -1.16540e-02
dXdS[2] = -1.76626e-01
dXdS[3] = 1.50329e-01
dXdS[4] = 1.78757e-01
dXdS[5] = 2.39141e-01
dXdS[6] = 2.67186e-01
dXdS[7] = 3.51854e-01
dXdS[8] = 5.39844e-01
dXdS[9] = 1.00000e+00
dXdS[10] = 6.02949e-02
dXdS[11] = -5.37419e-02


Iteration: 199
Index of specified variable before Newton's method: 9
Temperature before Newton's method: 3.79024e+02 K
Pressure before Newton's method: 1.61415e+07 Pa
Interpolation Scheme: Polynomial (Cubic)
Mixed error in Newton's method (should be < 1): 3.14031e-04
Nº of Newton iterations: 1
Delta of specified variable for the next iteration: 3.08520e-03
Next Iteration variable updated index: 9
lnK[0]		lnK[1]		lnK[2]		lnK[3]		lnK[4]		lnK[5]		lnK[6]		lnK[7]		lnK[8]		lnK[9]		lnT(K)		lnP(Pa)		
-2.18697e-02	-1.19089e-03	-2.65658e-02	2.36992e-02	2.80876e-02	3.73496e-02	4.16869e-02	5.47066e-02	8.35686e-02	1.54260e-01	5.93760e+00	1.65969e+01
Sensitivity vector: 
dXdS[0] = -1.45817e-01
dXdS[1] = -1.14968e-02
dXdS[2] = -1.76450e-01
dXdS[3] = 1.50461e-01
dXdS[4] = 1.78890e-01
dXdS[5] = 2.39260e-01
dXdS[6] = 2.67307e-01
dXdS[7] = 3.51965e-01
dXdS[8] = 5.39920e-01
dXdS[9] = 1.00000e+00
dXdS[10] = 6.03080e-02
dXdS[11] = -5.35997e-02


Iteration: 200
Index of specified variable before Newton's method: 9
Temperature before Newton's method: 3.78953e+02 K
Pressure before Newton's method: 1.61442e+07 Pa
Interpolation Scheme: Polynomial (Cubic)
Mixed error in Newton's method (should be < 1): 7.90306e-04
Nº of Newton iterations: 1
Delta of specified variable for the next iteration: 3.02349e-03
Next Iteration variable updated index: 9
lnK[0]		lnK[1]		lnK[2]		lnK[3]		lnK[4]		lnK[5]		lnK[6]		lnK[7]		lnK[8]		lnK[9]		lnT(K)		lnP(Pa)		
-2.14201e-02	-1.15565e-03	-2.60216e-02	2.32348e-02	2.75355e-02	3.66113e-02	4.08620e-02	5.36206e-02	8.19028e-02	1.51175e-01	5.93741e+00	1.65971e+01
Sensitivity vector: 
dXdS[0] = -1.45652e-01
dXdS[1] = -1.13429e-02
dXdS[2] = -1.76277e-01
dXdS[3] = 1.50590e-01
dXdS[4] = 1.79020e-01
dXdS[5] = 2.39377e-01
dXdS[6] = 2.67427e-01
dXdS[7] = 3.52074e-01
dXdS[8] = 5.39994e-01
dXdS[9] = 1.00000e+00
dXdS[10] = 6.03208e-02
dXdS[11] = -5.34604e-02


Iteration: 201
Index of specified variable before Newton's method: 9
Temperature before Newton's method: 3.78884e+02 K
Pressure before Newton's method: 1.61468e+07 Pa
Interpolation Scheme: Polynomial (Cubic)
Mixed error in Newton's method (should be < 1): 1.48157e-04
Nº of Newton iterations: 1
Delta of specified variable for the next iteration: 2.96302e-03
Next Iteration variable updated index: 9
lnK[0]		lnK[1]		lnK[2]		lnK[3]		lnK[4]		lnK[5]		lnK[6]		lnK[7]		lnK[8]		lnK[9]		lnT(K)		lnP(Pa)		
-2.09800e-02	-1.12159e-03	-2.54889e-02	2.27793e-02	2.69940e-02	3.58873e-02	4.00533e-02	5.25559e-02	8.02700e-02	1.48151e-01	5.93723e+00	1.65972e+01
Sensitivity vector: 
dXdS[0] = -1.45491e-01
dXdS[1] = -1.11923e-02
dXdS[2] = -1.76108e-01
dXdS[3] = 1.50716e-01
dXdS[4] = 1.79147e-01
dXdS[5] = 2.39491e-01
dXdS[6] = 2.67543e-01
dXdS[7] = 3.52180e-01
dXdS[8] = 5.40066e-01
dXdS[9] = 1.00000e+00
dXdS[10] = 6.03333e-02
dXdS[11] = -5.33240e-02


Iteration: 202
Index of specified variable before Newton's method: 9
Temperature before Newton's method: 3.78816e+02 K
Pressure before Newton's method: 1.61494e+07 Pa
Interpolation Scheme: Polynomial (Cubic)
Mixed error in Newton's method (should be < 1): 5.38495e-04
Nº of Newton iterations: 1
Delta of specified variable for the next iteration: 2.90376e-03
Next Iteration variable updated index: 9
lnK[0]		lnK[1]		lnK[2]		lnK[3]		lnK[4]		lnK[5]		lnK[6]		lnK[7]		lnK[8]		lnK[9]		lnT(K)		lnP(Pa)		
-2.05491e-02	-1.08864e-03	-2.49674e-02	2.23325e-02	2.64630e-02	3.51775e-02	3.92604e-02	5.15122e-02	7.86697e-02	1.45188e-01	5.93705e+00	1.65974e+01
Sensitivity vector: 
dXdS[0] = -1.45333e-01
dXdS[1] = -1.10448e-02
dXdS[2] = -1.75942e-01
dXdS[3] = 1.50840e-01
dXdS[4] = 1.79271e-01
dXdS[5] = 2.39602e-01
dXdS[6] = 2.67658e-01
dXdS[7] = 3.52284e-01
dXdS[8] = 5.40137e-01
dXdS[9] = 1.00000e+00
dXdS[10] = 6.03456e-02
dXdS[11] = -5.31905e-02


Iteration: 203
Index of specified variable before Newton's method: 9
Temperature before Newton's method: 3.78750e+02 K
Pressure before Newton's method: 1.61519e+07 Pa
Interpolation Scheme: Polynomial (Cubic)
Mixed error in Newton's method (should be < 1): 8.62739e-04
Nº of Newton iterations: 1
Delta of specified variable for the next iteration: 2.84569e-03
Next Iteration variable updated index: 9
lnK[0]		lnK[1]		lnK[2]		lnK[3]		lnK[4]		lnK[5]		lnK[6]		lnK[7]		lnK[8]		lnK[9]		lnT(K)		lnP(Pa)		
-2.01273e-02	-1.05678e-03	-2.44567e-02	2.18943e-02	2.59423e-02	3.44816e-02	3.84830e-02	5.04892e-02	7.71011e-02	1.42284e-01	5.93688e+00	1.65975e+01
Sensitivity vector: 
dXdS[0] = -1.45178e-01
dXdS[1] = -1.09005e-02
dXdS[2] = -1.75780e-01
dXdS[3] = 1.50961e-01
dXdS[4] = 1.79393e-01
dXdS[5] = 2.39712e-01
dXdS[6] = 2.67770e-01
dXdS[7] = 3.52386e-01
dXdS[8] = 5.40207e-01
dXdS[9] = 1.00000e+00
dXdS[10] = 6.03577e-02
dXdS[11] = -5.30597e-02


Iteration: 204
Index of specified variable before Newton's method: 9
Temperature before Newton's method: 3.78685e+02 K
Pressure before Newton's method: 1.61543e+07 Pa
Interpolation Scheme: Polynomial (Cubic)
Mixed error in Newton's method (should be < 1): 1.64165e-03
Nº of Newton iterations: 1
Delta of specified variable for the next iteration: 2.78877e-03
Next Iteration variable updated index: 9
lnK[0]		lnK[1]		lnK[2]		lnK[3]		lnK[4]		lnK[5]		lnK[6]		lnK[7]		lnK[8]		lnK[9]		lnT(K)		lnP(Pa)		
-1.97144e-02	-1.02596e-03	-2.39567e-02	2.14646e-02	2.54316e-02	3.37993e-02	3.77208e-02	4.94862e-02	7.55638e-02	1.39439e-01	5.93670e+00	1.65977e+01
Sensitivity vector: 
dXdS[0] = -1.45026e-01
dXdS[1] = -1.07592e-02
dXdS[2] = -1.75622e-01
dXdS[3] = 1.51080e-01
dXdS[4] = 1.79512e-01
dXdS[5] = 2.39819e-01
dXdS[6] = 2.67879e-01
dXdS[7] = 3.52486e-01
dXdS[8] = 5.40275e-01
dXdS[9] = 1.00000e+00
dXdS[10] = 6.03695e-02
dXdS[11] = -5.29316e-02


Iteration: 205
Index of specified variable before Newton's method: 9
Temperature before Newton's method: 3.78621e+02 K
Pressure before Newton's method: 1.61567e+07 Pa
Interpolation Scheme: Polynomial (Cubic)
Mixed error in Newton's method (should be < 1): 2.20418e-03
Nº of Newton iterations: 1
Delta of specified variable for the next iteration: 2.73300e-03
Next Iteration variable updated index: 9
lnK[0]		lnK[1]		lnK[2]		lnK[3]		lnK[4]		lnK[5]		lnK[6]		lnK[7]		lnK[8]		lnK[9]		lnT(K)		lnP(Pa)		
-1.93102e-02	-9.96149e-04	-2.34672e-02	2.10431e-02	2.49309e-02	3.31304e-02	3.69736e-02	4.85031e-02	7.40570e-02	1.36650e-01	5.93654e+00	1.65978e+01
Sensitivity vector: 
dXdS[0] = -1.44878e-01
dXdS[1] = -1.06208e-02
dXdS[2] = -1.75466e-01
dXdS[3] = 1.51196e-01
dXdS[4] = 1.79629e-01
dXdS[5] = 2.39923e-01
dXdS[6] = 2.67986e-01
dXdS[7] = 3.52584e-01
dXdS[8] = 5.40341e-01
dXdS[9] = 1.00000e+00
dXdS[10] = 6.03811e-02
dXdS[11] = -5.28062e-02


Iteration: 206
Index of specified variable before Newton's method: 9
Temperature before Newton's method: 3.78559e+02 K
Pressure before Newton's method: 1.61590e+07 Pa
Interpolation Scheme: Polynomial (Cubic)
Mixed error in Newton's method (should be < 1): 7.85533e-04
Nº of Newton iterations: 1
Delta of specified variable for the next iteration: 2.67834e-03
Next Iteration variable updated index: 9
lnK[0]		lnK[1]		lnK[2]		lnK[3]		lnK[4]		lnK[5]		lnK[6]		lnK[7]		lnK[8]		lnK[9]		lnT(K)		lnP(Pa)		
-1.89144e-02	-9.67307e-04	-2.29878e-02	2.06297e-02	2.44398e-02	3.24745e-02	3.62411e-02	4.75393e-02	7.25801e-02	1.33917e-01	5.93637e+00	1.65980e+01
Sensitivity vector: 
dXdS[0] = -1.44733e-01
dXdS[1] = -1.04854e-02
dXdS[2] = -1.75314e-01
dXdS[3] = 1.51310e-01
dXdS[4] = 1.79743e-01
dXdS[5] = 2.40026e-01
dXdS[6] = 2.68091e-01
dXdS[7] = 3.52680e-01
dXdS[8] = 5.40406e-01
dXdS[9] = 1.00000e+00
dXdS[10] = 6.03924e-02
dXdS[11] = -5.26834e-02


Iteration: 207
Index of specified variable before Newton's method: 9
Temperature before Newton's method: 3.78498e+02 K
Pressure before Newton's method: 1.61613e+07 Pa
Interpolation Scheme: Polynomial (Cubic)
Mixed error in Newton's method (should be < 1): 1.87417e-04
Nº of Newton iterations: 1
Delta of specified variable for the next iteration: 2.62477e-03
Next Iteration variable updated index: 9
lnK[0]		lnK[1]		lnK[2]		lnK[3]		lnK[4]		lnK[5]		lnK[6]		lnK[7]		lnK[8]		lnK[9]		lnT(K)		lnP(Pa)		
-1.85270e-02	-9.39401e-04	-2.25185e-02	2.02243e-02	2.39582e-02	3.18315e-02	3.55229e-02	4.65946e-02	7.11327e-02	1.31239e-01	5.93621e+00	1.65981e+01
Sensitivity vector: 
dXdS[0] = -1.44591e-01
dXdS[1] = -1.03528e-02
dXdS[2] = -1.75165e-01
dXdS[3] = 1.51421e-01
dXdS[4] = 1.79855e-01
dXdS[5] = 2.40126e-01
dXdS[6] = 2.68194e-01
dXdS[7] = 3.52774e-01
dXdS[8] = 5.40470e-01
dXdS[9] = 1.00000e+00
dXdS[10] = 6.04036e-02
dXdS[11] = -5.25631e-02


Iteration: 208
Index of specified variable before Newton's method: 9
Temperature before Newton's method: 3.78438e+02 K
Pressure before Newton's method: 1.61635e+07 Pa
Interpolation Scheme: Polynomial (Cubic)
Mixed error in Newton's method (should be < 1): 3.45562e-04
Nº of Newton iterations: 1
Delta of specified variable for the next iteration: 2.57228e-03
Next Iteration variable updated index: 9
lnK[0]		lnK[1]		lnK[2]		lnK[3]		lnK[4]		lnK[5]		lnK[6]		lnK[7]		lnK[8]		lnK[9]		lnT(K)		lnP(Pa)		
-1.81476e-02	-9.12398e-04	-2.20589e-02	1.98267e-02	2.34860e-02	3.12011e-02	3.48188e-02	4.56686e-02	6.97140e-02	1.28614e-01	5.93605e+00	1.65983e+01
Sensitivity vector: 
dXdS[0] = -1.44452e-01
dXdS[1] = -1.02230e-02
dXdS[2] = -1.75020e-01
dXdS[3] = 1.51530e-01
dXdS[4] = 1.79965e-01
dXdS[5] = 2.40225e-01
dXdS[6] = 2.68295e-01
dXdS[7] = 3.52866e-01
dXdS[8] = 5.40533e-01
dXdS[9] = 1.00000e+00
dXdS[10] = 6.04145e-02
dXdS[11] = -5.24453e-02


Iteration: 209
Index of specified variable before Newton's method: 9
Temperature before Newton's method: 3.78379e+02 K
Pressure before Newton's method: 1.61657e+07 Pa
Interpolation Scheme: Polynomial (Cubic)
Mixed error in Newton's method (should be < 1): 6.35736e-04
Nº of Newton iterations: 1
Delta of specified variable for the next iteration: 2.52083e-03
Next Iteration variable updated index: 9
lnK[0]		lnK[1]		lnK[2]		lnK[3]		lnK[4]		lnK[5]		lnK[6]		lnK[7]		lnK[8]		lnK[9]		lnT(K)		lnP(Pa)		
-1.77762e-02	-8.86265e-04	-2.16089e-02	1.94368e-02	2.30229e-02	3.05831e-02	3.41286e-02	4.47608e-02	6.83235e-02	1.26041e-01	5.93590e+00	1.65984e+01
Sensitivity vector: 
dXdS[0] = -1.44315e-01
dXdS[1] = -1.00959e-02
dXdS[2] = -1.74877e-01
dXdS[3] = 1.51637e-01
dXdS[4] = 1.80072e-01
dXdS[5] = 2.40321e-01
dXdS[6] = 2.68393e-01
dXdS[7] = 3.52955e-01
dXdS[8] = 5.40594e-01
dXdS[9] = 1.00000e+00
dXdS[10] = 6.04251e-02
dXdS[11] = -5.23299e-02


Iteration: 210
Index of specified variable before Newton's method: 9
Temperature before Newton's method: 3.78321e+02 K
Pressure before Newton's method: 1.61678e+07 Pa
Interpolation Scheme: Polynomial (Cubic)
Mixed error in Newton's method (should be < 1): 2.58718e-04
Nº of Newton iterations: 1
Delta of specified variable for the next iteration: 2.47041e-03
Next Iteration variable updated index: 9
lnK[0]		lnK[1]		lnK[2]		lnK[3]		lnK[4]		lnK[5]		lnK[6]		lnK[7]		lnK[8]		lnK[9]		lnT(K)		lnP(Pa)		
-1.74126e-02	-8.60971e-04	-2.11682e-02	1.90544e-02	2.25689e-02	2.99772e-02	3.34519e-02	4.38709e-02	6.69607e-02	1.23521e-01	5.93574e+00	1.65985e+01
Sensitivity vector: 
dXdS[0] = -1.44182e-01
dXdS[1] = -9.97152e-03
dXdS[2] = -1.74738e-01
dXdS[3] = 1.51741e-01
dXdS[4] = 1.80177e-01
dXdS[5] = 2.40415e-01
dXdS[6] = 2.68490e-01
dXdS[7] = 3.53044e-01
dXdS[8] = 5.40654e-01
dXdS[9] = 1.00000e+00
dXdS[10] = 6.04356e-02
dXdS[11] = -5.22169e-02


Iteration: 211
Index of specified variable before Newton's method: 9
Temperature before Newton's method: 3.78265e+02 K
Pressure before Newton's method: 1.61699e+07 Pa
Interpolation Scheme: Polynomial (Cubic)
Mixed error in Newton's method (should be < 1): 2.64426e-03
Nº of Newton iterations: 1
Delta of specified variable for the next iteration: 2.42100e-03
Next Iteration variable updated index: 9
lnK[0]		lnK[1]		lnK[2]		lnK[3]		lnK[4]		lnK[5]		lnK[6]		lnK[7]		lnK[8]		lnK[9]		lnT(K)		lnP(Pa)		
-1.70566e-02	-8.36488e-04	-2.07367e-02	1.86794e-02	2.21236e-02	2.93831e-02	3.27885e-02	4.29986e-02	6.56250e-02	1.21050e-01	5.93559e+00	1.65987e+01
Sensitivity vector: 
dXdS[0] = -1.44051e-01
dXdS[1] = -9.84970e-03
dXdS[2] = -1.74601e-01
dXdS[3] = 1.51844e-01
dXdS[4] = 1.80280e-01
dXdS[5] = 2.40507e-01
dXdS[6] = 2.68584e-01
dXdS[7] = 3.53130e-01
dXdS[8] = 5.40712e-01
dXdS[9] = 1.00000e+00
dXdS[10] = 6.04458e-02
dXdS[11] = -5.21062e-02


Iteration: 212
Index of specified variable before Newton's method: 9
Temperature before Newton's method: 3.78209e+02 K
Pressure before Newton's method: 1.61719e+07 Pa
Interpolation Scheme: Polynomial (Cubic)
Mixed error in Newton's method (should be < 1): 5.58263e-04
Nº of Newton iterations: 1
Delta of specified variable for the next iteration: 2.37258e-03
Next Iteration variable updated index: 9
lnK[0]		lnK[1]		lnK[2]		lnK[3]		lnK[4]		lnK[5]		lnK[6]		lnK[7]		lnK[8]		lnK[9]		lnT(K)		lnP(Pa)		
-1.67080e-02	-8.12786e-04	-2.03142e-02	1.83117e-02	2.16871e-02	2.88007e-02	3.21381e-02	4.21436e-02	6.43158e-02	1.18629e-01	5.93545e+00	1.65988e+01
Sensitivity vector: 
dXdS[0] = -1.43924e-01
dXdS[1] = -9.73042e-03
dXdS[2] = -1.74467e-01
dXdS[3] = 1.51944e-01
dXdS[4] = 1.80381e-01
dXdS[5] = 2.40598e-01
dXdS[6] = 2.68677e-01
dXdS[7] = 3.53214e-01
dXdS[8] = 5.40770e-01
dXdS[9] = 1.00000e+00
dXdS[10] = 6.04559e-02
dXdS[11] = -5.19978e-02


Iteration: 213
Index of specified variable before Newton's method: 9
Temperature before Newton's method: 3.78155e+02 K
Pressure before Newton's method: 1.61739e+07 Pa
Interpolation Scheme: Polynomial (Cubic)
Mixed error in Newton's method (should be < 1): 1.41411e-03
Nº of Newton iterations: 1
Delta of specified variable for the next iteration: 2.32513e-03
Next Iteration variable updated index: 9
lnK[0]		lnK[1]		lnK[2]		lnK[3]		lnK[4]		lnK[5]		lnK[6]		lnK[7]		lnK[8]		lnK[9]		lnT(K)		lnP(Pa)		
-1.63667e-02	-7.89839e-04	-1.99004e-02	1.79511e-02	2.12590e-02	2.82298e-02	3.15006e-02	4.13055e-02	6.30327e-02	1.16257e-01	5.93530e+00	1.65989e+01
Sensitivity vector: 
dXdS[0] = -1.43798e-01
dXdS[1] = -9.61363e-03
dXdS[2] = -1.74336e-01
dXdS[3] = 1.52042e-01
dXdS[4] = 1.80479e-01
dXdS[5] = 2.40686e-01
dXdS[6] = 2.68767e-01
dXdS[7] = 3.53297e-01
dXdS[8] = 5.40826e-01
dXdS[9] = 1.00000e+00
dXdS[10] = 6.04657e-02
dXdS[11] = -5.18916e-02


Iteration: 214
Index of specified variable before Newton's method: 9
Temperature before Newton's method: 3.78102e+02 K
Pressure before Newton's method: 1.61759e+07 Pa
Interpolation Scheme: Polynomial (Cubic)
Mixed error in Newton's method (should be < 1): 1.34639e-03
Nº of Newton iterations: 1
Delta of specified variable for the next iteration: 2.27863e-03
Next Iteration variable updated index: 9
lnK[0]		lnK[1]		lnK[2]		lnK[3]		lnK[4]		lnK[5]		lnK[6]		lnK[7]		lnK[8]		lnK[9]		lnT(K)		lnP(Pa)		
-1.60325e-02	-7.67619e-04	-1.94952e-02	1.75975e-02	2.08392e-02	2.76701e-02	3.08755e-02	4.04839e-02	6.17752e-02	1.13932e-01	5.93516e+00	1.65990e+01
Sensitivity vector: 
dXdS[0] = -1.43676e-01
dXdS[1] = -9.49927e-03
dXdS[2] = -1.74208e-01
dXdS[3] = 1.52138e-01
dXdS[4] = 1.80576e-01
dXdS[5] = 2.40773e-01
dXdS[6] = 2.68856e-01
dXdS[7] = 3.53378e-01
dXdS[8] = 5.40881e-01
dXdS[9] = 1.00000e+00
dXdS[10] = 6.04754e-02
dXdS[11] = -5.17876e-02


Iteration: 215
Index of specified variable before Newton's method: 9
Temperature before Newton's method: 3.78050e+02 K
Pressure before Newton's method: 1.61778e+07 Pa
Interpolation Scheme: Polynomial (Cubic)
Mixed error in Newton's method (should be < 1): 7.84067e-04
Nº of Newton iterations: 1
Delta of specified variable for the next iteration: 2.23306e-03
Next Iteration variable updated index: 9
lnK[0]		lnK[1]		lnK[2]		lnK[3]		lnK[4]		lnK[5]		lnK[6]		lnK[7]		lnK[8]		lnK[9]		lnT(K)		lnP(Pa)		
-1.57052e-02	-7.46101e-04	-1.90984e-02	1.72507e-02	2.04276e-02	2.71213e-02	3.02628e-02	3.96786e-02	6.05427e-02	1.11653e-01	5.93503e+00	1.65991e+01
Sensitivity vector: 
dXdS[0] = -1.43556e-01
dXdS[1] = -9.38730e-03
dXdS[2] = -1.74082e-01
dXdS[3] = 1.52232e-01
dXdS[4] = 1.80671e-01
dXdS[5] = 2.40858e-01
dXdS[6] = 2.68943e-01
dXdS[7] = 3.53457e-01
dXdS[8] = 5.40935e-01
dXdS[9] = 1.00000e+00
dXdS[10] = 6.04848e-02
dXdS[11] = -5.16857e-02


Iteration: 216
Index of specified variable before Newton's method: 9
Temperature before Newton's method: 3.77999e+02 K
Pressure before Newton's method: 1.61796e+07 Pa
Interpolation Scheme: Polynomial (Cubic)
Mixed error in Newton's method (should be < 1): 2.46773e-04
Nº of Newton iterations: 1
Delta of specified variable for the next iteration: 2.18840e-03
Next Iteration variable updated index: 9
lnK[0]		lnK[1]		lnK[2]		lnK[3]		lnK[4]		lnK[5]		lnK[6]		lnK[7]		lnK[8]		lnK[9]		lnT(K)		lnP(Pa)		
-1.53848e-02	-7.25261e-04	-1.87098e-02	1.69106e-02	2.00241e-02	2.65834e-02	2.96622e-02	3.88892e-02	5.93347e-02	1.09420e-01	5.93489e+00	1.65993e+01
Sensitivity vector: 
dXdS[0] = -1.43439e-01
dXdS[1] = -9.27766e-03
dXdS[2] = -1.73959e-01
dXdS[3] = 1.52324e-01
dXdS[4] = 1.80763e-01
dXdS[5] = 2.40941e-01
dXdS[6] = 2.69028e-01
dXdS[7] = 3.53535e-01
dXdS[8] = 5.40988e-01
dXdS[9] = 1.00000e+00
dXdS[10] = 6.04941e-02
dXdS[11] = -5.15860e-02


Iteration: 217
Index of specified variable before Newton's method: 9
Temperature before Newton's method: 3.77949e+02 K
Pressure before Newton's method: 1.61815e+07 Pa
Interpolation Scheme: Polynomial (Cubic)
Mixed error in Newton's method (should be < 1): 4.04189e-03
Nº of Newton iterations: 1
Delta of specified variable for the next iteration: 2.14463e-03
Next Iteration variable updated index: 9
lnK[0]		lnK[1]		lnK[2]		lnK[3]		lnK[4]		lnK[5]		lnK[6]		lnK[7]		lnK[8]		lnK[9]		lnT(K)		lnP(Pa)		
-1.50710e-02	-7.05075e-04	-1.83292e-02	1.65772e-02	1.96284e-02	2.60560e-02	2.90733e-02	3.81155e-02	5.81507e-02	1.07231e-01	5.93476e+00	1.65994e+01
Sensitivity vector: 
dXdS[0] = -1.43324e-01
dXdS[1] = -9.17030e-03
dXdS[2] = -1.73839e-01
dXdS[3] = 1.52414e-01
dXdS[4] = 1.80854e-01
dXdS[5] = 2.41022e-01
dXdS[6] = 2.69111e-01
dXdS[7] = 3.53611e-01
dXdS[8] = 5.41040e-01
dXdS[9] = 1.00000e+00
dXdS[10] = 6.05031e-02
dXdS[11] = -5.14882e-02


Iteration: 218
Index of specified variable before Newton's method: 9
Temperature before Newton's method: 3.77900e+02 K
Pressure before Newton's method: 1.61833e+07 Pa
Interpolation Scheme: Polynomial (Cubic)
Mixed error in Newton's method (should be < 1): 7.81983e-04
Nº of Newton iterations: 1
Delta of specified variable for the next iteration: 2.10174e-03
Next Iteration variable updated index: 9
lnK[0]		lnK[1]		lnK[2]		lnK[3]		lnK[4]		lnK[5]		lnK[6]		lnK[7]		lnK[8]		lnK[9]		lnT(K)		lnP(Pa)		
-1.47637e-02	-6.85521e-04	-1.79565e-02	1.62502e-02	1.92405e-02	2.55391e-02	2.84961e-02	3.73570e-02	5.69903e-02	1.05087e-01	5.93463e+00	1.65995e+01
Sensitivity vector: 
dXdS[0] = -1.43211e-01
dXdS[1] = -9.06517e-03
dXdS[2] = -1.73721e-01
dXdS[3] = 1.52502e-01
dXdS[4] = 1.80943e-01
dXdS[5] = 2.41102e-01
dXdS[6] = 2.69193e-01
dXdS[7] = 3.53685e-01
dXdS[8] = 5.41090e-01
dXdS[9] = 1.00000e+00
dXdS[10] = 6.05120e-02
dXdS[11] = -5.13925e-02


Iteration: 219
Index of specified variable before Newton's method: 9
Temperature before Newton's method: 3.77852e+02 K
Pressure before Newton's method: 1.61850e+07 Pa
Interpolation Scheme: Polynomial (Cubic)
Mixed error in Newton's method (should be < 1): 6.33155e-04
Nº of Newton iterations: 1
Delta of specified variable for the next iteration: 2.05970e-03
Next Iteration variable updated index: 9
lnK[0]		lnK[1]		lnK[2]		lnK[3]		lnK[4]		lnK[5]		lnK[6]		lnK[7]		lnK[8]		lnK[9]		lnT(K)		lnP(Pa)		
-1.44629e-02	-6.66577e-04	-1.75915e-02	1.59296e-02	1.88601e-02	2.50322e-02	2.79302e-02	3.66136e-02	5.58530e-02	1.02985e-01	5.93450e+00	1.65996e+01
Sensitivity vector: 
dXdS[0] = -1.43101e-01
dXdS[1] = -8.96223e-03
dXdS[2] = -1.73605e-01
dXdS[3] = 1.52589e-01
dXdS[4] = 1.81030e-01
dXdS[5] = 2.41180e-01
dXdS[6] = 2.69273e-01
dXdS[7] = 3.53758e-01
dXdS[8] = 5.41140e-01
dXdS[9] = 1.00000e+00
dXdS[10] = 6.05207e-02
dXdS[11] = -5.12987e-02


Iteration: 220
Index of specified variable before Newton's method: 9
Temperature before Newton's method: 3.77804e+02 K
Pressure before Newton's method: 1.61867e+07 Pa
Interpolation Scheme: Polynomial (Cubic)
Mixed error in Newton's method (should be < 1): 5.81191e-04
Nº of Newton iterations: 1
Delta of specified variable for the next iteration: 2.01851e-03
Next Iteration variable updated index: 9
lnK[0]		lnK[1]		lnK[2]		lnK[3]		lnK[4]		lnK[5]		lnK[6]		lnK[7]		lnK[8]		lnK[9]		lnT(K)		lnP(Pa)		
-1.41682e-02	-6.48221e-04	-1.72341e-02	1.56152e-02	1.84871e-02	2.45354e-02	2.73755e-02	3.58849e-02	5.47384e-02	1.00925e-01	5.93438e+00	1.65997e+01
Sensitivity vector: 
dXdS[0] = -1.42993e-01
dXdS[1] = -8.86142e-03
dXdS[2] = -1.73492e-01
dXdS[3] = 1.52673e-01
dXdS[4] = 1.81115e-01
dXdS[5] = 2.41256e-01
dXdS[6] = 2.69351e-01
dXdS[7] = 3.53829e-01
dXdS[8] = 5.41189e-01
dXdS[9] = 1.00000e+00
dXdS[10] = 6.05293e-02
dXdS[11] = -5.12069e-02


Iteration: 221
Index of specified variable before Newton's method: 9
Temperature before Newton's method: 3.77758e+02 K
Pressure before Newton's method: 1.61884e+07 Pa
Interpolation Scheme: Polynomial (Cubic)
Mixed error in Newton's method (should be < 1): 1.48988e-03
Nº of Newton iterations: 1
Delta of specified variable for the next iteration: 1.97814e-03
Next Iteration variable updated index: 9
lnK[0]		lnK[1]		lnK[2]		lnK[3]		lnK[4]		lnK[5]		lnK[6]		lnK[7]		lnK[8]		lnK[9]		lnT(K)		lnP(Pa)		
-1.38797e-02	-6.30434e-04	-1.68840e-02	1.53070e-02	1.81214e-02	2.40483e-02	2.68318e-02	3.51706e-02	5.36460e-02	9.89069e-02	5.93425e+00	1.65998e+01
Sensitivity vector: 
dXdS[0] = -1.42887e-01
dXdS[1] = -8.76270e-03
dXdS[2] = -1.73382e-01
dXdS[3] = 1.52756e-01
dXdS[4] = 1.81198e-01
dXdS[5] = 2.41331e-01
dXdS[6] = 2.69428e-01
dXdS[7] = 3.53899e-01
dXdS[8] = 5.41236e-01
dXdS[9] = 1.00000e+00
dXdS[10] = 6.05377e-02
dXdS[11] = -5.11170e-02


Iteration: 222
Index of specified variable before Newton's method: 9
Temperature before Newton's method: 3.77713e+02 K
Pressure before Newton's method: 1.61900e+07 Pa
Interpolation Scheme: Polynomial (Cubic)
Mixed error in Newton's method (should be < 1): 4.38045e-03
Nº of Newton iterations: 1
Delta of specified variable for the next iteration: 1.93857e-03
Next Iteration variable updated index: 9
lnK[0]		lnK[1]		lnK[2]		lnK[3]		lnK[4]		lnK[5]		lnK[6]		lnK[7]		lnK[8]		lnK[9]		lnT(K)		lnP(Pa)		
-1.35972e-02	-6.13196e-04	-1.65411e-02	1.50047e-02	1.77629e-02	2.35709e-02	2.62987e-02	3.44705e-02	5.25753e-02	9.69287e-02	5.93413e+00	1.65999e+01
Sensitivity vector: 
dXdS[0] = -1.42783e-01
dXdS[1] = -8.66602e-03
dXdS[2] = -1.73273e-01
dXdS[3] = 1.52837e-01
dXdS[4] = 1.81280e-01
dXdS[5] = 2.41404e-01
dXdS[6] = 2.69503e-01
dXdS[7] = 3.53968e-01
dXdS[8] = 5.41283e-01
dXdS[9] = 1.00000e+00
dXdS[10] = 6.05458e-02
dXdS[11] = -5.10288e-02


Iteration: 223
Index of specified variable before Newton's method: 9
Temperature before Newton's method: 3.77669e+02 K
Pressure before Newton's method: 1.61916e+07 Pa
Interpolation Scheme: Polynomial (Cubic)
Mixed error in Newton's method (should be < 1): 2.44449e-03
Nº of Newton iterations: 1
Delta of specified variable for the next iteration: 1.89980e-03
Next Iteration variable updated index: 9
lnK[0]		lnK[1]		lnK[2]		lnK[3]		lnK[4]		lnK[5]		lnK[6]		lnK[7]		lnK[8]		lnK[9]		lnT(K)		lnP(Pa)		
-1.33205e-02	-5.96488e-04	-1.62053e-02	1.47084e-02	1.74114e-02	2.31028e-02	2.57762e-02	3.37842e-02	5.15259e-02	9.49901e-02	5.93402e+00	1.66000e+01
Sensitivity vector: 
dXdS[0] = -1.42682e-01
dXdS[1] = -8.57135e-03
dXdS[2] = -1.73167e-01
dXdS[3] = 1.52917e-01
dXdS[4] = 1.81360e-01
dXdS[5] = 2.41476e-01
dXdS[6] = 2.69576e-01
dXdS[7] = 3.54035e-01
dXdS[8] = 5.41328e-01
dXdS[9] = 1.00000e+00
dXdS[10] = 6.05539e-02
dXdS[11] = -5.09425e-02


Iteration: 224
Index of specified variable before Newton's method: 9
Temperature before Newton's method: 3.77625e+02 K
Pressure before Newton's method: 1.61932e+07 Pa
Interpolation Scheme: Polynomial (Cubic)
Mixed error in Newton's method (should be < 1): 8.81560e-04
Nº of Newton iterations: 1
Delta of specified variable for the next iteration: 1.86181e-03
Next Iteration variable updated index: 9
lnK[0]		lnK[1]		lnK[2]		lnK[3]		lnK[4]		lnK[5]		lnK[6]		lnK[7]		lnK[8]		lnK[9]		lnT(K)		lnP(Pa)		
-1.30495e-02	-5.80292e-04	-1.58764e-02	1.44178e-02	1.70668e-02	2.26440e-02	2.52640e-02	3.31116e-02	5.04975e-02	9.30903e-02	5.93390e+00	1.66001e+01
Sensitivity vector: 
dXdS[0] = -1.42583e-01
dXdS[1] = -8.47864e-03
dXdS[2] = -1.73063e-01
dXdS[3] = 1.52995e-01
dXdS[4] = 1.81438e-01
dXdS[5] = 2.41546e-01
dXdS[6] = 2.69648e-01
dXdS[7] = 3.54100e-01
dXdS[8] = 5.41373e-01
dXdS[9] = 1.00000e+00
dXdS[10] = 6.05617e-02
dXdS[11] = -5.08580e-02


Iteration: 225
Index of specified variable before Newton's method: 9
Temperature before Newton's method: 3.77583e+02 K
Pressure before Newton's method: 1.61947e+07 Pa
Interpolation Scheme: Polynomial (Cubic)
Mixed error in Newton's method (should be < 1): 3.51728e-03
Nº of Newton iterations: 1
Delta of specified variable for the next iteration: 1.82457e-03
Next Iteration variable updated index: 9
lnK[0]		lnK[1]		lnK[2]		lnK[3]		lnK[4]		lnK[5]		lnK[6]		lnK[7]		lnK[8]		lnK[9]		lnT(K)		lnP(Pa)		
-1.27841e-02	-5.64591e-04	-1.55543e-02	1.41329e-02	1.67289e-02	2.21942e-02	2.47619e-02	3.24523e-02	4.94895e-02	9.12285e-02	5.93379e+00	1.66002e+01
Sensitivity vector: 
dXdS[0] = -1.42486e-01
dXdS[1] = -8.38785e-03
dXdS[2] = -1.72961e-01
dXdS[3] = 1.53071e-01
dXdS[4] = 1.81515e-01
dXdS[5] = 2.41615e-01
dXdS[6] = 2.69718e-01
dXdS[7] = 3.54165e-01
dXdS[8] = 5.41417e-01
dXdS[9] = 1.00000e+00
dXdS[10] = 6.05695e-02
dXdS[11] = -5.07752e-02


Iteration: 226
Index of specified variable before Newton's method: 9
Temperature before Newton's method: 3.77541e+02 K
Pressure before Newton's method: 1.61962e+07 Pa
Interpolation Scheme: Polynomial (Cubic)
Mixed error in Newton's method (should be < 1): 2.17131e-04
Nº of Newton iterations: 1
Delta of specified variable for the next iteration: 1.78808e-03
Next Iteration variable updated index: 9
lnK[0]		lnK[1]		lnK[2]		lnK[3]		lnK[4]		lnK[5]		lnK[6]		lnK[7]		lnK[8]		lnK[9]		lnT(K)		lnP(Pa)		
-1.25242e-02	-5.49368e-04	-1.52388e-02	1.38535e-02	1.63977e-02	2.17533e-02	2.42697e-02	3.18060e-02	4.85016e-02	8.94040e-02	5.93368e+00	1.66003e+01
Sensitivity vector: 
dXdS[0] = -1.42390e-01
dXdS[1] = -8.29893e-03
dXdS[2] = -1.72862e-01
dXdS[3] = 1.53145e-01
dXdS[4] = 1.81590e-01
dXdS[5] = 2.41682e-01
dXdS[6] = 2.69788e-01
dXdS[7] = 3.54228e-01
dXdS[8] = 5.41460e-01
dXdS[9] = 1.00000e+00
dXdS[10] = 6.05770e-02
dXdS[11] = -5.06940e-02


Iteration: 227
Index of specified variable before Newton's method: 9
Temperature before Newton's method: 3.77500e+02 K
Pressure before Newton's method: 1.61977e+07 Pa
Interpolation Scheme: Polynomial (Cubic)
Mixed error in Newton's method (should be < 1): 2.84978e-03
Nº of Newton iterations: 1
Delta of specified variable for the next iteration: 1.75232e-03
Next Iteration variable updated index: 9
lnK[0]		lnK[1]		lnK[2]		lnK[3]		lnK[4]		lnK[5]		lnK[6]		lnK[7]		lnK[8]		lnK[9]		lnT(K)		lnP(Pa)		
-1.22697e-02	-5.34607e-04	-1.49298e-02	1.35796e-02	1.60729e-02	2.13211e-02	2.37873e-02	3.11726e-02	4.75334e-02	8.76159e-02	5.93357e+00	1.66004e+01
Sensitivity vector: 
dXdS[0] = -1.42297e-01
dXdS[1] = -8.21185e-03
dXdS[2] = -1.72764e-01
dXdS[3] = 1.53219e-01
dXdS[4] = 1.81664e-01
dXdS[5] = 2.41748e-01
dXdS[6] = 2.69855e-01
dXdS[7] = 3.54290e-01
dXdS[8] = 5.41502e-01
dXdS[9] = 1.00000e+00
dXdS[10] = 6.05844e-02
dXdS[11] = -5.06145e-02


Iteration: 228
Index of specified variable before Newton's method: 9
Temperature before Newton's method: 3.77460e+02 K
Pressure before Newton's method: 1.61991e+07 Pa
Interpolation Scheme: Polynomial (Cubic)
Mixed error in Newton's method (should be < 1): 1.16689e-02
Nº of Newton iterations: 1
Delta of specified variable for the next iteration: 1.71727e-03
Next Iteration variable updated index: 9
lnK[0]		lnK[1]		lnK[2]		lnK[3]		lnK[4]		lnK[5]		lnK[6]		lnK[7]		lnK[8]		lnK[9]		lnT(K)		lnP(Pa)		
-1.20204e-02	-5.20291e-04	-1.46272e-02	1.33111e-02	1.57545e-02	2.08975e-02	2.33143e-02	3.05517e-02	4.65845e-02	8.58636e-02	5.93346e+00	1.66005e+01
Sensitivity vector: 
dXdS[0] = -1.42206e-01
dXdS[1] = -8.12656e-03
dXdS[2] = -1.72668e-01
dXdS[3] = 1.53290e-01
dXdS[4] = 1.81736e-01
dXdS[5] = 2.41813e-01
dXdS[6] = 2.69921e-01
dXdS[7] = 3.54350e-01
dXdS[8] = 5.41543e-01
dXdS[9] = 1.00000e+00
dXdS[10] = 6.05916e-02
dXdS[11] = -5.05367e-02


Iteration: 229
Index of specified variable before Newton's method: 9
Temperature before Newton's method: 3.77421e+02 K
Pressure before Newton's method: 1.62005e+07 Pa
Interpolation Scheme: Polynomial (Cubic)
Mixed error in Newton's method (should be < 1): 1.13029e-03
Nº of Newton iterations: 1
Delta of specified variable for the next iteration: 1.68293e-03
Next Iteration variable updated index: 9
lnK[0]		lnK[1]		lnK[2]		lnK[3]		lnK[4]		lnK[5]		lnK[6]		lnK[7]		lnK[8]		lnK[9]		lnT(K)		lnP(Pa)		
-1.17763e-02	-5.06408e-04	-1.43307e-02	1.30478e-02	1.54424e-02	2.04821e-02	2.28507e-02	2.99431e-02	4.56544e-02	8.41463e-02	5.93336e+00	1.66006e+01
Sensitivity vector: 
dXdS[0] = -1.42116e-01
dXdS[1] = -8.04304e-03
dXdS[2] = -1.72575e-01
dXdS[3] = 1.53360e-01
dXdS[4] = 1.81806e-01
dXdS[5] = 2.41876e-01
dXdS[6] = 2.69986e-01
dXdS[7] = 3.54409e-01
dXdS[8] = 5.41583e-01
dXdS[9] = 1.00000e+00
dXdS[10] = 6.05988e-02
dXdS[11] = -5.04604e-02


Iteration: 230
Index of specified variable before Newton's method: 9
Temperature before Newton's method: 3.77382e+02 K
Pressure before Newton's method: 1.62019e+07 Pa
Interpolation Scheme: Polynomial (Cubic)
Mixed error in Newton's method (should be < 1): 6.97847e-03
Nº of Newton iterations: 1
Delta of specified variable for the next iteration: 1.64927e-03
Next Iteration variable updated index: 9
lnK[0]		lnK[1]		lnK[2]		lnK[3]		lnK[4]		lnK[5]		lnK[6]		lnK[7]		lnK[8]		lnK[9]		lnT(K)		lnP(Pa)		
-1.15372e-02	-4.92941e-04	-1.40404e-02	1.27896e-02	1.51363e-02	2.00750e-02	2.23963e-02	2.93466e-02	4.47430e-02	8.24634e-02	5.93326e+00	1.66006e+01
Sensitivity vector: 
dXdS[0] = -1.42029e-01
dXdS[1] = -7.96123e-03
dXdS[2] = -1.72483e-01
dXdS[3] = 1.53429e-01
dXdS[4] = 1.81875e-01
dXdS[5] = 2.41938e-01
dXdS[6] = 2.70050e-01
dXdS[7] = 3.54467e-01
dXdS[8] = 5.41622e-01
dXdS[9] = 1.00000e+00
dXdS[10] = 6.06058e-02
dXdS[11] = -5.03857e-02


Iteration: 231
Index of specified variable before Newton's method: 9
Temperature before Newton's method: 3.77344e+02 K
Pressure before Newton's method: 1.62032e+07 Pa
Interpolation Scheme: Polynomial (Cubic)
Mixed error in Newton's method (should be < 1): 4.88789e-03
Nº of Newton iterations: 1
Delta of specified variable for the next iteration: 1.61628e-03
Next Iteration variable updated index: 9
lnK[0]		lnK[1]		lnK[2]		lnK[3]		lnK[4]		lnK[5]		lnK[6]		lnK[7]		lnK[8]		lnK[9]		lnT(K)		lnP(Pa)		
-1.13030e-02	-4.79877e-04	-1.37560e-02	1.25365e-02	1.48363e-02	1.96760e-02	2.19509e-02	2.87620e-02	4.38497e-02	8.08141e-02	5.93316e+00	1.66007e+01
Sensitivity vector: 
dXdS[0] = -1.41943e-01
dXdS[1] = -7.88111e-03
dXdS[2] = -1.72393e-01
dXdS[3] = 1.53496e-01
dXdS[4] = 1.81943e-01
dXdS[5] = 2.41999e-01
dXdS[6] = 2.70112e-01
dXdS[7] = 3.54524e-01
dXdS[8] = 5.41661e-01
dXdS[9] = 1.00000e+00
dXdS[10] = 6.06126e-02
dXdS[11] = -5.03125e-02


Iteration: 232
Index of specified variable before Newton's method: 9
Temperature before Newton's method: 3.77308e+02 K
Pressure before Newton's method: 1.62046e+07 Pa
Interpolation Scheme: Polynomial (Cubic)
Mixed error in Newton's method (should be < 1): 1.20527e-02
Nº of Newton iterations: 1
Delta of specified variable for the next iteration: 1.58396e-03
Next Iteration variable updated index: 9
lnK[0]		lnK[1]		lnK[2]		lnK[3]		lnK[4]		lnK[5]		lnK[6]		lnK[7]		lnK[8]		lnK[9]		lnT(K)		lnP(Pa)		
-1.10737e-02	-4.67202e-04	-1.34774e-02	1.22884e-02	1.45422e-02	1.92848e-02	2.15143e-02	2.81889e-02	4.29742e-02	7.91978e-02	5.93306e+00	1.66008e+01
Sensitivity vector: 
dXdS[0] = -1.41859e-01
dXdS[1] = -7.80264e-03
dXdS[2] = -1.72305e-01
dXdS[3] = 1.53562e-01
dXdS[4] = 1.82009e-01
dXdS[5] = 2.42058e-01
dXdS[6] = 2.70173e-01
dXdS[7] = 3.54580e-01
dXdS[8] = 5.41699e-01
dXdS[9] = 1.00000e+00
dXdS[10] = 6.06192e-02
dXdS[11] = -5.02408e-02


Iteration: 233
Index of specified variable before Newton's method: 9
Temperature before Newton's method: 3.77271e+02 K
Pressure before Newton's method: 1.62059e+07 Pa
Interpolation Scheme: Polynomial (Cubic)
Mixed error in Newton's method (should be < 1): 1.60877e-02
Nº of Newton iterations: 1
Delta of specified variable for the next iteration: 1.55228e-03
Next Iteration variable updated index: 9
lnK[0]		lnK[1]		lnK[2]		lnK[3]		lnK[4]		lnK[5]		lnK[6]		lnK[7]		lnK[8]		lnK[9]		lnT(K)		lnP(Pa)		
-1.08491e-02	-4.54904e-04	-1.32046e-02	1.20451e-02	1.42539e-02	1.89013e-02	2.10863e-02	2.76272e-02	4.21161e-02	7.76139e-02	5.93296e+00	1.66009e+01
Sensitivity vector: 
dXdS[0] = -1.41777e-01
dXdS[1] = -7.72579e-03
dXdS[2] = -1.72219e-01
dXdS[3] = 1.53627e-01
dXdS[4] = 1.82074e-01
dXdS[5] = 2.42117e-01
dXdS[6] = 2.70233e-01
dXdS[7] = 3.54634e-01
dXdS[8] = 5.41736e-01
dXdS[9] = 1.00000e+00
dXdS[10] = 6.06259e-02
dXdS[11] = -5.01706e-02


Iteration: 234
Index of specified variable before Newton's method: 9
Temperature before Newton's method: 3.77236e+02 K
Pressure before Newton's method: 1.62071e+07 Pa
Interpolation Scheme: Polynomial (Cubic)
Mixed error in Newton's method (should be < 1): 2.78317e-03
Nº of Newton iterations: 1
Delta of specified variable for the next iteration: 1.52123e-03
Next Iteration variable updated index: 9
lnK[0]		lnK[1]		lnK[2]		lnK[3]		lnK[4]		lnK[5]		lnK[6]		lnK[7]		lnK[8]		lnK[9]		lnT(K)		lnP(Pa)		
-1.06290e-02	-4.42970e-04	-1.29373e-02	1.18065e-02	1.39712e-02	1.85254e-02	2.06667e-02	2.70767e-02	4.12751e-02	7.60616e-02	5.93287e+00	1.66010e+01
Sensitivity vector: 
dXdS[0] = -1.41696e-01
dXdS[1] = -7.65052e-03
dXdS[2] = -1.72135e-01
dXdS[3] = 1.53690e-01
dXdS[4] = 1.82138e-01
dXdS[5] = 2.42174e-01
dXdS[6] = 2.70291e-01
dXdS[7] = 3.54687e-01
dXdS[8] = 5.41772e-01
dXdS[9] = 1.00000e+00
dXdS[10] = 6.06323e-02
dXdS[11] = -5.01018e-02


Iteration: 235
Index of specified variable before Newton's method: 9
Temperature before Newton's method: 3.77201e+02 K
Pressure before Newton's method: 1.62083e+07 Pa
Interpolation Scheme: Polynomial (Cubic)
Mixed error in Newton's method (should be < 1): 6.20385e-03
Nº of Newton iterations: 1
Delta of specified variable for the next iteration: 1.49081e-03
Next Iteration variable updated index: 9
lnK[0]		lnK[1]		lnK[2]		lnK[3]		lnK[4]		lnK[5]		lnK[6]		lnK[7]		lnK[8]		lnK[9]		lnT(K)		lnP(Pa)		
-1.04135e-02	-4.31387e-04	-1.26755e-02	1.15727e-02	1.36941e-02	1.81570e-02	2.02555e-02	2.65371e-02	4.04510e-02	7.45404e-02	5.93278e+00	1.66010e+01
Sensitivity vector: 
dXdS[0] = -1.41617e-01
dXdS[1] = -7.57679e-03
dXdS[2] = -1.72052e-01
dXdS[3] = 1.53752e-01
dXdS[4] = 1.82200e-01
dXdS[5] = 2.42230e-01
dXdS[6] = 2.70348e-01
dXdS[7] = 3.54740e-01
dXdS[8] = 5.41808e-01
dXdS[9] = 1.00000e+00
dXdS[10] = 6.06385e-02
dXdS[11] = -5.00344e-02


Iteration: 236
Index of specified variable before Newton's method: 9
Temperature before Newton's method: 3.77167e+02 K
Pressure before Newton's method: 1.62096e+07 Pa
Interpolation Scheme: Polynomial (Cubic)
Mixed error in Newton's method (should be < 1): 1.66301e-02
Nº of Newton iterations: 1
Delta of specified variable for the next iteration: 1.46099e-03
Next Iteration variable updated index: 9
lnK[0]		lnK[1]		lnK[2]		lnK[3]		lnK[4]		lnK[5]		lnK[6]		lnK[7]		lnK[8]		lnK[9]		lnT(K)		lnP(Pa)		
-1.02025e-02	-4.20146e-04	-1.24191e-02	1.13434e-02	1.34224e-02	1.77958e-02	1.98524e-02	2.60082e-02	3.96432e-02	7.30496e-02	5.93269e+00	1.66011e+01
Sensitivity vector: 
dXdS[0] = -1.41540e-01
dXdS[1] = -7.50458e-03
dXdS[2] = -1.71971e-01
dXdS[3] = 1.53812e-01
dXdS[4] = 1.82261e-01
dXdS[5] = 2.42284e-01
dXdS[6] = 2.70404e-01
dXdS[7] = 3.54791e-01
dXdS[8] = 5.41843e-01
dXdS[9] = 1.00000e+00
dXdS[10] = 6.06447e-02
dXdS[11] = -4.99683e-02


Iteration: 237
Index of specified variable before Newton's method: 9
Temperature before Newton's method: 3.77133e+02 K
Pressure before Newton's method: 1.62107e+07 Pa
Interpolation Scheme: Polynomial (Cubic)
Mixed error in Newton's method (should be < 1): 3.66200e-01
Nº of Newton iterations: 1
Delta of specified variable for the next iteration: 1.43177e-03
Next Iteration variable updated index: 9
lnK[0]		lnK[1]		lnK[2]		lnK[3]		lnK[4]		lnK[5]		lnK[6]		lnK[7]		lnK[8]		lnK[9]		lnT(K)		lnP(Pa)		
-9.99575e-03	-4.09233e-04	-1.21679e-02	1.11187e-02	1.31561e-02	1.74418e-02	1.94574e-02	2.54898e-02	3.88515e-02	7.15886e-02	5.93260e+00	1.66012e+01
Sensitivity vector: 
dXdS[0] = -1.41464e-01
dXdS[1] = -7.43385e-03
dXdS[2] = -1.71892e-01
dXdS[3] = 1.53872e-01
dXdS[4] = 1.82321e-01
dXdS[5] = 2.42338e-01
dXdS[6] = 2.70459e-01
dXdS[7] = 3.54841e-01
dXdS[8] = 5.41877e-01
dXdS[9] = 1.00000e+00
dXdS[10] = 6.06508e-02
dXdS[11] = -4.99036e-02


Iteration: 238
Index of specified variable before Newton's method: 9
Temperature before Newton's method: 3.77101e+02 K
Pressure before Newton's method: 1.62119e+07 Pa
Interpolation Scheme: Polynomial (Cubic)
Mixed error in Newton's method (should be < 1): 3.85117e-02
Nº of Newton iterations: 1
Delta of specified variable for the next iteration: 1.40314e-03
Next Iteration variable updated index: 9
lnK[0]		lnK[1]		lnK[2]		lnK[3]		lnK[4]		lnK[5]		lnK[6]		lnK[7]		lnK[8]		lnK[9]		lnT(K)		lnP(Pa)		
-9.79325e-03	-3.98639e-04	-1.19218e-02	1.08983e-02	1.28950e-02	1.70948e-02	1.90701e-02	2.49817e-02	3.80757e-02	7.01568e-02	5.93251e+00	1.66013e+01
Sensitivity vector: 
dXdS[0] = -1.41390e-01
dXdS[1] = -7.36457e-03
dXdS[2] = -1.71815e-01
dXdS[3] = 1.53930e-01
dXdS[4] = 1.82380e-01
dXdS[5] = 2.42390e-01
dXdS[6] = 2.70513e-01
dXdS[7] = 3.54890e-01
dXdS[8] = 5.41910e-01
dXdS[9] = 1.00000e+00
dXdS[10] = 6.06566e-02
dXdS[11] = -4.98402e-02


Iteration: 239
Index of specified variable before Newton's method: 9
Temperature before Newton's method: 3.77069e+02 K
Pressure before Newton's method: 1.62130e+07 Pa
Interpolation Scheme: Polynomial (Cubic)
Mixed error in Newton's method (should be < 1): 3.06089e-02
Nº of Newton iterations: 1
Delta of specified variable for the next iteration: 1.37507e-03
Next Iteration variable updated index: 9
lnK[0]		lnK[1]		lnK[2]		lnK[3]		lnK[4]		lnK[5]		lnK[6]		lnK[7]		lnK[8]		lnK[9]		lnT(K)		lnP(Pa)		
-9.59492e-03	-3.88353e-04	-1.16808e-02	1.06823e-02	1.26390e-02	1.67547e-02	1.86905e-02	2.44837e-02	3.73153e-02	6.87537e-02	5.93243e+00	1.66013e+01
Sensitivity vector: 
dXdS[0] = -1.41318e-01
dXdS[1] = -7.29671e-03
dXdS[2] = -1.71739e-01
dXdS[3] = 1.53987e-01
dXdS[4] = 1.82437e-01
dXdS[5] = 2.42442e-01
dXdS[6] = 2.70566e-01
dXdS[7] = 3.54938e-01
dXdS[8] = 5.41943e-01
dXdS[9] = 1.00000e+00
dXdS[10] = 6.06625e-02
dXdS[11] = -4.97782e-02


Iteration: 240
Index of specified variable before Newton's method: 9
Temperature before Newton's method: 3.77037e+02 K
Pressure before Newton's method: 1.62141e+07 Pa
Interpolation Scheme: Polynomial (Cubic)
Mixed error in Newton's method (should be < 1): 8.02308e-03
Nº of Newton iterations: 1
Delta of specified variable for the next iteration: 1.34757e-03
Next Iteration variable updated index: 9
lnK[0]		lnK[1]		lnK[2]		lnK[3]		lnK[4]		lnK[5]		lnK[6]		lnK[7]		lnK[8]		lnK[9]		lnT(K)		lnP(Pa)		
-9.40064e-03	-3.78366e-04	-1.14447e-02	1.04705e-02	1.23881e-02	1.64213e-02	1.83184e-02	2.39956e-02	3.65700e-02	6.73786e-02	5.93234e+00	1.66014e+01
Sensitivity vector: 
dXdS[0] = -1.41246e-01
dXdS[1] = -7.23024e-03
dXdS[2] = -1.71664e-01
dXdS[3] = 1.54043e-01
dXdS[4] = 1.82493e-01
dXdS[5] = 2.42492e-01
dXdS[6] = 2.70617e-01
dXdS[7] = 3.54985e-01
dXdS[8] = 5.41975e-01
dXdS[9] = 1.00000e+00
dXdS[10] = 6.06682e-02
dXdS[11] = -4.97173e-02


Iteration: 241
Index of specified variable before Newton's method: 9
Temperature before Newton's method: 3.77006e+02 K
Pressure before Newton's method: 1.62152e+07 Pa
Interpolation Scheme: Polynomial (Cubic)
Mixed error in Newton's method (should be < 1): 1.41486e-02
Nº of Newton iterations: 1
Delta of specified variable for the next iteration: 1.32062e-03
Next Iteration variable updated index: 9
lnK[0]		lnK[1]		lnK[2]		lnK[3]		lnK[4]		lnK[5]		lnK[6]		lnK[7]		lnK[8]		lnK[9]		lnT(K)		lnP(Pa)		
-9.21035e-03	-3.68666e-04	-1.12134e-02	1.02629e-02	1.21422e-02	1.60944e-02	1.79537e-02	2.35172e-02	3.58397e-02	6.60310e-02	5.93226e+00	1.66015e+01
Sensitivity vector: 
dXdS[0] = -1.41177e-01
dXdS[1] = -7.16514e-03
dXdS[2] = -1.71591e-01
dXdS[3] = 1.54097e-01
dXdS[4] = 1.82548e-01
dXdS[5] = 2.42542e-01
dXdS[6] = 2.70668e-01
dXdS[7] = 3.55032e-01
dXdS[8] = 5.42006e-01
dXdS[9] = 1.00000e+00
dXdS[10] = 6.06738e-02
dXdS[11] = -4.96578e-02


Iteration: 242
Index of specified variable before Newton's method: 9
Temperature before Newton's method: 3.76976e+02 K
Pressure before Newton's method: 1.62163e+07 Pa
Interpolation Scheme: Polynomial (Cubic)
Mixed error in Newton's method (should be < 1): 1.29085e-02
Nº of Newton iterations: 1
Delta of specified variable for the next iteration: 1.29421e-03
Next Iteration variable updated index: 9
lnK[0]		lnK[1]		lnK[2]		lnK[3]		lnK[4]		lnK[5]		lnK[6]		lnK[7]		lnK[8]		lnK[9]		lnT(K)		lnP(Pa)		
-9.02395e-03	-3.59246e-04	-1.09868e-02	1.00594e-02	1.19011e-02	1.57741e-02	1.75962e-02	2.30484e-02	3.51239e-02	6.47104e-02	5.93218e+00	1.66015e+01
Sensitivity vector: 
dXdS[0] = -1.41109e-01
dXdS[1] = -7.10137e-03
dXdS[2] = -1.71520e-01
dXdS[3] = 1.54151e-01
dXdS[4] = 1.82602e-01
dXdS[5] = 2.42590e-01
dXdS[6] = 2.70718e-01
dXdS[7] = 3.55077e-01
dXdS[8] = 5.42037e-01
dXdS[9] = 1.00000e+00
dXdS[10] = 6.06792e-02
dXdS[11] = -4.95993e-02


Iteration: 243
Index of specified variable before Newton's method: 9
Temperature before Newton's method: 3.76947e+02 K
Pressure before Newton's method: 1.62173e+07 Pa
Interpolation Scheme: Polynomial (Cubic)
Mixed error in Newton's method (should be < 1): 9.32883e-03
Nº of Newton iterations: 1
Delta of specified variable for the next iteration: 1.26832e-03
Next Iteration variable updated index: 9
lnK[0]		lnK[1]		lnK[2]		lnK[3]		lnK[4]		lnK[5]		lnK[6]		lnK[7]		lnK[8]		lnK[9]		lnT(K)		lnP(Pa)		
-8.84137e-03	-3.50096e-04	-1.07649e-02	9.85983e-03	1.16647e-02	1.54601e-02	1.72458e-02	2.25888e-02	3.44223e-02	6.34162e-02	5.93210e+00	1.66016e+01
Sensitivity vector: 
dXdS[0] = -1.41042e-01
dXdS[1] = -7.03890e-03
dXdS[2] = -1.71450e-01
dXdS[3] = 1.54203e-01
dXdS[4] = 1.82655e-01
dXdS[5] = 2.42637e-01
dXdS[6] = 2.70766e-01
dXdS[7] = 3.55121e-01
dXdS[8] = 5.42067e-01
dXdS[9] = 1.00000e+00
dXdS[10] = 6.06846e-02
dXdS[11] = -4.95422e-02


Iteration: 244
Index of specified variable before Newton's method: 9
Temperature before Newton's method: 3.76918e+02 K
Pressure before Newton's method: 1.62183e+07 Pa
Interpolation Scheme: Polynomial (Cubic)
Mixed error in Newton's method (should be < 1): 1.55649e-02
Nº of Newton iterations: 1
Delta of specified variable for the next iteration: 1.24296e-03
Next Iteration variable updated index: 9
lnK[0]		lnK[1]		lnK[2]		lnK[3]		lnK[4]		lnK[5]		lnK[6]		lnK[7]		lnK[8]		lnK[9]		lnT(K)		lnP(Pa)		
-8.66253e-03	-3.41207e-04	-1.05475e-02	9.66421e-03	1.14330e-02	1.51523e-02	1.69024e-02	2.21383e-02	3.37348e-02	6.21479e-02	5.93203e+00	1.66017e+01
Sensitivity vector: 
dXdS[0] = -1.40976e-01
dXdS[1] = -6.97771e-03
dXdS[2] = -1.71381e-01
dXdS[3] = 1.54255e-01
dXdS[4] = 1.82707e-01
dXdS[5] = 2.42684e-01
dXdS[6] = 2.70814e-01
dXdS[7] = 3.55165e-01
dXdS[8] = 5.42097e-01
dXdS[9] = 1.00000e+00
dXdS[10] = 6.06898e-02
dXdS[11] = -4.94861e-02


Iteration: 245
Index of specified variable before Newton's method: 9
Temperature before Newton's method: 3.76889e+02 K
Pressure before Newton's method: 1.62193e+07 Pa
Interpolation Scheme: Polynomial (Cubic)
Mixed error in Newton's method (should be < 1): 2.70171e-01
Nº of Newton iterations: 1
Delta of specified variable for the next iteration: 1.21810e-03
Next Iteration variable updated index: 9
lnK[0]		lnK[1]		lnK[2]		lnK[3]		lnK[4]		lnK[5]		lnK[6]		lnK[7]		lnK[8]		lnK[9]		lnT(K)		lnP(Pa)		
-8.48734e-03	-3.32571e-04	-1.03345e-02	9.47245e-03	1.12059e-02	1.48507e-02	1.65657e-02	2.16969e-02	3.30610e-02	6.09049e-02	5.93195e+00	1.66017e+01
Sensitivity vector: 
dXdS[0] = -1.40912e-01
dXdS[1] = -6.91778e-03
dXdS[2] = -1.71314e-01
dXdS[3] = 1.54305e-01
dXdS[4] = 1.82757e-01
dXdS[5] = 2.42729e-01
dXdS[6] = 2.70860e-01
dXdS[7] = 3.55207e-01
dXdS[8] = 5.42126e-01
dXdS[9] = 1.00000e+00
dXdS[10] = 6.06951e-02
dXdS[11] = -4.94313e-02


Iteration: 246
Index of specified variable before Newton's method: 9
Temperature before Newton's method: 3.76861e+02 K
Pressure before Newton's method: 1.62203e+07 Pa
Interpolation Scheme: Polynomial (Cubic)
Mixed error in Newton's method (should be < 1): 7.02420e-01
Nº of Newton iterations: 1
Delta of specified variable for the next iteration: 1.19374e-03
Next Iteration variable updated index: 9
lnK[0]		lnK[1]		lnK[2]		lnK[3]		lnK[4]		lnK[5]		lnK[6]		lnK[7]		lnK[8]		lnK[9]		lnT(K)		lnP(Pa)		
-8.31573e-03	-3.24180e-04	-1.01259e-02	9.28446e-03	1.09832e-02	1.45550e-02	1.62358e-02	2.12642e-02	3.24006e-02	5.96868e-02	5.93188e+00	1.66018e+01
Sensitivity vector: 
dXdS[0] = -1.40849e-01
dXdS[1] = -6.85907e-03
dXdS[2] = -1.71248e-01
dXdS[3] = 1.54354e-01
dXdS[4] = 1.82807e-01
dXdS[5] = 2.42774e-01
dXdS[6] = 2.70906e-01
dXdS[7] = 3.55249e-01
dXdS[8] = 5.42154e-01
dXdS[9] = 1.00000e+00
dXdS[10] = 6.06999e-02
dXdS[11] = -4.93773e-02


Iteration: 247
Index of specified variable before Newton's method: 9
Temperature before Newton's method: 3.76834e+02 K
Pressure before Newton's method: 1.62213e+07 Pa
Interpolation Scheme: Polynomial (Cubic)
Mixed error in Newton's method (should be < 1): 5.11865e-01
Nº of Newton iterations: 1
Delta of specified variable for the next iteration: 1.16986e-03
Next Iteration variable updated index: 9
lnK[0]		lnK[1]		lnK[2]		lnK[3]		lnK[4]		lnK[5]		lnK[6]		lnK[7]		lnK[8]		lnK[9]		lnT(K)		lnP(Pa)		
-8.14763e-03	-3.16027e-04	-9.92150e-03	9.10017e-03	1.07650e-02	1.42651e-02	1.59123e-02	2.08401e-02	3.17534e-02	5.84931e-02	5.93180e+00	1.66018e+01
Sensitivity vector: 
dXdS[0] = -1.40788e-01
dXdS[1] = -6.80155e-03
dXdS[2] = -1.71184e-01
dXdS[3] = 1.54403e-01
dXdS[4] = 1.82855e-01
dXdS[5] = 2.42817e-01
dXdS[6] = 2.70950e-01
dXdS[7] = 3.55289e-01
dXdS[8] = 5.42182e-01
dXdS[9] = 1.00000e+00
dXdS[10] = 6.07049e-02
dXdS[11] = -4.93247e-02


Iteration: 248
Index of specified variable before Newton's method: 9
Temperature before Newton's method: 3.76807e+02 K
Pressure before Newton's method: 1.62222e+07 Pa
Interpolation Scheme: Polynomial (Cubic)
Mixed error in Newton's method (should be < 1): 6.30188e-02
Nº of Newton iterations: 1
Delta of specified variable for the next iteration: 1.14646e-03
Next Iteration variable updated index: 9
lnK[0]		lnK[1]		lnK[2]		lnK[3]		lnK[4]		lnK[5]		lnK[6]		lnK[7]		lnK[8]		lnK[9]		lnT(K)		lnP(Pa)		
-7.98297e-03	-3.08103e-04	-9.72127e-03	8.91952e-03	1.05510e-02	1.39811e-02	1.55953e-02	2.04244e-02	3.11191e-02	5.73232e-02	5.93173e+00	1.66019e+01
Sensitivity vector: 
dXdS[0] = -1.40728e-01
dXdS[1] = -6.74522e-03
dXdS[2] = -1.71121e-01
dXdS[3] = 1.54450e-01
dXdS[4] = 1.82903e-01
dXdS[5] = 2.42860e-01
dXdS[6] = 2.70994e-01
dXdS[7] = 3.55329e-01
dXdS[8] = 5.42209e-01
dXdS[9] = 1.00000e+00
dXdS[10] = 6.07097e-02
dXdS[11] = -4.92731e-02


Iteration: 249
Index of specified variable before Newton's method: 9
Temperature before Newton's method: 3.76781e+02 K
Pressure before Newton's method: 1.62231e+07 Pa
Interpolation Scheme: Polynomial (Cubic)
Mixed error in Newton's method (should be < 1): 6.26550e-02
Nº of Newton iterations: 1
Delta of specified variable for the next iteration: 1.12353e-03
Next Iteration variable updated index: 9
lnK[0]		lnK[1]		lnK[2]		lnK[3]		lnK[4]		lnK[5]		lnK[6]		lnK[7]		lnK[8]		lnK[9]		lnT(K)		lnP(Pa)		
-7.82166e-03	-3.00401e-04	-9.52512e-03	8.74242e-03	1.03413e-02	1.37026e-02	1.52846e-02	2.00170e-02	3.04975e-02	5.61767e-02	5.93166e+00	1.66019e+01
Sensitivity vector: 
dXdS[0] = -1.40668e-01
dXdS[1] = -6.69003e-03
dXdS[2] = -1.71059e-01
dXdS[3] = 1.54496e-01
dXdS[4] = 1.82950e-01
dXdS[5] = 2.42902e-01
dXdS[6] = 2.71037e-01
dXdS[7] = 3.55369e-01
dXdS[8] = 5.42236e-01
dXdS[9] = 1.00000e+00
dXdS[10] = 6.07145e-02
dXdS[11] = -4.92225e-02


Iteration: 250
Index of specified variable before Newton's method: 9
Temperature before Newton's method: 3.76755e+02 K
Pressure before Newton's method: 1.62240e+07 Pa
Interpolation Scheme: Polynomial (Cubic)
Mixed error in Newton's method (should be < 1): 1.51878e-01
Nº of Newton iterations: 1
Delta of specified variable for the next iteration: 1.10106e-03
Next Iteration variable updated index: 9
lnK[0]		lnK[1]		lnK[2]		lnK[3]		lnK[4]		lnK[5]		lnK[6]		lnK[7]		lnK[8]		lnK[9]		lnT(K)		lnP(Pa)		
-7.66365e-03	-2.92915e-04	-9.33297e-03	8.56881e-03	1.01357e-02	1.34297e-02	1.49801e-02	1.96177e-02	2.98882e-02	5.50532e-02	5.93160e+00	1.66020e+01
Sensitivity vector: 
dXdS[0] = -1.40611e-01
dXdS[1] = -6.63597e-03
dXdS[2] = -1.70999e-01
dXdS[3] = 1.54542e-01
dXdS[4] = 1.82995e-01
dXdS[5] = 2.42943e-01
dXdS[6] = 2.71079e-01
dXdS[7] = 3.55407e-01
dXdS[8] = 5.42262e-01
dXdS[9] = 1.00000e+00
dXdS[10] = 6.07193e-02
dXdS[11] = -4.91731e-02


Iteration: 251
Index of specified variable before Newton's method: 9
Temperature before Newton's method: 3.76730e+02 K
Pressure before Newton's method: 1.62249e+07 Pa
Interpolation Scheme: Polynomial (Cubic)
Mixed error in Newton's method (should be < 1): 2.43238e-02
Nº of Newton iterations: 1
Delta of specified variable for the next iteration: 1.07904e-03
Next Iteration variable updated index: 9
lnK[0]		lnK[1]		lnK[2]		lnK[3]		lnK[4]		lnK[5]		lnK[6]		lnK[7]		lnK[8]		lnK[9]		lnT(K)		lnP(Pa)		
-7.50886e-03	-2.85638e-04	-9.14472e-03	8.39863e-03	9.93422e-03	1.31622e-02	1.46816e-02	1.92264e-02	2.92912e-02	5.39521e-02	5.93153e+00	1.66021e+01
Sensitivity vector: 
dXdS[0] = -1.40554e-01
dXdS[1] = -6.58301e-03
dXdS[2] = -1.70939e-01
dXdS[3] = 1.54586e-01
dXdS[4] = 1.83040e-01
dXdS[5] = 2.42983e-01
dXdS[6] = 2.71120e-01
dXdS[7] = 3.55445e-01
dXdS[8] = 5.42287e-01
dXdS[9] = 1.00000e+00
dXdS[10] = 6.07237e-02
dXdS[11] = -4.91244e-02


Iteration: 252
Index of specified variable before Newton's method: 9
Temperature before Newton's method: 3.76705e+02 K
Pressure before Newton's method: 1.62258e+07 Pa
Interpolation Scheme: Polynomial (Cubic)
Mixed error in Newton's method (should be < 1): 9.98024e-02
Nº of Newton iterations: 1
Delta of specified variable for the next iteration: 1.05746e-03
Next Iteration variable updated index: 9
lnK[0]		lnK[1]		lnK[2]		lnK[3]		lnK[4]		lnK[5]		lnK[6]		lnK[7]		lnK[8]		lnK[9]		lnT(K)		lnP(Pa)		
-7.35722e-03	-2.78562e-04	-8.96030e-03	8.23180e-03	9.73669e-03	1.28999e-02	1.43890e-02	1.88428e-02	2.87060e-02	5.28731e-02	5.93146e+00	1.66021e+01
Sensitivity vector: 
dXdS[0] = -1.40499e-01
dXdS[1] = -6.53113e-03
dXdS[2] = -1.70881e-01
dXdS[3] = 1.54630e-01
dXdS[4] = 1.83084e-01
dXdS[5] = 2.43022e-01
dXdS[6] = 2.71161e-01
dXdS[7] = 3.55481e-01
dXdS[8] = 5.42312e-01
dXdS[9] = 1.00000e+00
dXdS[10] = 6.07279e-02
dXdS[11] = -4.90767e-02


Iteration: 253
Index of specified variable before Newton's method: 9
Temperature before Newton's method: 3.76681e+02 K
Pressure before Newton's method: 1.62266e+07 Pa
Interpolation Scheme: Polynomial (Cubic)
Mixed error in Newton's method (should be < 1): 5.44474e-02
Nº of Newton iterations: 1
Delta of specified variable for the next iteration: 1.03631e-03
Next Iteration variable updated index: 9
lnK[0]		lnK[1]		lnK[2]		lnK[3]		lnK[4]		lnK[5]		lnK[6]		lnK[7]		lnK[8]		lnK[9]		lnT(K)		lnP(Pa)		
-7.20868e-03	-2.71683e-04	-8.77963e-03	8.06826e-03	9.54306e-03	1.26429e-02	1.41022e-02	1.84669e-02	2.81325e-02	5.18156e-02	5.93140e+00	1.66022e+01
Sensitivity vector: 
dXdS[0] = -1.40444e-01
dXdS[1] = -6.48031e-03
dXdS[2] = -1.70824e-01
dXdS[3] = 1.54672e-01
dXdS[4] = 1.83127e-01
dXdS[5] = 2.43061e-01
dXdS[6] = 2.71200e-01
dXdS[7] = 3.55517e-01
dXdS[8] = 5.42337e-01
dXdS[9] = 1.00000e+00
dXdS[10] = 6.07326e-02
dXdS[11] = -4.90303e-02


Iteration: 254
Index of specified variable before Newton's method: 9
Temperature before Newton's method: 3.76657e+02 K
Pressure before Newton's method: 1.62274e+07 Pa
Interpolation Scheme: Polynomial (Cubic)
Mixed error in Newton's method (should be < 1): 1.45301e-02
Nº of Newton iterations: 1
Delta of specified variable for the next iteration: 1.01559e-03
Next Iteration variable updated index: 9
lnK[0]		lnK[1]		lnK[2]		lnK[3]		lnK[4]		lnK[5]		lnK[6]		lnK[7]		lnK[8]		lnK[9]		lnT(K)		lnP(Pa)		
-7.06317e-03	-2.64993e-04	-8.60263e-03	7.90795e-03	9.35326e-03	1.23910e-02	1.38212e-02	1.80984e-02	2.75705e-02	5.07793e-02	5.93134e+00	1.66022e+01
Sensitivity vector: 
dXdS[0] = -1.40391e-01
dXdS[1] = -6.43053e-03
dXdS[2] = -1.70768e-01
dXdS[3] = 1.54714e-01
dXdS[4] = 1.83169e-01
dXdS[5] = 2.43098e-01
dXdS[6] = 2.71239e-01
dXdS[7] = 3.55553e-01
dXdS[8] = 5.42361e-01
dXdS[9] = 1.00000e+00
dXdS[10] = 6.07368e-02
dXdS[11] = -4.89846e-02


Iteration: 255
Index of specified variable before Newton's method: 9
Temperature before Newton's method: 3.76634e+02 K
Pressure before Newton's method: 1.62282e+07 Pa
Interpolation Scheme: Polynomial (Cubic)
Mixed error in Newton's method (should be < 1): 1.94940e-02
Nº of Newton iterations: 1
Delta of specified variable for the next iteration: 9.95275e-04
Next Iteration variable updated index: 9
lnK[0]		lnK[1]		lnK[2]		lnK[3]		lnK[4]		lnK[5]		lnK[6]		lnK[7]		lnK[8]		lnK[9]		lnT(K)		lnP(Pa)		
-6.92061e-03	-2.58487e-04	-8.42923e-03	7.75080e-03	9.16722e-03	1.21441e-02	1.35457e-02	1.77373e-02	2.70196e-02	4.97637e-02	5.93127e+00	1.66023e+01
Sensitivity vector: 
dXdS[0] = -1.40339e-01
dXdS[1] = -6.38176e-03
dXdS[2] = -1.70714e-01
dXdS[3] = 1.54755e-01
dXdS[4] = 1.83210e-01
dXdS[5] = 2.43135e-01
dXdS[6] = 2.71277e-01
dXdS[7] = 3.55587e-01
dXdS[8] = 5.42385e-01
dXdS[9] = 1.00000e+00
dXdS[10] = 6.07409e-02
dXdS[11] = -4.89397e-02


Iteration: 256
Index of specified variable before Newton's method: 9
Temperature before Newton's method: 3.76611e+02 K
Pressure before Newton's method: 1.62290e+07 Pa
Interpolation Scheme: Polynomial (Cubic)
Mixed error in Newton's method (should be < 1): 2.29837e-02
Nº of Newton iterations: 1
Delta of specified variable for the next iteration: 9.75369e-04
Next Iteration variable updated index: 9
lnK[0]		lnK[1]		lnK[2]		lnK[3]		lnK[4]		lnK[5]		lnK[6]		lnK[7]		lnK[8]		lnK[9]		lnT(K)		lnP(Pa)		
-6.78096e-03	-2.52159e-04	-8.25935e-03	7.59676e-03	8.98485e-03	1.19021e-02	1.32757e-02	1.73834e-02	2.64798e-02	4.87685e-02	5.93121e+00	1.66023e+01
Sensitivity vector: 
dXdS[0] = -1.40288e-01
dXdS[1] = -6.33398e-03
dXdS[2] = -1.70660e-01
dXdS[3] = 1.54795e-01
dXdS[4] = 1.83251e-01
dXdS[5] = 2.43172e-01
dXdS[6] = 2.71314e-01
dXdS[7] = 3.55621e-01
dXdS[8] = 5.42408e-01
dXdS[9] = 1.00000e+00
dXdS[10] = 6.07450e-02
dXdS[11] = -4.88959e-02


Iteration: 257
Index of specified variable before Newton's method: 9
Temperature before Newton's method: 3.76589e+02 K
Pressure before Newton's method: 1.62298e+07 Pa
Interpolation Scheme: Polynomial (Cubic)
Mixed error in Newton's method (should be < 1): 3.27581e-02
Nº of Newton iterations: 1
Delta of specified variable for the next iteration: 9.55862e-04
Next Iteration variable updated index: 9
lnK[0]		lnK[1]		lnK[2]		lnK[3]		lnK[4]		lnK[5]		lnK[6]		lnK[7]		lnK[8]		lnK[9]		lnT(K)		lnP(Pa)		
-6.64415e-03	-2.46004e-04	-8.09292e-03	7.44576e-03	8.80610e-03	1.16649e-02	1.30110e-02	1.70365e-02	2.59507e-02	4.77931e-02	5.93115e+00	1.66024e+01
Sensitivity vector: 
dXdS[0] = -1.40238e-01
dXdS[1] = -6.28717e-03
dXdS[2] = -1.70608e-01
dXdS[3] = 1.54834e-01
dXdS[4] = 1.83290e-01
dXdS[5] = 2.43207e-01
dXdS[6] = 2.71350e-01
dXdS[7] = 3.55655e-01
dXdS[8] = 5.42430e-01
dXdS[9] = 1.00000e+00
dXdS[10] = 6.07490e-02
dXdS[11] = -4.88529e-02


Iteration: 258
Index of specified variable before Newton's method: 9
Temperature before Newton's method: 3.76567e+02 K
Pressure before Newton's method: 1.62306e+07 Pa
Interpolation Scheme: Polynomial (Cubic)
Mixed error in Newton's method (should be < 1): 1.51023e-02
Nº of Newton iterations: 1
Delta of specified variable for the next iteration: 9.36745e-04
Next Iteration variable updated index: 9
lnK[0]		lnK[1]		lnK[2]		lnK[3]		lnK[4]		lnK[5]		lnK[6]		lnK[7]		lnK[8]		lnK[9]		lnT(K)		lnP(Pa)		
-6.51013e-03	-2.40016e-04	-7.92986e-03	7.29774e-03	8.63088e-03	1.14324e-02	1.27516e-02	1.66966e-02	2.54322e-02	4.68372e-02	5.93110e+00	1.66024e+01
Sensitivity vector: 
dXdS[0] = -1.40189e-01
dXdS[1] = -6.24132e-03
dXdS[2] = -1.70557e-01
dXdS[3] = 1.54873e-01
dXdS[4] = 1.83329e-01
dXdS[5] = 2.43242e-01
dXdS[6] = 2.71386e-01
dXdS[7] = 3.55687e-01
dXdS[8] = 5.42452e-01
dXdS[9] = 1.00000e+00
dXdS[10] = 6.07532e-02
dXdS[11] = -4.88110e-02


Iteration: 259
Index of specified variable before Newton's method: 9
Temperature before Newton's method: 3.76546e+02 K
Pressure before Newton's method: 1.62313e+07 Pa
Interpolation Scheme: Polynomial (Cubic)
Mixed error in Newton's method (should be < 1): 2.18529e-02
Nº of Newton iterations: 1
Delta of specified variable for the next iteration: 9.18010e-04
Next Iteration variable updated index: 9
lnK[0]		lnK[1]		lnK[2]		lnK[3]		lnK[4]		lnK[5]		lnK[6]		lnK[7]		lnK[8]		lnK[9]		lnT(K)		lnP(Pa)		
-6.37883e-03	-2.34191e-04	-7.77012e-03	7.15265e-03	8.45913e-03	1.12046e-02	1.24974e-02	1.63633e-02	2.49241e-02	4.59005e-02	5.93104e+00	1.66025e+01
Sensitivity vector: 
dXdS[0] = -1.40141e-01
dXdS[1] = -6.19640e-03
dXdS[2] = -1.70506e-01
dXdS[3] = 1.54911e-01
dXdS[4] = 1.83367e-01
dXdS[5] = 2.43276e-01
dXdS[6] = 2.71421e-01
dXdS[7] = 3.55719e-01
dXdS[8] = 5.42474e-01
dXdS[9] = 1.00000e+00
dXdS[10] = 6.07570e-02
dXdS[11] = -4.87697e-02


Iteration: 260
Index of specified variable before Newton's method: 9
Temperature before Newton's method: 3.76525e+02 K
Pressure before Newton's method: 1.62320e+07 Pa
Interpolation Scheme: Polynomial (Cubic)
Mixed error in Newton's method (should be < 1): 6.64286e-02
Nº of Newton iterations: 1
Delta of specified variable for the next iteration: 8.99650e-04
Next Iteration variable updated index: 9
lnK[0]		lnK[1]		lnK[2]		lnK[3]		lnK[4]		lnK[5]		lnK[6]		lnK[7]		lnK[8]		lnK[9]		lnT(K)		lnP(Pa)		
-6.25020e-03	-2.28523e-04	-7.61362e-03	7.01042e-03	8.29078e-03	1.09812e-02	1.22482e-02	1.60368e-02	2.44261e-02	4.49825e-02	5.93098e+00	1.66025e+01
Sensitivity vector: 
dXdS[0] = -1.40093e-01
dXdS[1] = -6.15239e-03
dXdS[2] = -1.70457e-01
dXdS[3] = 1.54948e-01
dXdS[4] = 1.83404e-01
dXdS[5] = 2.43309e-01
dXdS[6] = 2.71455e-01
dXdS[7] = 3.55750e-01
dXdS[8] = 5.42495e-01
dXdS[9] = 1.00000e+00
dXdS[10] = 6.07611e-02
dXdS[11] = -4.87296e-02


Iteration: 261
Index of specified variable before Newton's method: 9
Temperature before Newton's method: 3.76504e+02 K
Pressure before Newton's method: 1.62327e+07 Pa
Interpolation Scheme: Polynomial (Cubic)
Mixed error in Newton's method (should be < 1): 8.73132e-03
Nº of Newton iterations: 1
Delta of specified variable for the next iteration: 8.81657e-04
Next Iteration variable updated index: 9
lnK[0]		lnK[1]		lnK[2]		lnK[3]		lnK[4]		lnK[5]		lnK[6]		lnK[7]		lnK[8]		lnK[9]		lnT(K)		lnP(Pa)		
-6.12419e-03	-2.23007e-04	-7.46029e-03	6.87100e-03	8.12576e-03	1.07623e-02	1.20040e-02	1.57167e-02	2.39380e-02	4.40828e-02	5.93093e+00	1.66025e+01
Sensitivity vector: 
dXdS[0] = -1.40047e-01
dXdS[1] = -6.10928e-03
dXdS[2] = -1.70409e-01
dXdS[3] = 1.54984e-01
dXdS[4] = 1.83441e-01
dXdS[5] = 2.43342e-01
dXdS[6] = 2.71488e-01
dXdS[7] = 3.55781e-01
dXdS[8] = 5.42516e-01
dXdS[9] = 1.00000e+00
dXdS[10] = 6.07644e-02
dXdS[11] = -4.86896e-02


Iteration: 262
Index of specified variable before Newton's method: 9
Temperature before Newton's method: 3.76484e+02 K
Pressure before Newton's method: 1.62334e+07 Pa
Interpolation Scheme: Polynomial (Cubic)
Mixed error in Newton's method (should be < 1): 2.11541e-02
Nº of Newton iterations: 1
Delta of specified variable for the next iteration: 8.64023e-04
Next Iteration variable updated index: 9
lnK[0]		lnK[1]		lnK[2]		lnK[3]		lnK[4]		lnK[5]		lnK[6]		lnK[7]		lnK[8]		lnK[9]		lnT(K)		lnP(Pa)		
-6.00073e-03	-2.17639e-04	-7.31006e-03	6.73435e-03	7.96401e-03	1.05477e-02	1.17646e-02	1.54030e-02	2.34597e-02	4.32012e-02	5.93088e+00	1.66026e+01
Sensitivity vector: 
dXdS[0] = -1.40002e-01
dXdS[1] = -6.06704e-03
dXdS[2] = -1.70362e-01
dXdS[3] = 1.55019e-01
dXdS[4] = 1.83477e-01
dXdS[5] = 2.43374e-01
dXdS[6] = 2.71521e-01
dXdS[7] = 3.55811e-01
dXdS[8] = 5.42537e-01
dXdS[9] = 1.00000e+00
dXdS[10] = 6.07680e-02
dXdS[11] = -4.86508e-02


Iteration: 263
Index of specified variable before Newton's method: 9
Temperature before Newton's method: 3.76464e+02 K
Pressure before Newton's method: 1.62341e+07 Pa
Interpolation Scheme: Polynomial (Cubic)
Mixed error in Newton's method (should be < 1): 4.88327e-02
Nº of Newton iterations: 1
Delta of specified variable for the next iteration: 8.46743e-04
Next Iteration variable updated index: 9
lnK[0]		lnK[1]		lnK[2]		lnK[3]		lnK[4]		lnK[5]		lnK[6]		lnK[7]		lnK[8]		lnK[9]		lnT(K)		lnP(Pa)		
-5.87979e-03	-2.12415e-04	-7.16289e-03	6.60039e-03	7.80547e-03	1.03375e-02	1.15300e-02	1.50956e-02	2.29909e-02	4.23371e-02	5.93082e+00	1.66026e+01
Sensitivity vector: 
dXdS[0] = -1.39958e-01
dXdS[1] = -6.02566e-03
dXdS[2] = -1.70315e-01
dXdS[3] = 1.55054e-01
dXdS[4] = 1.83512e-01
dXdS[5] = 2.43405e-01
dXdS[6] = 2.71554e-01
dXdS[7] = 3.55840e-01
dXdS[8] = 5.42556e-01
dXdS[9] = 1.00000e+00
dXdS[10] = 6.07712e-02
dXdS[11] = -4.86126e-02


Iteration: 264
Index of specified variable before Newton's method: 9
Temperature before Newton's method: 3.76445e+02 K
Pressure before Newton's method: 1.62348e+07 Pa
Interpolation Scheme: Polynomial (Cubic)
Mixed error in Newton's method (should be < 1): 2.69463e-02
Nº of Newton iterations: 1
Delta of specified variable for the next iteration: 8.29808e-04
Next Iteration variable updated index: 9
lnK[0]		lnK[1]		lnK[2]		lnK[3]		lnK[4]		lnK[5]		lnK[6]		lnK[7]		lnK[8]		lnK[9]		lnT(K)		lnP(Pa)		
-5.76130e-03	-2.07330e-04	-7.01869e-03	6.46909e-03	7.65007e-03	1.01313e-02	1.13001e-02	1.47943e-02	2.25315e-02	4.14904e-02	5.93077e+00	1.66027e+01
Sensitivity vector: 
dXdS[0] = -1.39915e-01
dXdS[1] = -5.98512e-03
dXdS[2] = -1.70270e-01
dXdS[3] = 1.55088e-01
dXdS[4] = 1.83546e-01
dXdS[5] = 2.43436e-01
dXdS[6] = 2.71585e-01
dXdS[7] = 3.55869e-01
dXdS[8] = 5.42576e-01
dXdS[9] = 1.00000e+00
dXdS[10] = 6.07753e-02
dXdS[11] = -4.85758e-02


Iteration: 265
Index of specified variable before Newton's method: 9
Temperature before Newton's method: 3.76426e+02 K
Pressure before Newton's method: 1.62354e+07 Pa
Interpolation Scheme: Polynomial (Cubic)
Mixed error in Newton's method (should be < 1): 2.01593e-02
Nº of Newton iterations: 1
Delta of specified variable for the next iteration: 8.13212e-04
Next Iteration variable updated index: 9
lnK[0]		lnK[1]		lnK[2]		lnK[3]		lnK[4]		lnK[5]		lnK[6]		lnK[7]		lnK[8]		lnK[9]		lnT(K)		lnP(Pa)		
-5.64521e-03	-2.02380e-04	-6.87742e-03	6.34038e-03	7.49775e-03	9.92932e-03	1.10747e-02	1.44990e-02	2.20813e-02	4.06606e-02	5.93072e+00	1.66027e+01
Sensitivity vector: 
dXdS[0] = -1.39872e-01
dXdS[1] = -5.94541e-03
dXdS[2] = -1.70225e-01
dXdS[3] = 1.55121e-01
dXdS[4] = 1.83579e-01
dXdS[5] = 2.43466e-01
dXdS[6] = 2.71616e-01
dXdS[7] = 3.55897e-01
dXdS[8] = 5.42595e-01
dXdS[9] = 1.00000e+00
dXdS[10] = 6.07788e-02
dXdS[11] = -4.85393e-02


Iteration: 266
Index of specified variable before Newton's method: 9
Temperature before Newton's method: 3.76407e+02 K
Pressure before Newton's method: 1.62361e+07 Pa
Interpolation Scheme: Polynomial (Cubic)
Mixed error in Newton's method (should be < 1): 6.65217e-03
Nº of Newton iterations: 1
Delta of specified variable for the next iteration: 7.96948e-04
Next Iteration variable updated index: 9
lnK[0]		lnK[1]		lnK[2]		lnK[3]		lnK[4]		lnK[5]		lnK[6]		lnK[7]		lnK[8]		lnK[9]		lnT(K)		lnP(Pa)		
-5.53149e-03	-1.97561e-04	-6.73901e-03	6.21422e-03	7.34845e-03	9.73132e-03	1.08538e-02	1.42095e-02	2.16400e-02	3.98474e-02	5.93067e+00	1.66027e+01
Sensitivity vector: 
dXdS[0] = -1.39831e-01
dXdS[1] = -5.90650e-03
dXdS[2] = -1.70182e-01
dXdS[3] = 1.55154e-01
dXdS[4] = 1.83612e-01
dXdS[5] = 2.43496e-01
dXdS[6] = 2.71646e-01
dXdS[7] = 3.55925e-01
dXdS[8] = 5.42614e-01
dXdS[9] = 1.00000e+00
dXdS[10] = 6.07818e-02
dXdS[11] = -4.85033e-02


Iteration: 267
Index of specified variable before Newton's method: 9
Temperature before Newton's method: 3.76389e+02 K
Pressure before Newton's method: 1.62367e+07 Pa
Interpolation Scheme: Polynomial (Cubic)
Mixed error in Newton's method (should be < 1): 2.15889e-02
Nº of Newton iterations: 1
Delta of specified variable for the next iteration: 7.81009e-04
Next Iteration variable updated index: 9
lnK[0]		lnK[1]		lnK[2]		lnK[3]		lnK[4]		lnK[5]		lnK[6]		lnK[7]		lnK[8]		lnK[9]		lnT(K)		lnP(Pa)		
-5.42006e-03	-1.92869e-04	-6.60340e-03	6.09056e-03	7.20210e-03	9.53726e-03	1.06373e-02	1.39259e-02	2.12076e-02	3.90504e-02	5.93062e+00	1.66028e+01
Sensitivity vector: 
dXdS[0] = -1.39790e-01
dXdS[1] = -5.86838e-03
dXdS[2] = -1.70139e-01
dXdS[3] = 1.55186e-01
dXdS[4] = 1.83645e-01
dXdS[5] = 2.43524e-01
dXdS[6] = 2.71676e-01
dXdS[7] = 3.55952e-01
dXdS[8] = 5.42632e-01
dXdS[9] = 1.00000e+00
dXdS[10] = 6.07856e-02
dXdS[11] = -4.84687e-02


Iteration: 268
Index of specified variable before Newton's method: 9
Temperature before Newton's method: 3.76371e+02 K
Pressure before Newton's method: 1.62373e+07 Pa
Interpolation Scheme: Polynomial (Cubic)
Mixed error in Newton's method (should be < 1): 5.58642e-02
Nº of Newton iterations: 1
Delta of specified variable for the next iteration: 7.65389e-04
Next Iteration variable updated index: 9
lnK[0]		lnK[1]		lnK[2]		lnK[3]		lnK[4]		lnK[5]		lnK[6]		lnK[7]		lnK[8]		lnK[9]		lnT(K)		lnP(Pa)		
-5.31090e-03	-1.88301e-04	-6.47054e-03	5.96934e-03	7.05866e-03	9.34705e-03	1.04251e-02	1.36478e-02	2.07838e-02	3.82694e-02	5.93058e+00	1.66028e+01
Sensitivity vector: 
dXdS[0] = -1.39750e-01
dXdS[1] = -5.83103e-03
dXdS[2] = -1.70097e-01
dXdS[3] = 1.55217e-01
dXdS[4] = 1.83676e-01
dXdS[5] = 2.43553e-01
dXdS[6] = 2.71705e-01
dXdS[7] = 3.55978e-01
dXdS[8] = 5.42651e-01
dXdS[9] = 1.00000e+00
dXdS[10] = 6.07877e-02
dXdS[11] = -4.84335e-02


Iteration: 269
Index of specified variable before Newton's method: 9
Temperature before Newton's method: 3.76354e+02 K
Pressure before Newton's method: 1.62379e+07 Pa
Interpolation Scheme: Polynomial (Cubic)
Mixed error in Newton's method (should be < 1): 3.30312e-02
Nº of Newton iterations: 1
Delta of specified variable for the next iteration: 7.50081e-04
Next Iteration variable updated index: 9
lnK[0]		lnK[1]		lnK[2]		lnK[3]		lnK[4]		lnK[5]		lnK[6]		lnK[7]		lnK[8]		lnK[9]		lnT(K)		lnP(Pa)		
-5.20395e-03	-1.83852e-04	-6.34036e-03	5.85053e-03	6.91807e-03	9.16063e-03	1.02171e-02	1.33754e-02	2.03684e-02	3.75040e-02	5.93053e+00	1.66029e+01
Sensitivity vector: 
dXdS[0] = -1.39711e-01
dXdS[1] = -5.79444e-03
dXdS[2] = -1.70056e-01
dXdS[3] = 1.55248e-01
dXdS[4] = 1.83707e-01
dXdS[5] = 2.43581e-01
dXdS[6] = 2.71733e-01
dXdS[7] = 3.56004e-01
dXdS[8] = 5.42668e-01
dXdS[9] = 1.00000e+00
dXdS[10] = 6.07922e-02
dXdS[11] = -4.84009e-02


Iteration: 270
Index of specified variable before Newton's method: 9
Temperature before Newton's method: 3.76337e+02 K
Pressure before Newton's method: 1.62385e+07 Pa
Interpolation Scheme: Polynomial (Cubic)
Mixed error in Newton's method (should be < 1): 6.34797e-02
Nº of Newton iterations: 1
Delta of specified variable for the next iteration: 7.35079e-04
Next Iteration variable updated index: 9
lnK[0]		lnK[1]		lnK[2]		lnK[3]		lnK[4]		lnK[5]		lnK[6]		lnK[7]		lnK[8]		lnK[9]		lnT(K)		lnP(Pa)		
-5.09917e-03	-1.79519e-04	-6.21282e-03	5.73407e-03	6.78026e-03	8.97791e-03	1.00133e-02	1.31083e-02	1.99614e-02	3.67540e-02	5.93048e+00	1.66029e+01
Sensitivity vector: 
dXdS[0] = -1.39672e-01
dXdS[1] = -5.75859e-03
dXdS[2] = -1.70016e-01
dXdS[3] = 1.55278e-01
dXdS[4] = 1.83737e-01
dXdS[5] = 2.43608e-01
dXdS[6] = 2.71761e-01
dXdS[7] = 3.56030e-01
dXdS[8] = 5.42685e-01
dXdS[9] = 1.00000e+00
dXdS[10] = 6.07939e-02
dXdS[11] = -4.83669e-02


Iteration: 271
Index of specified variable before Newton's method: 9
Temperature before Newton's method: 3.76320e+02 K
Pressure before Newton's method: 1.62391e+07 Pa
Interpolation Scheme: Polynomial (Cubic)
Mixed error in Newton's method (should be < 1): 2.47315e-02
Nº of Newton iterations: 1
Delta of specified variable for the next iteration: 7.20378e-04
Next Iteration variable updated index: 9
lnK[0]		lnK[1]		lnK[2]		lnK[3]		lnK[4]		lnK[5]		lnK[6]		lnK[7]		lnK[8]		lnK[9]		lnT(K)		lnP(Pa)		
-4.99652e-03	-1.75299e-04	-6.08786e-03	5.61992e-03	6.64519e-03	8.79883e-03	9.81352e-03	1.28466e-02	1.95624e-02	3.60189e-02	5.93044e+00	1.66029e+01
Sensitivity vector: 
dXdS[0] = -1.39635e-01
dXdS[1] = -5.72347e-03
dXdS[2] = -1.69977e-01
dXdS[3] = 1.55308e-01
dXdS[4] = 1.83767e-01
dXdS[5] = 2.43634e-01
dXdS[6] = 2.71788e-01
dXdS[7] = 3.56055e-01
dXdS[8] = 5.42702e-01
dXdS[9] = 1.00000e+00
dXdS[10] = 6.07979e-02
dXdS[11] = -4.83354e-02


Iteration: 272
Index of specified variable before Newton's method: 9
Temperature before Newton's method: 3.76303e+02 K
Pressure before Newton's method: 1.62397e+07 Pa
Interpolation Scheme: Polynomial (Cubic)
Mixed error in Newton's method (should be < 1): 7.70752e-02
Nº of Newton iterations: 1
Delta of specified variable for the next iteration: 7.05970e-04
Next Iteration variable updated index: 9
lnK[0]		lnK[1]		lnK[2]		lnK[3]		lnK[4]		lnK[5]		lnK[6]		lnK[7]		lnK[8]		lnK[9]		lnT(K)		lnP(Pa)		
-4.89594e-03	-1.71188e-04	-5.96543e-03	5.50803e-03	6.51280e-03	8.62331e-03	9.61772e-03	1.25901e-02	1.91715e-02	3.52985e-02	5.93040e+00	1.66030e+01
Sensitivity vector: 
dXdS[0] = -1.39598e-01
dXdS[1] = -5.68906e-03
dXdS[2] = -1.69938e-01
dXdS[3] = 1.55337e-01
dXdS[4] = 1.83796e-01
dXdS[5] = 2.43660e-01
dXdS[6] = 2.71815e-01
dXdS[7] = 3.56079e-01
dXdS[8] = 5.42719e-01
dXdS[9] = 1.00000e+00
dXdS[10] = 6.08019e-02
dXdS[11] = -4.83045e-02


Iteration: 273
Index of specified variable before Newton's method: 9
Temperature before Newton's method: 3.76287e+02 K
Pressure before Newton's method: 1.62402e+07 Pa
Interpolation Scheme: Polynomial (Cubic)
Mixed error in Newton's method (should be < 1): 2.65464e-02
Nº of Newton iterations: 1
Delta of specified variable for the next iteration: 6.91851e-04
Next Iteration variable updated index: 9
lnK[0]		lnK[1]		lnK[2]		lnK[3]		lnK[4]		lnK[5]		lnK[6]		lnK[7]		lnK[8]		lnK[9]		lnT(K)		lnP(Pa)		
-4.79740e-03	-1.67183e-04	-5.84547e-03	5.39835e-03	6.38303e-03	8.45129e-03	9.42581e-03	1.23387e-02	1.87883e-02	3.45925e-02	5.93035e+00	1.66030e+01
Sensitivity vector: 
dXdS[0] = -1.39562e-01
dXdS[1] = -5.65535e-03
dXdS[2] = -1.69901e-01
dXdS[3] = 1.55365e-01
dXdS[4] = 1.83825e-01
dXdS[5] = 2.43686e-01
dXdS[6] = 2.71841e-01
dXdS[7] = 3.56103e-01
dXdS[8] = 5.42735e-01
dXdS[9] = 1.00000e+00
dXdS[10] = 6.08032e-02
dXdS[11] = -4.82723e-02


Iteration: 274
Index of specified variable before Newton's method: 9
Temperature before Newton's method: 3.76271e+02 K
Pressure before Newton's method: 1.62407e+07 Pa
Interpolation Scheme: Polynomial (Cubic)
Mixed error in Newton's method (should be < 1): 2.17509e-02
Nº of Newton iterations: 1
Delta of specified variable for the next iteration: 6.78014e-04
Next Iteration variable updated index: 9
lnK[0]		lnK[1]		lnK[2]		lnK[3]		lnK[4]		lnK[5]		lnK[6]		lnK[7]		lnK[8]		lnK[9]		lnT(K)		lnP(Pa)		
-4.70086e-03	-1.63282e-04	-5.72794e-03	5.29085e-03	6.25584e-03	8.28268e-03	9.23773e-03	1.20923e-02	1.84128e-02	3.39007e-02	5.93031e+00	1.66030e+01
Sensitivity vector: 
dXdS[0] = -1.39527e-01
dXdS[1] = -5.62232e-03
dXdS[2] = -1.69864e-01
dXdS[3] = 1.55393e-01
dXdS[4] = 1.83853e-01
dXdS[5] = 2.43711e-01
dXdS[6] = 2.71867e-01
dXdS[7] = 3.56127e-01
dXdS[8] = 5.42751e-01
dXdS[9] = 1.00000e+00
dXdS[10] = 6.08061e-02
dXdS[11] = -4.82419e-02


Iteration: 275
Index of specified variable before Newton's method: 9
Temperature before Newton's method: 3.76256e+02 K
Pressure before Newton's method: 1.62413e+07 Pa
Interpolation Scheme: Polynomial (Cubic)
Mixed error in Newton's method (should be < 1): 4.53110e-03
Nº of Newton iterations: 1
Delta of specified variable for the next iteration: 6.64453e-04
Next Iteration variable updated index: 9
lnK[0]		lnK[1]		lnK[2]		lnK[3]		lnK[4]		lnK[5]		lnK[6]		lnK[7]		lnK[8]		lnK[9]		lnT(K)		lnP(Pa)		
-4.60627e-03	-1.59481e-04	-5.61278e-03	5.18549e-03	6.13118e-03	8.11744e-03	9.05339e-03	1.18509e-02	1.80448e-02	3.32227e-02	5.93027e+00	1.66031e+01
Sensitivity vector: 
dXdS[0] = -1.39492e-01
dXdS[1] = -5.58995e-03
dXdS[2] = -1.69828e-01
dXdS[3] = 1.55420e-01
dXdS[4] = 1.83880e-01
dXdS[5] = 2.43736e-01
dXdS[6] = 2.71892e-01
dXdS[7] = 3.56150e-01
dXdS[8] = 5.42767e-01
dXdS[9] = 1.00000e+00
dXdS[10] = 6.08093e-02
dXdS[11] = -4.82125e-02


Iteration: 276
Index of specified variable before Newton's method: 9
Temperature before Newton's method: 3.76241e+02 K
Pressure before Newton's method: 1.62418e+07 Pa
Interpolation Scheme: Polynomial (Cubic)
Mixed error in Newton's method (should be < 1): 1.63965e-03
Nº of Newton iterations: 1
Delta of specified variable for the next iteration: 6.51164e-04
Next Iteration variable updated index: 9
lnK[0]		lnK[1]		lnK[2]		lnK[3]		lnK[4]		lnK[5]		lnK[6]		lnK[7]		lnK[8]		lnK[9]		lnT(K)		lnP(Pa)		
-4.51359e-03	-1.55777e-04	-5.49995e-03	5.08221e-03	6.00899e-03	7.95548e-03	8.87272e-03	1.16142e-02	1.76842e-02	3.25582e-02	5.93023e+00	1.66031e+01
Sensitivity vector: 
dXdS[0] = -1.39458e-01
dXdS[1] = -5.55825e-03
dXdS[2] = -1.69792e-01
dXdS[3] = 1.55446e-01
dXdS[4] = 1.83907e-01
dXdS[5] = 2.43760e-01
dXdS[6] = 2.71917e-01
dXdS[7] = 3.56172e-01
dXdS[8] = 5.42782e-01
dXdS[9] = 1.00000e+00
dXdS[10] = 6.08119e-02
dXdS[11] = -4.81832e-02


Iteration: 277
Index of specified variable before Newton's method: 9
Temperature before Newton's method: 3.76226e+02 K
Pressure before Newton's method: 1.62423e+07 Pa
Interpolation Scheme: Polynomial (Cubic)
Mixed error in Newton's method (should be < 1): 2.79656e-02
Nº of Newton iterations: 1
Delta of specified variable for the next iteration: 6.38141e-04
Next Iteration variable updated index: 9
lnK[0]		lnK[1]		lnK[2]		lnK[3]		lnK[4]		lnK[5]		lnK[6]		lnK[7]		lnK[8]		lnK[9]		lnT(K)		lnP(Pa)		
-4.42279e-03	-1.52168e-04	-5.38940e-03	4.98098e-03	5.88923e-03	7.79674e-03	8.69565e-03	1.13823e-02	1.73308e-02	3.19071e-02	5.93019e+00	1.66031e+01
Sensitivity vector: 
dXdS[0] = -1.39425e-01
dXdS[1] = -5.52718e-03
dXdS[2] = -1.69757e-01
dXdS[3] = 1.55473e-01
dXdS[4] = 1.83933e-01
dXdS[5] = 2.43783e-01
dXdS[6] = 2.71941e-01
dXdS[7] = 3.56194e-01
dXdS[8] = 5.42797e-01
dXdS[9] = 1.00000e+00
dXdS[10] = 6.08149e-02
dXdS[11] = -4.81549e-02


Iteration: 278
Index of specified variable before Newton's method: 9
Temperature before Newton's method: 3.76211e+02 K
Pressure before Newton's method: 1.62428e+07 Pa
Interpolation Scheme: Polynomial (Cubic)
Mixed error in Newton's method (should be < 1): 6.61577e-02
Nº of Newton iterations: 1
Delta of specified variable for the next iteration: 6.25378e-04
Next Iteration variable updated index: 9
lnK[0]		lnK[1]		lnK[2]		lnK[3]		lnK[4]		lnK[5]		lnK[6]		lnK[7]		lnK[8]		lnK[9]		lnT(K)		lnP(Pa)		
-4.33383e-03	-1.48651e-04	-5.28108e-03	4.88176e-03	5.77184e-03	7.64117e-03	8.52211e-03	1.11550e-02	1.69844e-02	3.12689e-02	5.93015e+00	1.66032e+01
Sensitivity vector: 
dXdS[0] = -1.39393e-01
dXdS[1] = -5.49675e-03
dXdS[2] = -1.69723e-01
dXdS[3] = 1.55498e-01
dXdS[4] = 1.83959e-01
dXdS[5] = 2.43806e-01
dXdS[6] = 2.71965e-01
dXdS[7] = 3.56216e-01
dXdS[8] = 5.42812e-01
dXdS[9] = 1.00000e+00
dXdS[10] = 6.08186e-02
dXdS[11] = -4.81277e-02


Iteration: 279
Index of specified variable before Newton's method: 9
Temperature before Newton's method: 3.76197e+02 K
Pressure before Newton's method: 1.62433e+07 Pa
Interpolation Scheme: Polynomial (Cubic)
Mixed error in Newton's method (should be < 1): 1.64918e-02
Nº of Newton iterations: 1
Delta of specified variable for the next iteration: 6.12871e-04
Next Iteration variable updated index: 9
lnK[0]		lnK[1]		lnK[2]		lnK[3]		lnK[4]		lnK[5]		lnK[6]		lnK[7]		lnK[8]		lnK[9]		lnT(K)		lnP(Pa)		
-4.24667e-03	-1.45223e-04	-5.17495e-03	4.78450e-03	5.65679e-03	7.48869e-03	8.35202e-03	1.09322e-02	1.66449e-02	3.06435e-02	5.93011e+00	1.66032e+01
Sensitivity vector: 
dXdS[0] = -1.39361e-01
dXdS[1] = -5.46692e-03
dXdS[2] = -1.69690e-01
dXdS[3] = 1.55523e-01
dXdS[4] = 1.83984e-01
dXdS[5] = 2.43829e-01
dXdS[6] = 2.71988e-01
dXdS[7] = 3.56237e-01
dXdS[8] = 5.42826e-01
dXdS[9] = 1.00000e+00
dXdS[10] = 6.08193e-02
dXdS[11] = -4.80988e-02


Iteration: 280
Index of specified variable before Newton's method: 9
Temperature before Newton's method: 3.76183e+02 K
Pressure before Newton's method: 1.62438e+07 Pa
Interpolation Scheme: Polynomial (Cubic)
Mixed error in Newton's method (should be < 1): 1.60683e-02
Nº of Newton iterations: 1
Delta of specified variable for the next iteration: 6.00613e-04
Next Iteration variable updated index: 9
lnK[0]		lnK[1]		lnK[2]		lnK[3]		lnK[4]		lnK[5]		lnK[6]		lnK[7]		lnK[8]		lnK[9]		lnT(K)		lnP(Pa)		
-4.16127e-03	-1.41881e-04	-5.07096e-03	4.68918e-03	5.54403e-03	7.33925e-03	8.18532e-03	1.07139e-02	1.63122e-02	3.00307e-02	5.93008e+00	1.66032e+01
Sensitivity vector: 
dXdS[0] = -1.39329e-01
dXdS[1] = -5.43771e-03
dXdS[2] = -1.69657e-01
dXdS[3] = 1.55548e-01
dXdS[4] = 1.84009e-01
dXdS[5] = 2.43851e-01
dXdS[6] = 2.72011e-01
dXdS[7] = 3.56258e-01
dXdS[8] = 5.42841e-01
dXdS[9] = 1.00000e+00
dXdS[10] = 6.08221e-02
dXdS[11] = -4.80722e-02


Iteration: 281
Index of specified variable before Newton's method: 9
Temperature before Newton's method: 3.76169e+02 K
Pressure before Newton's method: 1.62442e+07 Pa
Interpolation Scheme: Polynomial (Cubic)
Mixed error in Newton's method (should be < 1): 7.35552e-02
Nº of Newton iterations: 1
Delta of specified variable for the next iteration: 5.88601e-04
Next Iteration variable updated index: 9
lnK[0]		lnK[1]		lnK[2]		lnK[3]		lnK[4]		lnK[5]		lnK[6]		lnK[7]		lnK[8]		lnK[9]		lnT(K)		lnP(Pa)		
-4.07759e-03	-1.38624e-04	-4.96907e-03	4.59575e-03	5.43350e-03	7.19278e-03	8.02194e-03	1.04999e-02	1.59862e-02	2.94300e-02	5.93004e+00	1.66032e+01
Sensitivity vector: 
dXdS[0] = -1.39299e-01
dXdS[1] = -5.40908e-03
dXdS[2] = -1.69625e-01
dXdS[3] = 1.55572e-01
dXdS[4] = 1.84033e-01
dXdS[5] = 2.43873e-01
dXdS[6] = 2.72033e-01
dXdS[7] = 3.56278e-01
dXdS[8] = 5.42854e-01
dXdS[9] = 1.00000e+00
dXdS[10] = 6.08230e-02
dXdS[11] = -4.80446e-02


